
bin\Debug\projectAGV.elf:     file format elf32-avr

Sections:
Idx Name          Size      VMA       LMA       File off  Algn
  0 .data         0000002c  00800200  0000314e  00003202  2**0
                  CONTENTS, ALLOC, LOAD, DATA
  1 .text         0000314e  00000000  00000000  000000b4  2**1
                  CONTENTS, ALLOC, LOAD, READONLY, CODE
  2 .bss          0000007a  0080022c  0080022c  0000322e  2**0
                  ALLOC
  3 .fuse         00000003  00820000  00820000  0000322e  2**0
                  CONTENTS, ALLOC, LOAD, DATA
  4 .comment      00000012  00000000  00000000  00003231  2**0
                  CONTENTS, READONLY
  5 .note.gnu.avr.deviceinfo 00000040  00000000  00000000  00003244  2**2
                  CONTENTS, READONLY, OCTETS
  6 .debug_aranges 00000218  00000000  00000000  00003288  2**3
                  CONTENTS, READONLY, DEBUGGING, OCTETS
  7 .debug_info   000030ac  00000000  00000000  000034a0  2**0
                  CONTENTS, READONLY, DEBUGGING, OCTETS
  8 .debug_abbrev 000018a7  00000000  00000000  0000654c  2**0
                  CONTENTS, READONLY, DEBUGGING, OCTETS
  9 .debug_line   0000318e  00000000  00000000  00007df3  2**0
                  CONTENTS, READONLY, DEBUGGING, OCTETS
 10 .debug_frame  00000644  00000000  00000000  0000af84  2**2
                  CONTENTS, READONLY, DEBUGGING, OCTETS
 11 .debug_str    00000caa  00000000  00000000  0000b5c8  2**0
                  CONTENTS, READONLY, DEBUGGING, OCTETS
 12 .debug_line_str 0000023c  00000000  00000000  0000c272  2**0
                  CONTENTS, READONLY, DEBUGGING, OCTETS
 13 .debug_loclists 0000096d  00000000  00000000  0000c4ae  2**0
                  CONTENTS, READONLY, DEBUGGING, OCTETS
 14 .debug_rnglists 0000008f  00000000  00000000  0000ce1b  2**0
                  CONTENTS, READONLY, DEBUGGING, OCTETS

Disassembly of section .text:

00000000 <__vectors>:
       0:	0c 94 80 00 	jmp	0x100	; 0x100 <__ctors_end>
       4:	0c 94 a1 00 	jmp	0x142	; 0x142 <__bad_interrupt>
       8:	0c 94 a1 00 	jmp	0x142	; 0x142 <__bad_interrupt>
       c:	0c 94 84 12 	jmp	0x2508	; 0x2508 <__vector_3>
      10:	0c 94 a1 00 	jmp	0x142	; 0x142 <__bad_interrupt>
      14:	0c 94 a1 00 	jmp	0x142	; 0x142 <__bad_interrupt>
      18:	0c 94 a1 00 	jmp	0x142	; 0x142 <__bad_interrupt>
      1c:	0c 94 a1 00 	jmp	0x142	; 0x142 <__bad_interrupt>
      20:	0c 94 a1 00 	jmp	0x142	; 0x142 <__bad_interrupt>
      24:	0c 94 a1 00 	jmp	0x142	; 0x142 <__bad_interrupt>
      28:	0c 94 a1 00 	jmp	0x142	; 0x142 <__bad_interrupt>
      2c:	0c 94 a1 00 	jmp	0x142	; 0x142 <__bad_interrupt>
      30:	0c 94 a1 00 	jmp	0x142	; 0x142 <__bad_interrupt>
      34:	0c 94 a1 00 	jmp	0x142	; 0x142 <__bad_interrupt>
      38:	0c 94 a1 00 	jmp	0x142	; 0x142 <__bad_interrupt>
      3c:	0c 94 a1 00 	jmp	0x142	; 0x142 <__bad_interrupt>
      40:	0c 94 a1 00 	jmp	0x142	; 0x142 <__bad_interrupt>
      44:	0c 94 a1 00 	jmp	0x142	; 0x142 <__bad_interrupt>
      48:	0c 94 a1 00 	jmp	0x142	; 0x142 <__bad_interrupt>
      4c:	0c 94 a1 00 	jmp	0x142	; 0x142 <__bad_interrupt>
      50:	0c 94 a1 00 	jmp	0x142	; 0x142 <__bad_interrupt>
      54:	0c 94 a3 00 	jmp	0x146	; 0x146 <__vector_21>
      58:	0c 94 a1 00 	jmp	0x142	; 0x142 <__bad_interrupt>
      5c:	0c 94 a1 00 	jmp	0x142	; 0x142 <__bad_interrupt>
      60:	0c 94 a1 00 	jmp	0x142	; 0x142 <__bad_interrupt>
      64:	0c 94 0c 01 	jmp	0x218	; 0x218 <__vector_25>
      68:	0c 94 a1 00 	jmp	0x142	; 0x142 <__bad_interrupt>
      6c:	0c 94 a1 00 	jmp	0x142	; 0x142 <__bad_interrupt>
      70:	0c 94 a1 00 	jmp	0x142	; 0x142 <__bad_interrupt>
      74:	0c 94 a1 00 	jmp	0x142	; 0x142 <__bad_interrupt>
      78:	0c 94 a1 00 	jmp	0x142	; 0x142 <__bad_interrupt>
      7c:	0c 94 a1 00 	jmp	0x142	; 0x142 <__bad_interrupt>
      80:	0c 94 a1 00 	jmp	0x142	; 0x142 <__bad_interrupt>
      84:	0c 94 a1 00 	jmp	0x142	; 0x142 <__bad_interrupt>
      88:	0c 94 a1 00 	jmp	0x142	; 0x142 <__bad_interrupt>
      8c:	0c 94 a1 00 	jmp	0x142	; 0x142 <__bad_interrupt>
      90:	0c 94 a1 00 	jmp	0x142	; 0x142 <__bad_interrupt>
      94:	0c 94 a1 00 	jmp	0x142	; 0x142 <__bad_interrupt>
      98:	0c 94 a1 00 	jmp	0x142	; 0x142 <__bad_interrupt>
      9c:	0c 94 a1 00 	jmp	0x142	; 0x142 <__bad_interrupt>
      a0:	0c 94 a1 00 	jmp	0x142	; 0x142 <__bad_interrupt>
      a4:	0c 94 87 14 	jmp	0x290e	; 0x290e <__vector_41>
      a8:	0c 94 a1 00 	jmp	0x142	; 0x142 <__bad_interrupt>
      ac:	0c 94 a1 00 	jmp	0x142	; 0x142 <__bad_interrupt>
      b0:	0c 94 a1 00 	jmp	0x142	; 0x142 <__bad_interrupt>
      b4:	0c 94 a1 00 	jmp	0x142	; 0x142 <__bad_interrupt>
      b8:	0c 94 76 14 	jmp	0x28ec	; 0x28ec <__vector_46>
      bc:	0c 94 a1 00 	jmp	0x142	; 0x142 <__bad_interrupt>
      c0:	0c 94 a1 00 	jmp	0x142	; 0x142 <__bad_interrupt>
      c4:	0c 94 a1 00 	jmp	0x142	; 0x142 <__bad_interrupt>
      c8:	0c 94 a1 00 	jmp	0x142	; 0x142 <__bad_interrupt>
      cc:	0c 94 a1 00 	jmp	0x142	; 0x142 <__bad_interrupt>
      d0:	0c 94 a1 00 	jmp	0x142	; 0x142 <__bad_interrupt>
      d4:	0c 94 a1 00 	jmp	0x142	; 0x142 <__bad_interrupt>
      d8:	0c 94 a1 00 	jmp	0x142	; 0x142 <__bad_interrupt>
      dc:	0c 94 a1 00 	jmp	0x142	; 0x142 <__bad_interrupt>
      e0:	0c 94 a1 00 	jmp	0x142	; 0x142 <__bad_interrupt>

000000e4 <__trampolines_start>:
      e4:	0c 94 e6 08 	jmp	0x11cc	; 0x11cc <.L9>
      e8:	0c 94 9a 06 	jmp	0xd34	; 0xd34 <.L6>
      ec:	0c 94 e2 07 	jmp	0xfc4	; 0xfc4 <.L12>
      f0:	0c 94 4f 0a 	jmp	0x149e	; 0x149e <.L7>
      f4:	0c 94 3c 08 	jmp	0x1078	; 0x1078 <.L10>
      f8:	0c 94 c7 07 	jmp	0xf8e	; 0xf8e <.L13>
      fc:	0c 94 91 06 	jmp	0xd22	; 0xd22 <.L11>

00000100 <__ctors_end>:
     100:	11 24       	eor	r1, r1
     102:	1f be       	out	0x3f, r1	; 63
     104:	cf ef       	ldi	r28, 0xFF	; 255
     106:	d1 e2       	ldi	r29, 0x21	; 33
     108:	de bf       	out	0x3e, r29	; 62
     10a:	cd bf       	out	0x3d, r28	; 61
     10c:	00 e0       	ldi	r16, 0x00	; 0
     10e:	0c bf       	out	0x3c, r16	; 60

00000110 <__do_copy_data>:
     110:	12 e0       	ldi	r17, 0x02	; 2

00000112 <.Loc.1>:
     112:	a0 e0       	ldi	r26, 0x00	; 0

00000114 <.Loc.2>:
     114:	b2 e0       	ldi	r27, 0x02	; 2

00000116 <.Loc.3>:
     116:	ee e4       	ldi	r30, 0x4E	; 78

00000118 <.Loc.4>:
     118:	f1 e3       	ldi	r31, 0x31	; 49

0000011a <.Loc.5>:
     11a:	00 e0       	ldi	r16, 0x00	; 0

0000011c <.Loc.6>:
     11c:	0b bf       	out	0x3b, r16	; 59

0000011e <.Loc.7>:
     11e:	02 c0       	rjmp	.+4      	; 0x124 <.L__do_copy_data_start>

00000120 <.L__do_copy_data_loop>:
     120:	07 90       	elpm	r0, Z+

00000122 <.Loc.9>:
     122:	0d 92       	st	X+, r0

00000124 <.L__do_copy_data_start>:
     124:	ac 32       	cpi	r26, 0x2C	; 44

00000126 <.Loc.11>:
     126:	b1 07       	cpc	r27, r17

00000128 <.Loc.12>:
     128:	d9 f7       	brne	.-10     	; 0x120 <.L__do_copy_data_loop>

0000012a <__do_clear_bss>:
     12a:	22 e0       	ldi	r18, 0x02	; 2

0000012c <.Loc.1>:
     12c:	ac e2       	ldi	r26, 0x2C	; 44

0000012e <.Loc.2>:
     12e:	b2 e0       	ldi	r27, 0x02	; 2

00000130 <.Loc.3>:
     130:	01 c0       	rjmp	.+2      	; 0x134 <.Loc.5>

00000132 <.Loc.4>:
     132:	1d 92       	st	X+, r1

00000134 <.Loc.5>:
     134:	a6 3a       	cpi	r26, 0xA6	; 166

00000136 <.Loc.6>:
     136:	b2 07       	cpc	r27, r18

00000138 <.Loc.7>:
     138:	e1 f7       	brne	.-8      	; 0x132 <.Loc.4>

0000013a <L0^A>:
     13a:	0e 94 4e 06 	call	0xc9c	; 0xc9c <main>
     13e:	0c 94 9e 18 	jmp	0x313c	; 0x313c <_exit>

00000142 <__bad_interrupt>:
     142:	0c 94 00 00 	jmp	0	; 0x0 <__vectors>

00000146 <__vector_21>:
#define FREQUENCY 1000
#define OVF 250

volatile float time = 0;

ISR(TIMER0_COMPA_vect){
     146:	1f 92       	push	r1
     148:	0f 92       	push	r0
     14a:	0f b6       	in	r0, 0x3f	; 63
     14c:	0f 92       	push	r0
     14e:	11 24       	eor	r1, r1
     150:	0b b6       	in	r0, 0x3b	; 59
     152:	0f 92       	push	r0
     154:	2f 93       	push	r18
     156:	3f 93       	push	r19
     158:	4f 93       	push	r20
     15a:	5f 93       	push	r21
     15c:	6f 93       	push	r22
     15e:	7f 93       	push	r23
     160:	8f 93       	push	r24
     162:	9f 93       	push	r25
     164:	af 93       	push	r26
     166:	bf 93       	push	r27
     168:	ef 93       	push	r30
     16a:	ff 93       	push	r31
     16c:	cf 93       	push	r28
     16e:	df 93       	push	r29
     170:	00 d0       	rcall	.+0      	; 0x172 <L0^A>

00000172 <L0^A>:
     172:	0f 92       	push	r0
     174:	cd b7       	in	r28, 0x3d	; 61
     176:	de b7       	in	r29, 0x3e	; 62

00000178 <.Loc.1>:
    time+=1.0/FREQUENCY;
     178:	80 91 2c 02 	lds	r24, 0x022C	; 0x80022c <time>
     17c:	90 91 2d 02 	lds	r25, 0x022D	; 0x80022d <time+0x1>
     180:	a0 91 2e 02 	lds	r26, 0x022E	; 0x80022e <time+0x2>
     184:	b0 91 2f 02 	lds	r27, 0x022F	; 0x80022f <time+0x3>
     188:	89 83       	std	Y+1, r24	; 0x01
     18a:	9a 83       	std	Y+2, r25	; 0x02
     18c:	ab 83       	std	Y+3, r26	; 0x03
     18e:	bc 83       	std	Y+4, r27	; 0x04
     190:	2f e6       	ldi	r18, 0x6F	; 111
     192:	32 e1       	ldi	r19, 0x12	; 18
     194:	43 e8       	ldi	r20, 0x83	; 131
     196:	5a e3       	ldi	r21, 0x3A	; 58
     198:	bc 01       	movw	r22, r24
     19a:	cd 01       	movw	r24, r26
     19c:	0e 94 61 16 	call	0x2cc2	; 0x2cc2 <__addsf3>

000001a0 <.LVL0>:
     1a0:	46 2f       	mov	r20, r22
     1a2:	57 2f       	mov	r21, r23
     1a4:	68 2f       	mov	r22, r24
     1a6:	79 2f       	mov	r23, r25
     1a8:	40 93 2c 02 	sts	0x022C, r20	; 0x80022c <time>
     1ac:	50 93 2d 02 	sts	0x022D, r21	; 0x80022d <time+0x1>
     1b0:	60 93 2e 02 	sts	0x022E, r22	; 0x80022e <time+0x2>
     1b4:	70 93 2f 02 	sts	0x022F, r23	; 0x80022f <time+0x3>

000001b8 <.Loc.3>:
}
     1b8:	0f 90       	pop	r0
     1ba:	0f 90       	pop	r0
     1bc:	0f 90       	pop	r0
     1be:	0f 90       	pop	r0
     1c0:	df 91       	pop	r29
     1c2:	cf 91       	pop	r28
     1c4:	ff 91       	pop	r31
     1c6:	ef 91       	pop	r30
     1c8:	bf 91       	pop	r27
     1ca:	af 91       	pop	r26
     1cc:	9f 91       	pop	r25
     1ce:	8f 91       	pop	r24
     1d0:	7f 91       	pop	r23
     1d2:	6f 91       	pop	r22
     1d4:	5f 91       	pop	r21
     1d6:	4f 91       	pop	r20
     1d8:	3f 91       	pop	r19
     1da:	2f 91       	pop	r18
     1dc:	0f 90       	pop	r0
     1de:	0b be       	out	0x3b, r0	; 59
     1e0:	0f 90       	pop	r0
     1e2:	0f be       	out	0x3f, r0	; 63
     1e4:	0f 90       	pop	r0
     1e6:	1f 90       	pop	r1
     1e8:	18 95       	reti

000001ea <initClock>:


void initClock(){
    time = 0;
     1ea:	10 92 2c 02 	sts	0x022C, r1	; 0x80022c <time>
     1ee:	10 92 2d 02 	sts	0x022D, r1	; 0x80022d <time+0x1>
     1f2:	10 92 2e 02 	sts	0x022E, r1	; 0x80022e <time+0x2>
     1f6:	10 92 2f 02 	sts	0x022F, r1	; 0x80022f <time+0x3>

000001fa <.Loc.7>:

    //OVF
    OCR0A = OVF;
     1fa:	8a ef       	ldi	r24, 0xFA	; 250
     1fc:	87 bd       	out	0x27, r24	; 39

000001fe <.Loc.9>:

    //prescalar 1
    TCCR0B |= (1<<CS00)|(1<<CS01);
     1fe:	85 b5       	in	r24, 0x25	; 37

00000200 <.Loc.10>:
     200:	83 60       	ori	r24, 0x03	; 3
     202:	85 bd       	out	0x25, r24	; 37

00000204 <.Loc.11>:

    //WGM CTC mode
    TCCR0A |= 1<<WGM01;
     204:	84 b5       	in	r24, 0x24	; 36

00000206 <.Loc.12>:
     206:	82 60       	ori	r24, 0x02	; 2
     208:	84 bd       	out	0x24, r24	; 36

0000020a <.Loc.13>:

    //OVF interrupt
    TIMSK0 |= 1<<OCIE0A;
     20a:	ee e6       	ldi	r30, 0x6E	; 110
     20c:	f0 e0       	ldi	r31, 0x00	; 0
     20e:	80 81       	ld	r24, Z

00000210 <.Loc.14>:
     210:	82 60       	ori	r24, 0x02	; 2
     212:	80 83       	st	Z, r24

00000214 <.Loc.15>:

    sei();
     214:	78 94       	sei

00000216 <.Loc.16>:
}
     216:	08 95       	ret

00000218 <__vector_25>:

volatile int com_RXError = 0;
volatile int newCommand = 0;
volatile t_command com_command = {0, 0, 0, 0};
static volatile char rxBuffer[4] = {0,0,0,0};
ISR(USART0_RX_vect){//data recieved
     218:	0f 92       	push	r0
     21a:	0f b6       	in	r0, 0x3f	; 63
     21c:	0f 92       	push	r0
     21e:	1f 92       	push	r1
     220:	11 24       	eor	r1, r1
     222:	2f 93       	push	r18
     224:	2b b7       	in	r18, 0x3b	; 59
     226:	2f 93       	push	r18
     228:	8f 93       	push	r24
     22a:	9f 93       	push	r25
     22c:	af 93       	push	r26
     22e:	bf 93       	push	r27
     230:	ef 93       	push	r30
     232:	ff 93       	push	r31
     234:	cf 93       	push	r28
     236:	df 93       	push	r29
     238:	0f 92       	push	r0
     23a:	cd b7       	in	r28, 0x3d	; 61
     23c:	de b7       	in	r29, 0x3e	; 62

0000023e <.Loc.1>:
    static int bufferCount = 0;
    if(UCSR0A&((1<<FE0)|(1<<DOR0)|(1<<UPE0))){
     23e:	80 91 c0 00 	lds	r24, 0x00C0	; 0x8000c0 <__TEXT_REGION_LENGTH__+0x7000c0>

00000242 <.Loc.4>:
     242:	8c 71       	andi	r24, 0x1C	; 28
     244:	88 23       	and	r24, r24
     246:	31 f0       	breq	.+12     	; 0x254 <.L2>

00000248 <.Loc.5>:
        com_RXError = 1;
     248:	81 e0       	ldi	r24, 0x01	; 1
     24a:	90 e0       	ldi	r25, 0x00	; 0
     24c:	90 93 38 02 	sts	0x0238, r25	; 0x800238 <com_RXError+0x1>
     250:	80 93 37 02 	sts	0x0237, r24	; 0x800237 <com_RXError>

00000254 <.L2>:

        //room for custom rx error handling
    }

    volatile char recievedData = UDR0;
     254:	80 91 c6 00 	lds	r24, 0x00C6	; 0x8000c6 <__TEXT_REGION_LENGTH__+0x7000c6>

00000258 <.Loc.9>:
     258:	89 83       	std	Y+1, r24	; 0x01

0000025a <.Loc.10>:

    rxBuffer[bufferCount] = recievedData;
     25a:	80 91 39 02 	lds	r24, 0x0239	; 0x800239 <bufferCount.0>
     25e:	90 91 3a 02 	lds	r25, 0x023A	; 0x80023a <bufferCount.0+0x1>

00000262 <.Loc.12>:
     262:	29 81       	ldd	r18, Y+1	; 0x01
     264:	fc 01       	movw	r30, r24
     266:	e5 5c       	subi	r30, 0xC5	; 197
     268:	fd 4f       	sbci	r31, 0xFD	; 253
     26a:	20 83       	st	Z, r18

0000026c <.Loc.13>:

    bufferCount++;
     26c:	01 96       	adiw	r24, 0x01	; 1

0000026e <.Loc.15>:
    if(bufferCount>=4){
     26e:	84 30       	cpi	r24, 0x04	; 4
     270:	91 05       	cpc	r25, r1
     272:	2c f4       	brge	.+10     	; 0x27e <.L3>

00000274 <.Loc.17>:
    bufferCount++;
     274:	90 93 3a 02 	sts	0x023A, r25	; 0x80023a <bufferCount.0+0x1>
     278:	80 93 39 02 	sts	0x0239, r24	; 0x800239 <bufferCount.0>
     27c:	1f c0       	rjmp	.+62     	; 0x2bc <.L1>

0000027e <.L3>:
        bufferCount = 0;
     27e:	10 92 3a 02 	sts	0x023A, r1	; 0x80023a <bufferCount.0+0x1>
     282:	10 92 39 02 	sts	0x0239, r1	; 0x800239 <bufferCount.0>

00000286 <.Loc.20>:

        com_command.command = rxBuffer[0];
     286:	ab e3       	ldi	r26, 0x3B	; 59
     288:	b2 e0       	ldi	r27, 0x02	; 2
     28a:	8c 91       	ld	r24, X
     28c:	08 2e       	mov	r0, r24
     28e:	00 0c       	add	r0, r0
     290:	99 0b       	sbc	r25, r25

00000292 <.Loc.22>:
     292:	e0 e3       	ldi	r30, 0x30	; 48
     294:	f2 e0       	ldi	r31, 0x02	; 2
     296:	91 83       	std	Z+1, r25	; 0x01
     298:	80 83       	st	Z, r24

0000029a <.Loc.23>:
        com_command.arg = rxBuffer[1];
     29a:	11 96       	adiw	r26, 0x01	; 1
     29c:	8c 91       	ld	r24, X
     29e:	11 97       	sbiw	r26, 0x01	; 1

000002a0 <.Loc.25>:
     2a0:	82 83       	std	Z+2, r24	; 0x02

000002a2 <.Loc.26>:
        com_command.speed = rxBuffer[2];
     2a2:	12 96       	adiw	r26, 0x02	; 2
     2a4:	8c 91       	ld	r24, X
     2a6:	12 97       	sbiw	r26, 0x02	; 2

000002a8 <.Loc.28>:
     2a8:	83 83       	std	Z+3, r24	; 0x03

000002aa <.Loc.29>:
        com_command.acceleration = rxBuffer[3];
     2aa:	13 96       	adiw	r26, 0x03	; 3
     2ac:	8c 91       	ld	r24, X

000002ae <.Loc.31>:
     2ae:	84 83       	std	Z+4, r24	; 0x04

000002b0 <.Loc.32>:

        newCommand = 1;
     2b0:	81 e0       	ldi	r24, 0x01	; 1
     2b2:	90 e0       	ldi	r25, 0x00	; 0
     2b4:	90 93 36 02 	sts	0x0236, r25	; 0x800236 <newCommand+0x1>
     2b8:	80 93 35 02 	sts	0x0235, r24	; 0x800235 <newCommand>

000002bc <.L1>:

        //room for custom execution when command is fully recieved
    }
}
     2bc:	0f 90       	pop	r0
     2be:	df 91       	pop	r29
     2c0:	cf 91       	pop	r28
     2c2:	ff 91       	pop	r31
     2c4:	ef 91       	pop	r30
     2c6:	bf 91       	pop	r27
     2c8:	af 91       	pop	r26
     2ca:	9f 91       	pop	r25
     2cc:	8f 91       	pop	r24
     2ce:	2f 91       	pop	r18
     2d0:	2b bf       	out	0x3b, r18	; 59
     2d2:	2f 91       	pop	r18
     2d4:	1f 90       	pop	r1
     2d6:	0f 90       	pop	r0
     2d8:	0f be       	out	0x3f, r0	; 63
     2da:	0f 90       	pop	r0
     2dc:	18 95       	reti

000002de <com_setup>:



void com_setup(){
     2de:	cf 93       	push	r28
     2e0:	df 93       	push	r29

000002e2 <.Loc.36>:
    //disable interrupts
    UCSR0B &=  ~(1<<RXCIE0);
     2e2:	e1 ec       	ldi	r30, 0xC1	; 193
     2e4:	f0 e0       	ldi	r31, 0x00	; 0
     2e6:	80 81       	ld	r24, Z
     2e8:	8f 77       	andi	r24, 0x7F	; 127
     2ea:	80 83       	st	Z, r24

000002ec <.Loc.38>:

    //disable rx and tx
    UCSR0B &= ~(1<<RXEN0);
     2ec:	80 81       	ld	r24, Z
     2ee:	8f 7e       	andi	r24, 0xEF	; 239
     2f0:	80 83       	st	Z, r24

000002f2 <.Loc.40>:
    UCSR0B &= ~(1<<TXEN0);
     2f2:	80 81       	ld	r24, Z
     2f4:	87 7f       	andi	r24, 0xF7	; 247
     2f6:	80 83       	st	Z, r24

000002f8 <.Loc.42>:

    //disable power saving
    PRR0 &= ~(1<<PRUSART0);
     2f8:	a4 e6       	ldi	r26, 0x64	; 100
     2fa:	b0 e0       	ldi	r27, 0x00	; 0
     2fc:	8c 91       	ld	r24, X
     2fe:	8d 7f       	andi	r24, 0xFD	; 253
     300:	8c 93       	st	X, r24

00000302 <.Loc.44>:

    //usart mode and baudrade (not adjusted for rounding)
    #if (USARTMODE==0)
        UCSR0C &= ~(1<<UMSEL00);
     302:	a2 ec       	ldi	r26, 0xC2	; 194
     304:	b0 e0       	ldi	r27, 0x00	; 0
     306:	8c 91       	ld	r24, X
     308:	8f 7b       	andi	r24, 0xBF	; 191
     30a:	8c 93       	st	X, r24

0000030c <.Loc.46>:
        UCSR0C &= ~(1<<UMSEL01);
     30c:	8c 91       	ld	r24, X
     30e:	8f 77       	andi	r24, 0x7F	; 127
     310:	8c 93       	st	X, r24

00000312 <.Loc.48>:
        UBRR0 = (F_CPU/((unsigned long)16*BAUDRATE)-1);
     312:	87 e6       	ldi	r24, 0x67	; 103
     314:	90 e0       	ldi	r25, 0x00	; 0
     316:	90 93 c5 00 	sts	0x00C5, r25	; 0x8000c5 <__TEXT_REGION_LENGTH__+0x7000c5>
     31a:	80 93 c4 00 	sts	0x00C4, r24	; 0x8000c4 <__TEXT_REGION_LENGTH__+0x7000c4>

0000031e <.Loc.50>:

    //double speed mode
    #if (DOUBLESPEED==1)&&(USARTMODE==1)
        UCSR0A |= (1<<U2X0);
    #else
        UCSR0A &= ~(1<<U2X0);
     31e:	c0 ec       	ldi	r28, 0xC0	; 192
     320:	d0 e0       	ldi	r29, 0x00	; 0
     322:	88 81       	ld	r24, Y
     324:	8d 7f       	andi	r24, 0xFD	; 253
     326:	88 83       	st	Y, r24

00000328 <.Loc.52>:
    //parity
    if((PARITY)&(1<<0)){ // bit0
        UCSR0C |= (1<UPM00);
    }
    else{
        UCSR0C &= ~(1<UPM00);
     328:	8c 91       	ld	r24, X
     32a:	8e 7f       	andi	r24, 0xFE	; 254
     32c:	8c 93       	st	X, r24

0000032e <.Loc.55>:

    if((PARITY)&(1<<1)){ // bit1
        UCSR0C |= (1<UPM01);
    }
    else{
        UCSR0C &= ~(1<UPM01);
     32e:	8c 91       	ld	r24, X
     330:	8e 7f       	andi	r24, 0xFE	; 254
     332:	8c 93       	st	X, r24

00000334 <.Loc.58>:
    }


    //stop bits
    #if (STOPBITS==1)
        UCSR0C &= ~(1<<USBS0);
     334:	8c 91       	ld	r24, X
     336:	87 7f       	andi	r24, 0xF7	; 247
     338:	8c 93       	st	X, r24

0000033a <.Loc.60>:
    #if (FRAMEFORMAT==9)
        UCSR0B |= (1<UCSZ02);
        UCSR0C |= (1<UCSZ00);
        UCSR0C |= (1<UCSZ01);
    #else
        UCSR0B &= ~(1<UCSZ02);
     33a:	80 81       	ld	r24, Z
     33c:	8e 7f       	andi	r24, 0xFE	; 254
     33e:	80 83       	st	Z, r24

00000340 <.Loc.62>:

        if((FRAMEFORMAT-1)&(1<<0)){ // bit0
            UCSR0C |= (1<UCSZ00);
     340:	8c 91       	ld	r24, X

00000342 <.Loc.64>:
     342:	8c 93       	st	X, r24

00000344 <.Loc.65>:
        else{
            UCSR0C &= ~(1<UCSZ00);
        }

        if((FRAMEFORMAT-1)&(1<<1)){ // bit1
            UCSR0C |= (1<UCSZ01);
     344:	8c 91       	ld	r24, X

00000346 <.Loc.67>:
     346:	81 60       	ori	r24, 0x01	; 1
     348:	8c 93       	st	X, r24

0000034a <.Loc.68>:
        }
    #endif // FRAMEFORMAT


    //reset error bits
    UCSR0A &= ~((1<<FE0)|(1<<DOR0)|(1<<UPE0));
     34a:	88 81       	ld	r24, Y
     34c:	83 7e       	andi	r24, 0xE3	; 227
     34e:	88 83       	st	Y, r24

00000350 <.Loc.70>:


    //enable interrupts
    UCSR0B |=  (1<<RXCIE0);
     350:	80 81       	ld	r24, Z

00000352 <.Loc.71>:
     352:	80 68       	ori	r24, 0x80	; 128
     354:	80 83       	st	Z, r24

00000356 <.Loc.72>:
    sei();
     356:	78 94       	sei

00000358 <.Loc.73>:


    //enable rx and tx
    UCSR0B |= (1<<RXEN0);
     358:	80 81       	ld	r24, Z

0000035a <.Loc.74>:
     35a:	80 61       	ori	r24, 0x10	; 16
     35c:	80 83       	st	Z, r24

0000035e <.Loc.75>:
    UCSR0B |= (1<<TXEN0);
     35e:	80 81       	ld	r24, Z

00000360 <.Loc.76>:
     360:	88 60       	ori	r24, 0x08	; 8
     362:	80 83       	st	Z, r24

00000364 <.Loc.77>:
}
     364:	df 91       	pop	r29
     366:	cf 91       	pop	r28
     368:	08 95       	ret

0000036a <com_sendCommand>:

int com_sendCommand(char data){
    if(UCSR0A&(1<<UDRE0)){
     36a:	90 91 c0 00 	lds	r25, 0x00C0	; 0x8000c0 <__TEXT_REGION_LENGTH__+0x7000c0>

0000036e <.Loc.81>:
     36e:	95 ff       	sbrs	r25, 5
     370:	05 c0       	rjmp	.+10     	; 0x37c <.L8>

00000372 <.Loc.82>:
        UDR0 = data;
     372:	80 93 c6 00 	sts	0x00C6, r24	; 0x8000c6 <__TEXT_REGION_LENGTH__+0x7000c6>

00000376 <.Loc.84>:
        return 1;
     376:	81 e0       	ldi	r24, 0x01	; 1
     378:	90 e0       	ldi	r25, 0x00	; 0

0000037a <.Loc.86>:
     37a:	08 95       	ret

0000037c <.L8>:
    }
    else{//return 0 when data can not be send
        return 0;
     37c:	80 e0       	ldi	r24, 0x00	; 0
     37e:	90 e0       	ldi	r25, 0x00	; 0

00000380 <.Loc.88>:
    }
}
     380:	08 95       	ret

00000382 <com_doneCommand>:

int com_doneCommand(){
    return com_sendCommand(0x01); //return 0 when data can not be send
     382:	81 e0       	ldi	r24, 0x01	; 1
     384:	0e 94 b5 01 	call	0x36a	; 0x36a <com_sendCommand>

00000388 <.LVL4>:
}
     388:	08 95       	ret

0000038a <_7segment_setup>:
    _7segment_write(0,0);
}


void _7segment_setup(){
  SCLK_DDR |= SCLK_PIN;
     38a:	86 9a       	sbi	0x10, 6	; 16

0000038c <.Loc.3>:
  LCLK_DDR |= LCLK_PIN;
     38c:	87 9a       	sbi	0x10, 7	; 16

0000038e <.Loc.5>:
  DATA_DDR |= DATA_PIN;
     38e:	85 9a       	sbi	0x10, 5	; 16

00000390 <.Loc.7>:
}
     390:	08 95       	ret

00000392 <_7segment_write>:

void _7segment_write(unsigned char data, unsigned char digit){
  LCLK_PORT &= ~LCLK_PIN;
     392:	8f 98       	cbi	0x11, 7	; 17

00000394 <.LBB8>:
  for(int i=7; i>=0;i--){
     394:	47 e0       	ldi	r20, 0x07	; 7
     396:	50 e0       	ldi	r21, 0x00	; 0

00000398 <.Loc.15>:
    SCLK_PORT &= ~SCLK_PIN;
    DATA_PORT &= ~DATA_PIN;
    DATA_PORT |= (!((1<<(4+digit))&(1<<i)))*DATA_PIN;
     398:	e1 e0       	ldi	r30, 0x01	; 1
     39a:	f0 e0       	ldi	r31, 0x00	; 0

0000039c <.Loc.16>:
     39c:	70 e0       	ldi	r23, 0x00	; 0
     39e:	6c 5f       	subi	r22, 0xFC	; 252
     3a0:	7f 4f       	sbci	r23, 0xFF	; 255

000003a2 <.L3>:
    SCLK_PORT &= ~SCLK_PIN;
     3a2:	8e 98       	cbi	0x11, 6	; 17

000003a4 <.Loc.19>:
    DATA_PORT &= ~DATA_PIN;
     3a4:	8d 98       	cbi	0x11, 5	; 17

000003a6 <.Loc.21>:
    DATA_PORT |= (!((1<<(4+digit))&(1<<i)))*DATA_PIN;
     3a6:	91 b3       	in	r25, 0x11	; 17

000003a8 <.Loc.22>:
     3a8:	9f 01       	movw	r18, r30
     3aa:	04 2e       	mov	r0, r20
     3ac:	02 c0       	rjmp	.+4      	; 0x3b2 <.L2^B1>

000003ae <.L1^B1>:
     3ae:	22 0f       	add	r18, r18
     3b0:	33 1f       	adc	r19, r19

000003b2 <.L2^B1>:
     3b2:	0a 94       	dec	r0
     3b4:	e2 f7       	brpl	.-8      	; 0x3ae <.L1^B1>

000003b6 <.Loc.23>:
     3b6:	06 2e       	mov	r0, r22
     3b8:	02 c0       	rjmp	.+4      	; 0x3be <.L2^B2>

000003ba <.L1^B2>:
     3ba:	35 95       	asr	r19
     3bc:	27 95       	ror	r18

000003be <.L2^B2>:
     3be:	0a 94       	dec	r0
     3c0:	e2 f7       	brpl	.-8      	; 0x3ba <.L1^B2>

000003c2 <.Loc.24>:
     3c2:	a1 e0       	ldi	r26, 0x01	; 1
     3c4:	2a 27       	eor	r18, r26
     3c6:	21 70       	andi	r18, 0x01	; 1
     3c8:	22 95       	swap	r18
     3ca:	22 0f       	add	r18, r18
     3cc:	20 7e       	andi	r18, 0xE0	; 224
     3ce:	29 2b       	or	r18, r25
     3d0:	21 bb       	out	0x11, r18	; 17

000003d2 <.Loc.25>:
    SCLK_PORT |= SCLK_PIN;
     3d2:	8e 9a       	sbi	0x11, 6	; 17

000003d4 <.Loc.27>:
  for(int i=7; i>=0;i--){
     3d4:	41 50       	subi	r20, 0x01	; 1
     3d6:	51 09       	sbc	r21, r1
     3d8:	20 f7       	brcc	.-56     	; 0x3a2 <.L3>

000003da <.LBB9>:
  }
  for(int i=7; i>=0;i--){
     3da:	47 e0       	ldi	r20, 0x07	; 7
     3dc:	50 e0       	ldi	r21, 0x00	; 0

000003de <.Loc.30>:
    SCLK_PORT &= ~SCLK_PIN;
    DATA_PORT &= ~DATA_PIN;
    DATA_PORT |= (!!(data&(1<<i)))*DATA_PIN;
     3de:	68 2f       	mov	r22, r24
     3e0:	70 e0       	ldi	r23, 0x00	; 0

000003e2 <.L4>:
    SCLK_PORT &= ~SCLK_PIN;
     3e2:	8e 98       	cbi	0x11, 6	; 17

000003e4 <.Loc.33>:
    DATA_PORT &= ~DATA_PIN;
     3e4:	8d 98       	cbi	0x11, 5	; 17

000003e6 <.Loc.35>:
    DATA_PORT |= (!!(data&(1<<i)))*DATA_PIN;
     3e6:	91 b3       	in	r25, 0x11	; 17

000003e8 <.Loc.36>:
     3e8:	9b 01       	movw	r18, r22
     3ea:	04 2e       	mov	r0, r20
     3ec:	02 c0       	rjmp	.+4      	; 0x3f2 <.L2^B3>

000003ee <.L1^B3>:
     3ee:	35 95       	asr	r19
     3f0:	27 95       	ror	r18

000003f2 <.L2^B3>:
     3f2:	0a 94       	dec	r0
     3f4:	e2 f7       	brpl	.-8      	; 0x3ee <.L1^B3>

000003f6 <.Loc.37>:
     3f6:	22 0f       	add	r18, r18
     3f8:	33 1f       	adc	r19, r19
     3fa:	22 95       	swap	r18
     3fc:	32 95       	swap	r19
     3fe:	30 7f       	andi	r19, 0xF0	; 240
     400:	32 27       	eor	r19, r18
     402:	20 7f       	andi	r18, 0xF0	; 240
     404:	32 27       	eor	r19, r18
     406:	20 72       	andi	r18, 0x20	; 32

00000408 <.Loc.38>:
     408:	92 2b       	or	r25, r18
     40a:	91 bb       	out	0x11, r25	; 17

0000040c <.Loc.39>:
    SCLK_PORT |= SCLK_PIN;
     40c:	8e 9a       	sbi	0x11, 6	; 17

0000040e <.Loc.41>:
  for(int i=7; i>=0;i--){
     40e:	41 50       	subi	r20, 0x01	; 1
     410:	51 09       	sbc	r21, r1
     412:	38 f7       	brcc	.-50     	; 0x3e2 <.L4>

00000414 <.LBE9>:
  }
  LCLK_PORT |= LCLK_PIN;
     414:	8f 9a       	sbi	0x11, 7	; 17

00000416 <.Loc.45>:
}
     416:	08 95       	ret

00000418 <display_letter>:
void display_letter(char letter, unsigned char digit){
     418:	e8 2f       	mov	r30, r24

0000041a <.Loc.48>:
    if((65<=letter)&&(letter<=90)){
     41a:	9f eb       	ldi	r25, 0xBF	; 191
     41c:	98 0f       	add	r25, r24

0000041e <.Loc.50>:
     41e:	9a 31       	cpi	r25, 0x1A	; 26
     420:	38 f0       	brcs	.+14     	; 0x430 <.L11>

00000422 <.Loc.51>:
    else if((97<=letter)&&(letter<=122)){
     422:	9f e9       	ldi	r25, 0x9F	; 159
     424:	98 0f       	add	r25, r24

00000426 <.Loc.53>:
     426:	9a 31       	cpi	r25, 0x1A	; 26
     428:	60 f0       	brcs	.+24     	; 0x442 <.L12>

0000042a <.Loc.54>:
    else if(letter==32){
     42a:	80 32       	cpi	r24, 0x20	; 32
     42c:	99 f0       	breq	.+38     	; 0x454 <.L13>

0000042e <.L7>:
}
     42e:	08 95       	ret

00000430 <.L11>:
        _7segment_write(letters[letter-65],digit);
     430:	0e 2e       	mov	r0, r30
     432:	00 0c       	add	r0, r0
     434:	ff 0b       	sbc	r31, r31

00000436 <.Loc.59>:
     436:	e1 54       	subi	r30, 0x41	; 65
     438:	fe 4f       	sbci	r31, 0xFE	; 254
     43a:	80 81       	ld	r24, Z

0000043c <.Loc.60>:
     43c:	0e 94 c9 01 	call	0x392	; 0x392 <_7segment_write>

00000440 <.LVL11>:
     440:	08 95       	ret

00000442 <.L12>:
        _7segment_write(letters[letter-97],digit);
     442:	0e 2e       	mov	r0, r30
     444:	00 0c       	add	r0, r0
     446:	ff 0b       	sbc	r31, r31

00000448 <.Loc.64>:
     448:	e1 56       	subi	r30, 0x61	; 97
     44a:	fe 4f       	sbci	r31, 0xFE	; 254
     44c:	80 81       	ld	r24, Z

0000044e <.Loc.65>:
     44e:	0e 94 c9 01 	call	0x392	; 0x392 <_7segment_write>

00000452 <.LVL14>:
     452:	08 95       	ret

00000454 <.L13>:
        _7segment_write(0,digit);
     454:	80 e0       	ldi	r24, 0x00	; 0

00000456 <.Loc.68>:
     456:	0e 94 c9 01 	call	0x392	; 0x392 <_7segment_write>

0000045a <.LVL17>:
}
     45a:	e9 cf       	rjmp	.-46     	; 0x42e <.L7>

0000045c <display_string>:
void display_string(char _string[4]){
     45c:	0f 93       	push	r16
     45e:	1f 93       	push	r17
     460:	cf 93       	push	r28
     462:	08 2f       	mov	r16, r24
     464:	19 2f       	mov	r17, r25

00000466 <.Loc.72>:
     466:	c0 e0       	ldi	r28, 0x00	; 0

00000468 <.L15>:
        display_letter(_string[i],i);
     468:	6c 2f       	mov	r22, r28
     46a:	f8 01       	movw	r30, r16
     46c:	81 91       	ld	r24, Z+
     46e:	8f 01       	movw	r16, r30

00000470 <.Loc.77>:
     470:	0e 94 0c 02 	call	0x418	; 0x418 <display_letter>

00000474 <.LBB11>:
	#else
		//round up by default
		__ticks_dc = (uint32_t)(ceil(fabs(__tmp)));
	#endif

	__builtin_avr_delay_cycles(__ticks_dc);
     474:	8f e9       	ldi	r24, 0x9F	; 159
     476:	9f e0       	ldi	r25, 0x0F	; 15

00000478 <.L1^B4>:
     478:	01 97       	sbiw	r24, 0x01	; 1
     47a:	f1 f7       	brne	.-4      	; 0x478 <.L1^B4>
     47c:	00 c0       	rjmp	.+0      	; 0x47e <L0^A>

0000047e <L0^A>:
	...

00000480 <.LBE11>:
    for(int i = 0;i<4;i++){
     480:	cf 5f       	subi	r28, 0xFF	; 255
     482:	c4 30       	cpi	r28, 0x04	; 4
     484:	89 f7       	brne	.-30     	; 0x468 <.L15>

00000486 <.Loc.89>:
    _7segment_write(0,0);
     486:	60 e0       	ldi	r22, 0x00	; 0
     488:	80 e0       	ldi	r24, 0x00	; 0
     48a:	0e 94 c9 01 	call	0x392	; 0x392 <_7segment_write>

0000048e <.LVL24>:
}
     48e:	cf 91       	pop	r28
     490:	1f 91       	pop	r17
     492:	0f 91       	pop	r16

00000494 <.Loc.91>:
     494:	08 95       	ret

00000496 <display_getal>:

void display_getal(unsigned int getal) {
     496:	1f 93       	push	r17
     498:	cf 93       	push	r28
     49a:	df 93       	push	r29
     49c:	c8 2f       	mov	r28, r24
     49e:	d9 2f       	mov	r29, r25

000004a0 <.Loc.94>:
     4a0:	13 e0       	ldi	r17, 0x03	; 3

000004a2 <.L18>:
    for (int i = 3; i > -1; i--){
        _7segment_write(numbers[getal%10], i);
     4a2:	9e 01       	movw	r18, r28
     4a4:	ad ec       	ldi	r26, 0xCD	; 205
     4a6:	bc ec       	ldi	r27, 0xCC	; 204
     4a8:	0e 94 51 16 	call	0x2ca2	; 0x2ca2 <__umulhisi3>
     4ac:	9c 01       	movw	r18, r24
     4ae:	36 95       	lsr	r19
     4b0:	27 95       	ror	r18
     4b2:	36 95       	lsr	r19
     4b4:	27 95       	ror	r18
     4b6:	36 95       	lsr	r19
     4b8:	27 95       	ror	r18
     4ba:	c9 01       	movw	r24, r18
     4bc:	88 0f       	add	r24, r24
     4be:	99 1f       	adc	r25, r25
     4c0:	88 0f       	add	r24, r24
     4c2:	99 1f       	adc	r25, r25
     4c4:	82 0f       	add	r24, r18
     4c6:	93 1f       	adc	r25, r19
     4c8:	88 0f       	add	r24, r24
     4ca:	99 1f       	adc	r25, r25
     4cc:	fe 01       	movw	r30, r28
     4ce:	e8 1b       	sub	r30, r24
     4d0:	f9 0b       	sbc	r31, r25

000004d2 <.Loc.100>:
     4d2:	e6 5e       	subi	r30, 0xE6	; 230
     4d4:	fd 4f       	sbci	r31, 0xFD	; 253
     4d6:	61 2f       	mov	r22, r17
     4d8:	80 81       	ld	r24, Z
     4da:	0e 94 c9 01 	call	0x392	; 0x392 <_7segment_write>

000004de <.LVL29>:
        getal /= 10;
     4de:	9e 01       	movw	r18, r28
     4e0:	ad ec       	ldi	r26, 0xCD	; 205
     4e2:	bc ec       	ldi	r27, 0xCC	; 204
     4e4:	0e 94 51 16 	call	0x2ca2	; 0x2ca2 <__umulhisi3>
     4e8:	ec 01       	movw	r28, r24

000004ea <.Loc.103>:
     4ea:	d6 95       	lsr	r29
     4ec:	c7 95       	ror	r28
     4ee:	d6 95       	lsr	r29
     4f0:	c7 95       	ror	r28
     4f2:	d6 95       	lsr	r29
     4f4:	c7 95       	ror	r28

000004f6 <.LBB15>:
     4f6:	8f e9       	ldi	r24, 0x9F	; 159
     4f8:	9f e0       	ldi	r25, 0x0F	; 15

000004fa <.L1^B5>:
     4fa:	01 97       	sbiw	r24, 0x01	; 1
     4fc:	f1 f7       	brne	.-4      	; 0x4fa <.L1^B5>
     4fe:	00 c0       	rjmp	.+0      	; 0x500 <L0^A>

00000500 <L0^A>:
	...

00000502 <.LBE15>:
    for (int i = 3; i > -1; i--){
     502:	11 50       	subi	r17, 0x01	; 1
     504:	70 f6       	brcc	.-100    	; 0x4a2 <.L18>

00000506 <.Loc.115>:
        _delay_ms(1);
    }
    _7segment_write(0,0);
     506:	60 e0       	ldi	r22, 0x00	; 0
     508:	80 e0       	ldi	r24, 0x00	; 0
     50a:	0e 94 c9 01 	call	0x392	; 0x392 <_7segment_write>

0000050e <.LVL33>:
}
     50e:	df 91       	pop	r29
     510:	cf 91       	pop	r28

00000512 <.Loc.117>:
     512:	1f 91       	pop	r17
     514:	08 95       	ret

00000516 <initSensoren>:
#define DEBOUNCETIME_MS 50
#define DEBOUNCETIME_S (DEBOUNCETIME_MS*0.001)


void initSensoren(void) {
    IRREGISTER &= ~((1 << IRSENSOR_L) | (1 << IRSENSOR_R));
     516:	e7 e0       	ldi	r30, 0x07	; 7
     518:	f1 e0       	ldi	r31, 0x01	; 1
     51a:	80 81       	ld	r24, Z
     51c:	8c 7f       	andi	r24, 0xFC	; 252
     51e:	80 83       	st	Z, r24

00000520 <.Loc.3>:
}
     520:	08 95       	ret

00000522 <IRSensor_links>:


int IRSensor_links(){
     522:	cf 92       	push	r12
     524:	df 92       	push	r13
     526:	ef 92       	push	r14
     528:	ff 92       	push	r15
     52a:	cf 93       	push	r28
     52c:	df 93       	push	r29
     52e:	00 d0       	rcall	.+0      	; 0x530 <L0^A>

00000530 <L0^A>:
     530:	0f 92       	push	r0
     532:	cd b7       	in	r28, 0x3d	; 61
     534:	de b7       	in	r29, 0x3e	; 62

00000536 <.Loc.5>:
    static int IRSensorActief = 0;
    static float ActivatieTijd = 0;
    if(ActivatieTijd>time){
     536:	20 91 2c 02 	lds	r18, 0x022C	; 0x80022c <time>
     53a:	30 91 2d 02 	lds	r19, 0x022D	; 0x80022d <time+0x1>
     53e:	40 91 2e 02 	lds	r20, 0x022E	; 0x80022e <time+0x2>
     542:	50 91 2f 02 	lds	r21, 0x022F	; 0x80022f <time+0x3>

00000546 <.Loc.9>:
     546:	60 91 47 02 	lds	r22, 0x0247	; 0x800247 <ActivatieTijd.3>
     54a:	70 91 48 02 	lds	r23, 0x0248	; 0x800248 <ActivatieTijd.3+0x1>
     54e:	80 91 49 02 	lds	r24, 0x0249	; 0x800249 <ActivatieTijd.3+0x2>
     552:	90 91 4a 02 	lds	r25, 0x024A	; 0x80024a <ActivatieTijd.3+0x3>
     556:	0e 94 2c 18 	call	0x3058	; 0x3058 <__gesf2>

0000055a <.LVL0>:
     55a:	18 16       	cp	r1, r24
     55c:	44 f4       	brge	.+16     	; 0x56e <.L3>

0000055e <.Loc.10>:
        ActivatieTijd = 0;
     55e:	10 92 47 02 	sts	0x0247, r1	; 0x800247 <ActivatieTijd.3>
     562:	10 92 48 02 	sts	0x0248, r1	; 0x800248 <ActivatieTijd.3+0x1>
     566:	10 92 49 02 	sts	0x0249, r1	; 0x800249 <ActivatieTijd.3+0x2>
     56a:	10 92 4a 02 	sts	0x024A, r1	; 0x80024a <ActivatieTijd.3+0x3>

0000056e <.L3>:
    }

    if((!(IRPINS&(1<<IRSENSOR_L)))&&(!IRSensorActief)&&((ActivatieTijd+DEBOUNCETIME_S)<time)){
     56e:	80 91 06 01 	lds	r24, 0x0106	; 0x800106 <__TEXT_REGION_LENGTH__+0x700106>

00000572 <.Loc.14>:
     572:	80 fd       	sbrc	r24, 0
     574:	43 c0       	rjmp	.+134    	; 0x5fc <.L5>

00000576 <.Loc.15>:
     576:	80 91 45 02 	lds	r24, 0x0245	; 0x800245 <IRSensorActief.2>
     57a:	90 91 46 02 	lds	r25, 0x0246	; 0x800246 <IRSensorActief.2+0x1>
     57e:	89 2b       	or	r24, r25
     580:	09 f0       	breq	.+2      	; 0x584 <.Loc.16>

00000582 <L0^A>:
     582:	55 c0       	rjmp	.+170    	; 0x62e <.L6>

00000584 <.Loc.16>:
     584:	c0 90 2c 02 	lds	r12, 0x022C	; 0x80022c <time>
     588:	d0 90 2d 02 	lds	r13, 0x022D	; 0x80022d <time+0x1>
     58c:	e0 90 2e 02 	lds	r14, 0x022E	; 0x80022e <time+0x2>
     590:	f0 90 2f 02 	lds	r15, 0x022F	; 0x80022f <time+0x3>

00000594 <.Loc.17>:
     594:	2d ec       	ldi	r18, 0xCD	; 205
     596:	3c ec       	ldi	r19, 0xCC	; 204
     598:	4c e4       	ldi	r20, 0x4C	; 76
     59a:	5d e3       	ldi	r21, 0x3D	; 61
     59c:	60 91 47 02 	lds	r22, 0x0247	; 0x800247 <ActivatieTijd.3>
     5a0:	70 91 48 02 	lds	r23, 0x0248	; 0x800248 <ActivatieTijd.3+0x1>
     5a4:	80 91 49 02 	lds	r24, 0x0249	; 0x800249 <ActivatieTijd.3+0x2>
     5a8:	90 91 4a 02 	lds	r25, 0x024A	; 0x80024a <ActivatieTijd.3+0x3>
     5ac:	0e 94 61 16 	call	0x2cc2	; 0x2cc2 <__addsf3>

000005b0 <.LVL1>:
     5b0:	a7 01       	movw	r20, r14
     5b2:	96 01       	movw	r18, r12
     5b4:	69 83       	std	Y+1, r22	; 0x01
     5b6:	7a 83       	std	Y+2, r23	; 0x02
     5b8:	8b 83       	std	Y+3, r24	; 0x03
     5ba:	9c 83       	std	Y+4, r25	; 0x04
     5bc:	69 81       	ldd	r22, Y+1	; 0x01
     5be:	7a 81       	ldd	r23, Y+2	; 0x02
     5c0:	8b 81       	ldd	r24, Y+3	; 0x03
     5c2:	9c 81       	ldd	r25, Y+4	; 0x04
     5c4:	0e 94 cd 16 	call	0x2d9a	; 0x2d9a <__cmpsf2>

000005c8 <.LVL2>:
     5c8:	88 23       	and	r24, r24
     5ca:	0c f0       	brlt	.+2      	; 0x5ce <.Loc.19>

000005cc <L0^A>:
     5cc:	6d c0       	rjmp	.+218    	; 0x6a8 <.L15>

000005ce <.Loc.19>:
        IRSensorActief = 1;
     5ce:	81 e0       	ldi	r24, 0x01	; 1
     5d0:	90 e0       	ldi	r25, 0x00	; 0
     5d2:	90 93 46 02 	sts	0x0246, r25	; 0x800246 <IRSensorActief.2+0x1>
     5d6:	80 93 45 02 	sts	0x0245, r24	; 0x800245 <IRSensorActief.2>

000005da <.Loc.21>:
        ActivatieTijd = time;
     5da:	80 91 2c 02 	lds	r24, 0x022C	; 0x80022c <time>
     5de:	90 91 2d 02 	lds	r25, 0x022D	; 0x80022d <time+0x1>
     5e2:	a0 91 2e 02 	lds	r26, 0x022E	; 0x80022e <time+0x2>
     5e6:	b0 91 2f 02 	lds	r27, 0x022F	; 0x80022f <time+0x3>
     5ea:	80 93 47 02 	sts	0x0247, r24	; 0x800247 <ActivatieTijd.3>
     5ee:	90 93 48 02 	sts	0x0248, r25	; 0x800248 <ActivatieTijd.3+0x1>
     5f2:	a0 93 49 02 	sts	0x0249, r26	; 0x800249 <ActivatieTijd.3+0x2>
     5f6:	b0 93 4a 02 	sts	0x024A, r27	; 0x80024a <ActivatieTijd.3+0x3>
     5fa:	0a c0       	rjmp	.+20     	; 0x610 <.L9>

000005fc <.L5>:
    }
    else if((IRPINS&(1<<IRSENSOR_L))&&(IRSensorActief)&&((ActivatieTijd+DEBOUNCETIME_S)<time)){
     5fc:	80 91 06 01 	lds	r24, 0x0106	; 0x800106 <__TEXT_REGION_LENGTH__+0x700106>

00000600 <.Loc.25>:
     600:	80 ff       	sbrs	r24, 0
     602:	06 c0       	rjmp	.+12     	; 0x610 <.L9>

00000604 <.Loc.26>:
     604:	80 91 45 02 	lds	r24, 0x0245	; 0x800245 <IRSensorActief.2>
     608:	90 91 46 02 	lds	r25, 0x0246	; 0x800246 <IRSensorActief.2+0x1>
     60c:	89 2b       	or	r24, r25
     60e:	99 f4       	brne	.+38     	; 0x636 <.L11>

00000610 <.L9>:
        IRSensorActief = 0;
        ActivatieTijd = time;
    }

    return IRSensorActief;
     610:	80 91 45 02 	lds	r24, 0x0245	; 0x800245 <IRSensorActief.2>
     614:	90 91 46 02 	lds	r25, 0x0246	; 0x800246 <IRSensorActief.2+0x1>

00000618 <.Loc.29>:
}
     618:	0f 90       	pop	r0
     61a:	0f 90       	pop	r0
     61c:	0f 90       	pop	r0
     61e:	0f 90       	pop	r0
     620:	df 91       	pop	r29
     622:	cf 91       	pop	r28
     624:	ff 90       	pop	r15
     626:	ef 90       	pop	r14
     628:	df 90       	pop	r13
     62a:	cf 90       	pop	r12
     62c:	08 95       	ret

0000062e <.L6>:
    else if((IRPINS&(1<<IRSENSOR_L))&&(IRSensorActief)&&((ActivatieTijd+DEBOUNCETIME_S)<time)){
     62e:	80 91 06 01 	lds	r24, 0x0106	; 0x800106 <__TEXT_REGION_LENGTH__+0x700106>

00000632 <.Loc.32>:
     632:	80 ff       	sbrs	r24, 0
     634:	ed cf       	rjmp	.-38     	; 0x610 <.L9>

00000636 <.L11>:
     636:	c0 90 2c 02 	lds	r12, 0x022C	; 0x80022c <time>
     63a:	d0 90 2d 02 	lds	r13, 0x022D	; 0x80022d <time+0x1>
     63e:	e0 90 2e 02 	lds	r14, 0x022E	; 0x80022e <time+0x2>
     642:	f0 90 2f 02 	lds	r15, 0x022F	; 0x80022f <time+0x3>

00000646 <.Loc.34>:
     646:	2d ec       	ldi	r18, 0xCD	; 205
     648:	3c ec       	ldi	r19, 0xCC	; 204
     64a:	4c e4       	ldi	r20, 0x4C	; 76
     64c:	5d e3       	ldi	r21, 0x3D	; 61
     64e:	60 91 47 02 	lds	r22, 0x0247	; 0x800247 <ActivatieTijd.3>
     652:	70 91 48 02 	lds	r23, 0x0248	; 0x800248 <ActivatieTijd.3+0x1>
     656:	80 91 49 02 	lds	r24, 0x0249	; 0x800249 <ActivatieTijd.3+0x2>
     65a:	90 91 4a 02 	lds	r25, 0x024A	; 0x80024a <ActivatieTijd.3+0x3>
     65e:	0e 94 61 16 	call	0x2cc2	; 0x2cc2 <__addsf3>

00000662 <.LVL3>:
     662:	a7 01       	movw	r20, r14
     664:	96 01       	movw	r18, r12
     666:	69 83       	std	Y+1, r22	; 0x01
     668:	7a 83       	std	Y+2, r23	; 0x02
     66a:	8b 83       	std	Y+3, r24	; 0x03
     66c:	9c 83       	std	Y+4, r25	; 0x04
     66e:	69 81       	ldd	r22, Y+1	; 0x01
     670:	7a 81       	ldd	r23, Y+2	; 0x02
     672:	8b 81       	ldd	r24, Y+3	; 0x03
     674:	9c 81       	ldd	r25, Y+4	; 0x04
     676:	0e 94 cd 16 	call	0x2d9a	; 0x2d9a <__cmpsf2>

0000067a <.LVL4>:
     67a:	88 23       	and	r24, r24
     67c:	4c f6       	brge	.-110    	; 0x610 <.L9>

0000067e <.Loc.36>:
        IRSensorActief = 0;
     67e:	10 92 46 02 	sts	0x0246, r1	; 0x800246 <IRSensorActief.2+0x1>
     682:	10 92 45 02 	sts	0x0245, r1	; 0x800245 <IRSensorActief.2>

00000686 <.Loc.38>:
        ActivatieTijd = time;
     686:	80 91 2c 02 	lds	r24, 0x022C	; 0x80022c <time>
     68a:	90 91 2d 02 	lds	r25, 0x022D	; 0x80022d <time+0x1>
     68e:	a0 91 2e 02 	lds	r26, 0x022E	; 0x80022e <time+0x2>
     692:	b0 91 2f 02 	lds	r27, 0x022F	; 0x80022f <time+0x3>
     696:	80 93 47 02 	sts	0x0247, r24	; 0x800247 <ActivatieTijd.3>
     69a:	90 93 48 02 	sts	0x0248, r25	; 0x800248 <ActivatieTijd.3+0x1>
     69e:	a0 93 49 02 	sts	0x0249, r26	; 0x800249 <ActivatieTijd.3+0x2>
     6a2:	b0 93 4a 02 	sts	0x024A, r27	; 0x80024a <ActivatieTijd.3+0x3>
     6a6:	b4 cf       	rjmp	.-152    	; 0x610 <.L9>

000006a8 <.L15>:
    else if((IRPINS&(1<<IRSENSOR_L))&&(IRSensorActief)&&((ActivatieTijd+DEBOUNCETIME_S)<time)){
     6a8:	80 91 06 01 	lds	r24, 0x0106	; 0x800106 <__TEXT_REGION_LENGTH__+0x700106>
     6ac:	b1 cf       	rjmp	.-158    	; 0x610 <.L9>

000006ae <IRSensor_rechts>:

int IRSensor_rechts(){
     6ae:	cf 92       	push	r12
     6b0:	df 92       	push	r13
     6b2:	ef 92       	push	r14
     6b4:	ff 92       	push	r15
     6b6:	cf 93       	push	r28
     6b8:	df 93       	push	r29
     6ba:	00 d0       	rcall	.+0      	; 0x6bc <L0^A>

000006bc <L0^A>:
     6bc:	0f 92       	push	r0
     6be:	cd b7       	in	r28, 0x3d	; 61
     6c0:	de b7       	in	r29, 0x3e	; 62

000006c2 <.Loc.43>:
    static int IRSensorActief = 0;
    static float ActivatieTijd = 0;
    if(ActivatieTijd>time){
     6c2:	20 91 2c 02 	lds	r18, 0x022C	; 0x80022c <time>
     6c6:	30 91 2d 02 	lds	r19, 0x022D	; 0x80022d <time+0x1>
     6ca:	40 91 2e 02 	lds	r20, 0x022E	; 0x80022e <time+0x2>
     6ce:	50 91 2f 02 	lds	r21, 0x022F	; 0x80022f <time+0x3>

000006d2 <.Loc.47>:
     6d2:	60 91 41 02 	lds	r22, 0x0241	; 0x800241 <ActivatieTijd.1>
     6d6:	70 91 42 02 	lds	r23, 0x0242	; 0x800242 <ActivatieTijd.1+0x1>
     6da:	80 91 43 02 	lds	r24, 0x0243	; 0x800243 <ActivatieTijd.1+0x2>
     6de:	90 91 44 02 	lds	r25, 0x0244	; 0x800244 <ActivatieTijd.1+0x3>
     6e2:	0e 94 2c 18 	call	0x3058	; 0x3058 <__gesf2>

000006e6 <.LVL5>:
     6e6:	18 16       	cp	r1, r24
     6e8:	44 f4       	brge	.+16     	; 0x6fa <.L18>

000006ea <.Loc.48>:
        ActivatieTijd = 0;
     6ea:	10 92 41 02 	sts	0x0241, r1	; 0x800241 <ActivatieTijd.1>
     6ee:	10 92 42 02 	sts	0x0242, r1	; 0x800242 <ActivatieTijd.1+0x1>
     6f2:	10 92 43 02 	sts	0x0243, r1	; 0x800243 <ActivatieTijd.1+0x2>
     6f6:	10 92 44 02 	sts	0x0244, r1	; 0x800244 <ActivatieTijd.1+0x3>

000006fa <.L18>:
    }

    if((!(IRPINS&(1<<IRSENSOR_R)))&&(!IRSensorActief)&&((ActivatieTijd+DEBOUNCETIME_S)<time)){
     6fa:	80 91 06 01 	lds	r24, 0x0106	; 0x800106 <__TEXT_REGION_LENGTH__+0x700106>

000006fe <.Loc.52>:
     6fe:	81 fd       	sbrc	r24, 1
     700:	43 c0       	rjmp	.+134    	; 0x788 <.L20>

00000702 <.Loc.53>:
     702:	80 91 3f 02 	lds	r24, 0x023F	; 0x80023f <IRSensorActief.0>
     706:	90 91 40 02 	lds	r25, 0x0240	; 0x800240 <IRSensorActief.0+0x1>
     70a:	89 2b       	or	r24, r25
     70c:	09 f0       	breq	.+2      	; 0x710 <.Loc.54>

0000070e <L0^A>:
     70e:	55 c0       	rjmp	.+170    	; 0x7ba <.L21>

00000710 <.Loc.54>:
     710:	c0 90 2c 02 	lds	r12, 0x022C	; 0x80022c <time>
     714:	d0 90 2d 02 	lds	r13, 0x022D	; 0x80022d <time+0x1>
     718:	e0 90 2e 02 	lds	r14, 0x022E	; 0x80022e <time+0x2>
     71c:	f0 90 2f 02 	lds	r15, 0x022F	; 0x80022f <time+0x3>

00000720 <.Loc.55>:
     720:	2d ec       	ldi	r18, 0xCD	; 205
     722:	3c ec       	ldi	r19, 0xCC	; 204
     724:	4c e4       	ldi	r20, 0x4C	; 76
     726:	5d e3       	ldi	r21, 0x3D	; 61
     728:	60 91 41 02 	lds	r22, 0x0241	; 0x800241 <ActivatieTijd.1>
     72c:	70 91 42 02 	lds	r23, 0x0242	; 0x800242 <ActivatieTijd.1+0x1>
     730:	80 91 43 02 	lds	r24, 0x0243	; 0x800243 <ActivatieTijd.1+0x2>
     734:	90 91 44 02 	lds	r25, 0x0244	; 0x800244 <ActivatieTijd.1+0x3>
     738:	0e 94 61 16 	call	0x2cc2	; 0x2cc2 <__addsf3>

0000073c <.LVL6>:
     73c:	a7 01       	movw	r20, r14
     73e:	96 01       	movw	r18, r12
     740:	69 83       	std	Y+1, r22	; 0x01
     742:	7a 83       	std	Y+2, r23	; 0x02
     744:	8b 83       	std	Y+3, r24	; 0x03
     746:	9c 83       	std	Y+4, r25	; 0x04
     748:	69 81       	ldd	r22, Y+1	; 0x01
     74a:	7a 81       	ldd	r23, Y+2	; 0x02
     74c:	8b 81       	ldd	r24, Y+3	; 0x03
     74e:	9c 81       	ldd	r25, Y+4	; 0x04
     750:	0e 94 cd 16 	call	0x2d9a	; 0x2d9a <__cmpsf2>

00000754 <.LVL7>:
     754:	88 23       	and	r24, r24
     756:	0c f0       	brlt	.+2      	; 0x75a <.Loc.57>

00000758 <L0^A>:
     758:	6d c0       	rjmp	.+218    	; 0x834 <.L30>

0000075a <.Loc.57>:
        IRSensorActief = 1;
     75a:	81 e0       	ldi	r24, 0x01	; 1
     75c:	90 e0       	ldi	r25, 0x00	; 0
     75e:	90 93 40 02 	sts	0x0240, r25	; 0x800240 <IRSensorActief.0+0x1>
     762:	80 93 3f 02 	sts	0x023F, r24	; 0x80023f <IRSensorActief.0>

00000766 <.Loc.59>:
        ActivatieTijd = time;
     766:	80 91 2c 02 	lds	r24, 0x022C	; 0x80022c <time>
     76a:	90 91 2d 02 	lds	r25, 0x022D	; 0x80022d <time+0x1>
     76e:	a0 91 2e 02 	lds	r26, 0x022E	; 0x80022e <time+0x2>
     772:	b0 91 2f 02 	lds	r27, 0x022F	; 0x80022f <time+0x3>
     776:	80 93 41 02 	sts	0x0241, r24	; 0x800241 <ActivatieTijd.1>
     77a:	90 93 42 02 	sts	0x0242, r25	; 0x800242 <ActivatieTijd.1+0x1>
     77e:	a0 93 43 02 	sts	0x0243, r26	; 0x800243 <ActivatieTijd.1+0x2>
     782:	b0 93 44 02 	sts	0x0244, r27	; 0x800244 <ActivatieTijd.1+0x3>
     786:	0a c0       	rjmp	.+20     	; 0x79c <.L24>

00000788 <.L20>:
    }
    else if((IRPINS&(1<<IRSENSOR_R))&&(IRSensorActief)&&((ActivatieTijd+DEBOUNCETIME_S)<time)){
     788:	80 91 06 01 	lds	r24, 0x0106	; 0x800106 <__TEXT_REGION_LENGTH__+0x700106>

0000078c <.Loc.63>:
     78c:	81 ff       	sbrs	r24, 1
     78e:	06 c0       	rjmp	.+12     	; 0x79c <.L24>

00000790 <.Loc.64>:
     790:	80 91 3f 02 	lds	r24, 0x023F	; 0x80023f <IRSensorActief.0>
     794:	90 91 40 02 	lds	r25, 0x0240	; 0x800240 <IRSensorActief.0+0x1>
     798:	89 2b       	or	r24, r25
     79a:	99 f4       	brne	.+38     	; 0x7c2 <.L26>

0000079c <.L24>:
        IRSensorActief = 0;
        ActivatieTijd = time;
    }

    return IRSensorActief;
     79c:	80 91 3f 02 	lds	r24, 0x023F	; 0x80023f <IRSensorActief.0>
     7a0:	90 91 40 02 	lds	r25, 0x0240	; 0x800240 <IRSensorActief.0+0x1>

000007a4 <.Loc.67>:
}
     7a4:	0f 90       	pop	r0
     7a6:	0f 90       	pop	r0
     7a8:	0f 90       	pop	r0
     7aa:	0f 90       	pop	r0
     7ac:	df 91       	pop	r29
     7ae:	cf 91       	pop	r28
     7b0:	ff 90       	pop	r15
     7b2:	ef 90       	pop	r14
     7b4:	df 90       	pop	r13
     7b6:	cf 90       	pop	r12
     7b8:	08 95       	ret

000007ba <.L21>:
    else if((IRPINS&(1<<IRSENSOR_R))&&(IRSensorActief)&&((ActivatieTijd+DEBOUNCETIME_S)<time)){
     7ba:	80 91 06 01 	lds	r24, 0x0106	; 0x800106 <__TEXT_REGION_LENGTH__+0x700106>

000007be <.Loc.70>:
     7be:	81 ff       	sbrs	r24, 1
     7c0:	ed cf       	rjmp	.-38     	; 0x79c <.L24>

000007c2 <.L26>:
     7c2:	c0 90 2c 02 	lds	r12, 0x022C	; 0x80022c <time>
     7c6:	d0 90 2d 02 	lds	r13, 0x022D	; 0x80022d <time+0x1>
     7ca:	e0 90 2e 02 	lds	r14, 0x022E	; 0x80022e <time+0x2>
     7ce:	f0 90 2f 02 	lds	r15, 0x022F	; 0x80022f <time+0x3>

000007d2 <.Loc.72>:
     7d2:	2d ec       	ldi	r18, 0xCD	; 205
     7d4:	3c ec       	ldi	r19, 0xCC	; 204
     7d6:	4c e4       	ldi	r20, 0x4C	; 76
     7d8:	5d e3       	ldi	r21, 0x3D	; 61
     7da:	60 91 41 02 	lds	r22, 0x0241	; 0x800241 <ActivatieTijd.1>
     7de:	70 91 42 02 	lds	r23, 0x0242	; 0x800242 <ActivatieTijd.1+0x1>
     7e2:	80 91 43 02 	lds	r24, 0x0243	; 0x800243 <ActivatieTijd.1+0x2>
     7e6:	90 91 44 02 	lds	r25, 0x0244	; 0x800244 <ActivatieTijd.1+0x3>
     7ea:	0e 94 61 16 	call	0x2cc2	; 0x2cc2 <__addsf3>

000007ee <.LVL8>:
     7ee:	a7 01       	movw	r20, r14
     7f0:	96 01       	movw	r18, r12
     7f2:	69 83       	std	Y+1, r22	; 0x01
     7f4:	7a 83       	std	Y+2, r23	; 0x02
     7f6:	8b 83       	std	Y+3, r24	; 0x03
     7f8:	9c 83       	std	Y+4, r25	; 0x04
     7fa:	69 81       	ldd	r22, Y+1	; 0x01
     7fc:	7a 81       	ldd	r23, Y+2	; 0x02
     7fe:	8b 81       	ldd	r24, Y+3	; 0x03
     800:	9c 81       	ldd	r25, Y+4	; 0x04
     802:	0e 94 cd 16 	call	0x2d9a	; 0x2d9a <__cmpsf2>

00000806 <.LVL9>:
     806:	88 23       	and	r24, r24
     808:	4c f6       	brge	.-110    	; 0x79c <.L24>

0000080a <.Loc.74>:
        IRSensorActief = 0;
     80a:	10 92 40 02 	sts	0x0240, r1	; 0x800240 <IRSensorActief.0+0x1>
     80e:	10 92 3f 02 	sts	0x023F, r1	; 0x80023f <IRSensorActief.0>

00000812 <.Loc.76>:
        ActivatieTijd = time;
     812:	80 91 2c 02 	lds	r24, 0x022C	; 0x80022c <time>
     816:	90 91 2d 02 	lds	r25, 0x022D	; 0x80022d <time+0x1>
     81a:	a0 91 2e 02 	lds	r26, 0x022E	; 0x80022e <time+0x2>
     81e:	b0 91 2f 02 	lds	r27, 0x022F	; 0x80022f <time+0x3>
     822:	80 93 41 02 	sts	0x0241, r24	; 0x800241 <ActivatieTijd.1>
     826:	90 93 42 02 	sts	0x0242, r25	; 0x800242 <ActivatieTijd.1+0x1>
     82a:	a0 93 43 02 	sts	0x0243, r26	; 0x800243 <ActivatieTijd.1+0x2>
     82e:	b0 93 44 02 	sts	0x0244, r27	; 0x800244 <ActivatieTijd.1+0x3>
     832:	b4 cf       	rjmp	.-152    	; 0x79c <.L24>

00000834 <.L30>:
    else if((IRPINS&(1<<IRSENSOR_R))&&(IRSensorActief)&&((ActivatieTijd+DEBOUNCETIME_S)<time)){
     834:	80 91 06 01 	lds	r24, 0x0106	; 0x800106 <__TEXT_REGION_LENGTH__+0x700106>
     838:	b1 cf       	rjmp	.-158    	; 0x79c <.L24>

0000083a <knop_setup>:
#define DEBOUNCETIME_S (DEBOUNCETIME_MS*0.001)



void knop_setup(){
    KNOPREGISTER |= (1 << STARTKNOP) | (1 << PLUSKNOP) | (1 << MINKNOP);
     83a:	80 b3       	in	r24, 0x10	; 16

0000083c <.Loc.2>:
     83c:	87 60       	ori	r24, 0x07	; 7
     83e:	80 bb       	out	0x10, r24	; 16

00000840 <.Loc.3>:
    KNOPPORTS |= (1 << STARTKNOP) | (1 << PLUSKNOP) | (1 << MINKNOP);
     840:	81 b3       	in	r24, 0x11	; 17

00000842 <.Loc.4>:
     842:	87 60       	ori	r24, 0x07	; 7
     844:	81 bb       	out	0x11, r24	; 17

00000846 <.Loc.5>:
}
     846:	08 95       	ret

00000848 <knop_ingedrukt>:


//return knopstaat en houdt rekening met debouncing
int knop_ingedrukt(t_knoppen knop){
     848:	cf 92       	push	r12
     84a:	df 92       	push	r13
     84c:	ef 92       	push	r14
     84e:	ff 92       	push	r15
     850:	cf 93       	push	r28
     852:	df 93       	push	r29
     854:	00 d0       	rcall	.+0      	; 0x856 <L0^A>

00000856 <L0^A>:
     856:	0f 92       	push	r0
     858:	cd b7       	in	r28, 0x3d	; 61
     85a:	de b7       	in	r29, 0x3e	; 62
     85c:	28 2f       	mov	r18, r24
     85e:	39 2f       	mov	r19, r25

00000860 <.Loc.8>:
    switch(knop){
     860:	21 30       	cpi	r18, 0x01	; 1
     862:	31 05       	cpc	r19, r1
     864:	09 f4       	brne	.+2      	; 0x868 <L0^A+0x2>

00000866 <L0^A>:
     866:	82 c0       	rjmp	.+260    	; 0x96c <.L3>
     868:	22 30       	cpi	r18, 0x02	; 2
     86a:	31 05       	cpc	r19, r1
     86c:	09 f4       	brne	.+2      	; 0x870 <L0^A+0x2>

0000086e <L0^A>:
     86e:	ed c0       	rjmp	.+474    	; 0xa4a <.L4>
     870:	80 e0       	ldi	r24, 0x00	; 0
     872:	90 e0       	ldi	r25, 0x00	; 0

00000874 <.Loc.9>:
     874:	23 2b       	or	r18, r19
     876:	59 f0       	breq	.+22     	; 0x88e <.L46>

00000878 <.L2>:

            return knopIngedrukt;
        }
    }
    return 0;
}
     878:	0f 90       	pop	r0
     87a:	0f 90       	pop	r0
     87c:	0f 90       	pop	r0
     87e:	0f 90       	pop	r0
     880:	df 91       	pop	r29
     882:	cf 91       	pop	r28
     884:	ff 90       	pop	r15
     886:	ef 90       	pop	r14
     888:	df 90       	pop	r13
     88a:	cf 90       	pop	r12
     88c:	08 95       	ret

0000088e <.L46>:
            if(knopTijd>time){
     88e:	20 91 2c 02 	lds	r18, 0x022C	; 0x80022c <time>
     892:	30 91 2d 02 	lds	r19, 0x022D	; 0x80022d <time+0x1>
     896:	40 91 2e 02 	lds	r20, 0x022E	; 0x80022e <time+0x2>
     89a:	50 91 2f 02 	lds	r21, 0x022F	; 0x80022f <time+0x3>

0000089e <.Loc.15>:
     89e:	60 91 59 02 	lds	r22, 0x0259	; 0x800259 <knopTijd.5>
     8a2:	70 91 5a 02 	lds	r23, 0x025A	; 0x80025a <knopTijd.5+0x1>
     8a6:	80 91 5b 02 	lds	r24, 0x025B	; 0x80025b <knopTijd.5+0x2>
     8aa:	90 91 5c 02 	lds	r25, 0x025C	; 0x80025c <knopTijd.5+0x3>
     8ae:	0e 94 2c 18 	call	0x3058	; 0x3058 <__gesf2>

000008b2 <.LVL2>:
     8b2:	18 16       	cp	r1, r24
     8b4:	44 f4       	brge	.+16     	; 0x8c6 <.L6>

000008b6 <.Loc.16>:
                knopTijd = 0;
     8b6:	10 92 59 02 	sts	0x0259, r1	; 0x800259 <knopTijd.5>
     8ba:	10 92 5a 02 	sts	0x025A, r1	; 0x80025a <knopTijd.5+0x1>
     8be:	10 92 5b 02 	sts	0x025B, r1	; 0x80025b <knopTijd.5+0x2>
     8c2:	10 92 5c 02 	sts	0x025C, r1	; 0x80025c <knopTijd.5+0x3>

000008c6 <.L6>:
            if((!(KNOPPINS&(1<<STARTKNOP)))&&(!knopIngedrukt)&&((knopTijd+DEBOUNCETIME_S)<time)){
     8c6:	78 99       	sbic	0x0f, 0	; 15
     8c8:	43 c0       	rjmp	.+134    	; 0x950 <.L8>

000008ca <.Loc.20>:
     8ca:	80 91 57 02 	lds	r24, 0x0257	; 0x800257 <knopIngedrukt.4>
     8ce:	90 91 58 02 	lds	r25, 0x0258	; 0x800258 <knopIngedrukt.4+0x1>
     8d2:	89 2b       	or	r24, r25
     8d4:	09 f0       	breq	.+2      	; 0x8d8 <.Loc.21>

000008d6 <L0^A>:
     8d6:	28 c1       	rjmp	.+592    	; 0xb28 <.L9>

000008d8 <.Loc.21>:
     8d8:	c0 90 2c 02 	lds	r12, 0x022C	; 0x80022c <time>
     8dc:	d0 90 2d 02 	lds	r13, 0x022D	; 0x80022d <time+0x1>
     8e0:	e0 90 2e 02 	lds	r14, 0x022E	; 0x80022e <time+0x2>
     8e4:	f0 90 2f 02 	lds	r15, 0x022F	; 0x80022f <time+0x3>

000008e8 <.Loc.22>:
     8e8:	2b e0       	ldi	r18, 0x0B	; 11
     8ea:	37 ed       	ldi	r19, 0xD7	; 215
     8ec:	43 e2       	ldi	r20, 0x23	; 35
     8ee:	5c e3       	ldi	r21, 0x3C	; 60
     8f0:	60 91 59 02 	lds	r22, 0x0259	; 0x800259 <knopTijd.5>
     8f4:	70 91 5a 02 	lds	r23, 0x025A	; 0x80025a <knopTijd.5+0x1>
     8f8:	80 91 5b 02 	lds	r24, 0x025B	; 0x80025b <knopTijd.5+0x2>
     8fc:	90 91 5c 02 	lds	r25, 0x025C	; 0x80025c <knopTijd.5+0x3>
     900:	0e 94 61 16 	call	0x2cc2	; 0x2cc2 <__addsf3>

00000904 <.LVL3>:
     904:	a7 01       	movw	r20, r14
     906:	96 01       	movw	r18, r12
     908:	69 83       	std	Y+1, r22	; 0x01
     90a:	7a 83       	std	Y+2, r23	; 0x02
     90c:	8b 83       	std	Y+3, r24	; 0x03
     90e:	9c 83       	std	Y+4, r25	; 0x04
     910:	69 81       	ldd	r22, Y+1	; 0x01
     912:	7a 81       	ldd	r23, Y+2	; 0x02
     914:	8b 81       	ldd	r24, Y+3	; 0x03
     916:	9c 81       	ldd	r25, Y+4	; 0x04
     918:	0e 94 cd 16 	call	0x2d9a	; 0x2d9a <__cmpsf2>

0000091c <.LVL4>:
     91c:	88 23       	and	r24, r24
     91e:	0c f0       	brlt	.+2      	; 0x922 <.Loc.24>

00000920 <L0^A>:
     920:	3f c1       	rjmp	.+638    	; 0xba0 <.L43>

00000922 <.Loc.24>:
                knopIngedrukt = 1;
     922:	81 e0       	ldi	r24, 0x01	; 1
     924:	90 e0       	ldi	r25, 0x00	; 0
     926:	90 93 58 02 	sts	0x0258, r25	; 0x800258 <knopIngedrukt.4+0x1>
     92a:	80 93 57 02 	sts	0x0257, r24	; 0x800257 <knopIngedrukt.4>

0000092e <.Loc.26>:
                knopTijd = time;
     92e:	80 91 2c 02 	lds	r24, 0x022C	; 0x80022c <time>
     932:	90 91 2d 02 	lds	r25, 0x022D	; 0x80022d <time+0x1>
     936:	a0 91 2e 02 	lds	r26, 0x022E	; 0x80022e <time+0x2>
     93a:	b0 91 2f 02 	lds	r27, 0x022F	; 0x80022f <time+0x3>
     93e:	80 93 59 02 	sts	0x0259, r24	; 0x800259 <knopTijd.5>
     942:	90 93 5a 02 	sts	0x025A, r25	; 0x80025a <knopTijd.5+0x1>
     946:	a0 93 5b 02 	sts	0x025B, r26	; 0x80025b <knopTijd.5+0x2>
     94a:	b0 93 5c 02 	sts	0x025C, r27	; 0x80025c <knopTijd.5+0x3>
     94e:	09 c0       	rjmp	.+18     	; 0x962 <.L12>

00000950 <.L8>:
            else if((KNOPPINS&(1<<STARTKNOP))&&(knopIngedrukt)&&((knopTijd+DEBOUNCETIME_S)<time)){
     950:	78 9b       	sbis	0x0f, 0	; 15
     952:	07 c0       	rjmp	.+14     	; 0x962 <.L12>

00000954 <.Loc.30>:
     954:	80 91 57 02 	lds	r24, 0x0257	; 0x800257 <knopIngedrukt.4>
     958:	90 91 58 02 	lds	r25, 0x0258	; 0x800258 <knopIngedrukt.4+0x1>
     95c:	89 2b       	or	r24, r25
     95e:	09 f0       	breq	.+2      	; 0x962 <.L12>

00000960 <L0^A>:
     960:	e5 c0       	rjmp	.+458    	; 0xb2c <.L30>

00000962 <.L12>:
            return knopIngedrukt;
     962:	80 91 57 02 	lds	r24, 0x0257	; 0x800257 <knopIngedrukt.4>
     966:	90 91 58 02 	lds	r25, 0x0258	; 0x800258 <knopIngedrukt.4+0x1>
     96a:	86 cf       	rjmp	.-244    	; 0x878 <.L2>

0000096c <.L3>:
            if(knopTijd>time){
     96c:	20 91 2c 02 	lds	r18, 0x022C	; 0x80022c <time>
     970:	30 91 2d 02 	lds	r19, 0x022D	; 0x80022d <time+0x1>
     974:	40 91 2e 02 	lds	r20, 0x022E	; 0x80022e <time+0x2>
     978:	50 91 2f 02 	lds	r21, 0x022F	; 0x80022f <time+0x3>

0000097c <.Loc.38>:
     97c:	60 91 53 02 	lds	r22, 0x0253	; 0x800253 <knopTijd.3>
     980:	70 91 54 02 	lds	r23, 0x0254	; 0x800254 <knopTijd.3+0x1>
     984:	80 91 55 02 	lds	r24, 0x0255	; 0x800255 <knopTijd.3+0x2>
     988:	90 91 56 02 	lds	r25, 0x0256	; 0x800256 <knopTijd.3+0x3>
     98c:	0e 94 2c 18 	call	0x3058	; 0x3058 <__gesf2>

00000990 <.LVL6>:
     990:	18 16       	cp	r1, r24
     992:	44 f4       	brge	.+16     	; 0x9a4 <.L14>

00000994 <.Loc.40>:
                knopTijd = 0;
     994:	10 92 53 02 	sts	0x0253, r1	; 0x800253 <knopTijd.3>
     998:	10 92 54 02 	sts	0x0254, r1	; 0x800254 <knopTijd.3+0x1>
     99c:	10 92 55 02 	sts	0x0255, r1	; 0x800255 <knopTijd.3+0x2>
     9a0:	10 92 56 02 	sts	0x0256, r1	; 0x800256 <knopTijd.3+0x3>

000009a4 <.L14>:
            if((!(KNOPPINS&(1<<PLUSKNOP)))&&(!knopIngedrukt)&&((knopTijd+DEBOUNCETIME_S)<time)){
     9a4:	7a 99       	sbic	0x0f, 2	; 15
     9a6:	43 c0       	rjmp	.+134    	; 0xa2e <.L16>

000009a8 <.Loc.44>:
     9a8:	80 91 51 02 	lds	r24, 0x0251	; 0x800251 <knopIngedrukt.2>
     9ac:	90 91 52 02 	lds	r25, 0x0252	; 0x800252 <knopIngedrukt.2+0x1>
     9b0:	89 2b       	or	r24, r25
     9b2:	09 f0       	breq	.+2      	; 0x9b6 <.Loc.45>

000009b4 <L0^A>:
     9b4:	f7 c0       	rjmp	.+494    	; 0xba4 <.L17>

000009b6 <.Loc.45>:
     9b6:	c0 90 2c 02 	lds	r12, 0x022C	; 0x80022c <time>
     9ba:	d0 90 2d 02 	lds	r13, 0x022D	; 0x80022d <time+0x1>
     9be:	e0 90 2e 02 	lds	r14, 0x022E	; 0x80022e <time+0x2>
     9c2:	f0 90 2f 02 	lds	r15, 0x022F	; 0x80022f <time+0x3>

000009c6 <.Loc.46>:
     9c6:	2b e0       	ldi	r18, 0x0B	; 11
     9c8:	37 ed       	ldi	r19, 0xD7	; 215
     9ca:	43 e2       	ldi	r20, 0x23	; 35
     9cc:	5c e3       	ldi	r21, 0x3C	; 60
     9ce:	60 91 53 02 	lds	r22, 0x0253	; 0x800253 <knopTijd.3>
     9d2:	70 91 54 02 	lds	r23, 0x0254	; 0x800254 <knopTijd.3+0x1>
     9d6:	80 91 55 02 	lds	r24, 0x0255	; 0x800255 <knopTijd.3+0x2>
     9da:	90 91 56 02 	lds	r25, 0x0256	; 0x800256 <knopTijd.3+0x3>
     9de:	0e 94 61 16 	call	0x2cc2	; 0x2cc2 <__addsf3>

000009e2 <.LVL7>:
     9e2:	a7 01       	movw	r20, r14
     9e4:	96 01       	movw	r18, r12
     9e6:	69 83       	std	Y+1, r22	; 0x01
     9e8:	7a 83       	std	Y+2, r23	; 0x02
     9ea:	8b 83       	std	Y+3, r24	; 0x03
     9ec:	9c 83       	std	Y+4, r25	; 0x04
     9ee:	69 81       	ldd	r22, Y+1	; 0x01
     9f0:	7a 81       	ldd	r23, Y+2	; 0x02
     9f2:	8b 81       	ldd	r24, Y+3	; 0x03
     9f4:	9c 81       	ldd	r25, Y+4	; 0x04
     9f6:	0e 94 cd 16 	call	0x2d9a	; 0x2d9a <__cmpsf2>

000009fa <.LVL8>:
     9fa:	88 23       	and	r24, r24
     9fc:	0c f0       	brlt	.+2      	; 0xa00 <.Loc.48>

000009fe <L0^A>:
     9fe:	0e c1       	rjmp	.+540    	; 0xc1c <.L44>

00000a00 <.Loc.48>:
                knopIngedrukt = 1;
     a00:	81 e0       	ldi	r24, 0x01	; 1
     a02:	90 e0       	ldi	r25, 0x00	; 0
     a04:	90 93 52 02 	sts	0x0252, r25	; 0x800252 <knopIngedrukt.2+0x1>
     a08:	80 93 51 02 	sts	0x0251, r24	; 0x800251 <knopIngedrukt.2>

00000a0c <.Loc.50>:
                knopTijd = time;
     a0c:	80 91 2c 02 	lds	r24, 0x022C	; 0x80022c <time>
     a10:	90 91 2d 02 	lds	r25, 0x022D	; 0x80022d <time+0x1>
     a14:	a0 91 2e 02 	lds	r26, 0x022E	; 0x80022e <time+0x2>
     a18:	b0 91 2f 02 	lds	r27, 0x022F	; 0x80022f <time+0x3>
     a1c:	80 93 53 02 	sts	0x0253, r24	; 0x800253 <knopTijd.3>
     a20:	90 93 54 02 	sts	0x0254, r25	; 0x800254 <knopTijd.3+0x1>
     a24:	a0 93 55 02 	sts	0x0255, r26	; 0x800255 <knopTijd.3+0x2>
     a28:	b0 93 56 02 	sts	0x0256, r27	; 0x800256 <knopTijd.3+0x3>
     a2c:	09 c0       	rjmp	.+18     	; 0xa40 <.L20>

00000a2e <.L16>:
            else if((KNOPPINS&(1<<PLUSKNOP))&&(knopIngedrukt)&&((knopTijd+DEBOUNCETIME_S)<time)){
     a2e:	7a 9b       	sbis	0x0f, 2	; 15
     a30:	07 c0       	rjmp	.+14     	; 0xa40 <.L20>

00000a32 <.Loc.54>:
     a32:	80 91 51 02 	lds	r24, 0x0251	; 0x800251 <knopIngedrukt.2>
     a36:	90 91 52 02 	lds	r25, 0x0252	; 0x800252 <knopIngedrukt.2+0x1>
     a3a:	89 2b       	or	r24, r25
     a3c:	09 f0       	breq	.+2      	; 0xa40 <.L20>

00000a3e <L0^A>:
     a3e:	b4 c0       	rjmp	.+360    	; 0xba8 <.L31>

00000a40 <.L20>:
            return knopIngedrukt;
     a40:	80 91 51 02 	lds	r24, 0x0251	; 0x800251 <knopIngedrukt.2>
     a44:	90 91 52 02 	lds	r25, 0x0252	; 0x800252 <knopIngedrukt.2+0x1>
     a48:	17 cf       	rjmp	.-466    	; 0x878 <.L2>

00000a4a <.L4>:
            if(knopTijd>time){
     a4a:	20 91 2c 02 	lds	r18, 0x022C	; 0x80022c <time>
     a4e:	30 91 2d 02 	lds	r19, 0x022D	; 0x80022d <time+0x1>
     a52:	40 91 2e 02 	lds	r20, 0x022E	; 0x80022e <time+0x2>
     a56:	50 91 2f 02 	lds	r21, 0x022F	; 0x80022f <time+0x3>

00000a5a <.Loc.62>:
     a5a:	60 91 4d 02 	lds	r22, 0x024D	; 0x80024d <knopTijd.1>
     a5e:	70 91 4e 02 	lds	r23, 0x024E	; 0x80024e <knopTijd.1+0x1>
     a62:	80 91 4f 02 	lds	r24, 0x024F	; 0x80024f <knopTijd.1+0x2>
     a66:	90 91 50 02 	lds	r25, 0x0250	; 0x800250 <knopTijd.1+0x3>
     a6a:	0e 94 2c 18 	call	0x3058	; 0x3058 <__gesf2>

00000a6e <.LVL10>:
     a6e:	18 16       	cp	r1, r24
     a70:	44 f4       	brge	.+16     	; 0xa82 <.L22>

00000a72 <.Loc.64>:
                knopTijd = 0;
     a72:	10 92 4d 02 	sts	0x024D, r1	; 0x80024d <knopTijd.1>
     a76:	10 92 4e 02 	sts	0x024E, r1	; 0x80024e <knopTijd.1+0x1>
     a7a:	10 92 4f 02 	sts	0x024F, r1	; 0x80024f <knopTijd.1+0x2>
     a7e:	10 92 50 02 	sts	0x0250, r1	; 0x800250 <knopTijd.1+0x3>

00000a82 <.L22>:
            if((!(KNOPPINS&(1<<MINKNOP)))&&(!knopIngedrukt)&&((knopTijd+DEBOUNCETIME_S)<time)){
     a82:	79 99       	sbic	0x0f, 1	; 15
     a84:	43 c0       	rjmp	.+134    	; 0xb0c <.L24>

00000a86 <.Loc.68>:
     a86:	80 91 4b 02 	lds	r24, 0x024B	; 0x80024b <knopIngedrukt.0>
     a8a:	90 91 4c 02 	lds	r25, 0x024C	; 0x80024c <knopIngedrukt.0+0x1>
     a8e:	89 2b       	or	r24, r25
     a90:	09 f0       	breq	.+2      	; 0xa94 <.Loc.69>

00000a92 <L0^A>:
     a92:	c8 c0       	rjmp	.+400    	; 0xc24 <.L25>

00000a94 <.Loc.69>:
     a94:	c0 90 2c 02 	lds	r12, 0x022C	; 0x80022c <time>
     a98:	d0 90 2d 02 	lds	r13, 0x022D	; 0x80022d <time+0x1>
     a9c:	e0 90 2e 02 	lds	r14, 0x022E	; 0x80022e <time+0x2>
     aa0:	f0 90 2f 02 	lds	r15, 0x022F	; 0x80022f <time+0x3>

00000aa4 <.Loc.70>:
     aa4:	2b e0       	ldi	r18, 0x0B	; 11
     aa6:	37 ed       	ldi	r19, 0xD7	; 215
     aa8:	43 e2       	ldi	r20, 0x23	; 35
     aaa:	5c e3       	ldi	r21, 0x3C	; 60
     aac:	60 91 4d 02 	lds	r22, 0x024D	; 0x80024d <knopTijd.1>
     ab0:	70 91 4e 02 	lds	r23, 0x024E	; 0x80024e <knopTijd.1+0x1>
     ab4:	80 91 4f 02 	lds	r24, 0x024F	; 0x80024f <knopTijd.1+0x2>
     ab8:	90 91 50 02 	lds	r25, 0x0250	; 0x800250 <knopTijd.1+0x3>
     abc:	0e 94 61 16 	call	0x2cc2	; 0x2cc2 <__addsf3>

00000ac0 <.LVL11>:
     ac0:	a7 01       	movw	r20, r14
     ac2:	96 01       	movw	r18, r12
     ac4:	69 83       	std	Y+1, r22	; 0x01
     ac6:	7a 83       	std	Y+2, r23	; 0x02
     ac8:	8b 83       	std	Y+3, r24	; 0x03
     aca:	9c 83       	std	Y+4, r25	; 0x04
     acc:	69 81       	ldd	r22, Y+1	; 0x01
     ace:	7a 81       	ldd	r23, Y+2	; 0x02
     ad0:	8b 81       	ldd	r24, Y+3	; 0x03
     ad2:	9c 81       	ldd	r25, Y+4	; 0x04
     ad4:	0e 94 cd 16 	call	0x2d9a	; 0x2d9a <__cmpsf2>

00000ad8 <.LVL12>:
     ad8:	88 23       	and	r24, r24
     ada:	0c f0       	brlt	.+2      	; 0xade <.Loc.72>

00000adc <L0^A>:
     adc:	a1 c0       	rjmp	.+322    	; 0xc20 <.L45>

00000ade <.Loc.72>:
                knopIngedrukt = 1;
     ade:	81 e0       	ldi	r24, 0x01	; 1
     ae0:	90 e0       	ldi	r25, 0x00	; 0
     ae2:	90 93 4c 02 	sts	0x024C, r25	; 0x80024c <knopIngedrukt.0+0x1>
     ae6:	80 93 4b 02 	sts	0x024B, r24	; 0x80024b <knopIngedrukt.0>

00000aea <.Loc.74>:
                knopTijd = time;
     aea:	80 91 2c 02 	lds	r24, 0x022C	; 0x80022c <time>
     aee:	90 91 2d 02 	lds	r25, 0x022D	; 0x80022d <time+0x1>
     af2:	a0 91 2e 02 	lds	r26, 0x022E	; 0x80022e <time+0x2>
     af6:	b0 91 2f 02 	lds	r27, 0x022F	; 0x80022f <time+0x3>
     afa:	80 93 4d 02 	sts	0x024D, r24	; 0x80024d <knopTijd.1>
     afe:	90 93 4e 02 	sts	0x024E, r25	; 0x80024e <knopTijd.1+0x1>
     b02:	a0 93 4f 02 	sts	0x024F, r26	; 0x80024f <knopTijd.1+0x2>
     b06:	b0 93 50 02 	sts	0x0250, r27	; 0x800250 <knopTijd.1+0x3>
     b0a:	09 c0       	rjmp	.+18     	; 0xb1e <.L28>

00000b0c <.L24>:
            else if((KNOPPINS&(1<<MINKNOP))&&(knopIngedrukt)&&((knopTijd+DEBOUNCETIME_S)<time)){
     b0c:	79 9b       	sbis	0x0f, 1	; 15
     b0e:	07 c0       	rjmp	.+14     	; 0xb1e <.L28>

00000b10 <.Loc.78>:
     b10:	80 91 4b 02 	lds	r24, 0x024B	; 0x80024b <knopIngedrukt.0>
     b14:	90 91 4c 02 	lds	r25, 0x024C	; 0x80024c <knopIngedrukt.0+0x1>
     b18:	89 2b       	or	r24, r25
     b1a:	09 f0       	breq	.+2      	; 0xb1e <.L28>

00000b1c <L0^A>:
     b1c:	85 c0       	rjmp	.+266    	; 0xc28 <.L32>

00000b1e <.L28>:
            return knopIngedrukt;
     b1e:	80 91 4b 02 	lds	r24, 0x024B	; 0x80024b <knopIngedrukt.0>
     b22:	90 91 4c 02 	lds	r25, 0x024C	; 0x80024c <knopIngedrukt.0+0x1>
     b26:	a8 ce       	rjmp	.-688    	; 0x878 <.L2>

00000b28 <.L9>:
            else if((KNOPPINS&(1<<STARTKNOP))&&(knopIngedrukt)&&((knopTijd+DEBOUNCETIME_S)<time)){
     b28:	78 9b       	sbis	0x0f, 0	; 15
     b2a:	1b cf       	rjmp	.-458    	; 0x962 <.L12>

00000b2c <.L30>:
     b2c:	c0 90 2c 02 	lds	r12, 0x022C	; 0x80022c <time>
     b30:	d0 90 2d 02 	lds	r13, 0x022D	; 0x80022d <time+0x1>
     b34:	e0 90 2e 02 	lds	r14, 0x022E	; 0x80022e <time+0x2>
     b38:	f0 90 2f 02 	lds	r15, 0x022F	; 0x80022f <time+0x3>

00000b3c <.Loc.84>:
     b3c:	2b e0       	ldi	r18, 0x0B	; 11
     b3e:	37 ed       	ldi	r19, 0xD7	; 215
     b40:	43 e2       	ldi	r20, 0x23	; 35
     b42:	5c e3       	ldi	r21, 0x3C	; 60
     b44:	60 91 59 02 	lds	r22, 0x0259	; 0x800259 <knopTijd.5>
     b48:	70 91 5a 02 	lds	r23, 0x025A	; 0x80025a <knopTijd.5+0x1>
     b4c:	80 91 5b 02 	lds	r24, 0x025B	; 0x80025b <knopTijd.5+0x2>
     b50:	90 91 5c 02 	lds	r25, 0x025C	; 0x80025c <knopTijd.5+0x3>
     b54:	0e 94 61 16 	call	0x2cc2	; 0x2cc2 <__addsf3>

00000b58 <.LVL13>:
     b58:	a7 01       	movw	r20, r14
     b5a:	96 01       	movw	r18, r12
     b5c:	69 83       	std	Y+1, r22	; 0x01
     b5e:	7a 83       	std	Y+2, r23	; 0x02
     b60:	8b 83       	std	Y+3, r24	; 0x03
     b62:	9c 83       	std	Y+4, r25	; 0x04
     b64:	69 81       	ldd	r22, Y+1	; 0x01
     b66:	7a 81       	ldd	r23, Y+2	; 0x02
     b68:	8b 81       	ldd	r24, Y+3	; 0x03
     b6a:	9c 81       	ldd	r25, Y+4	; 0x04
     b6c:	0e 94 cd 16 	call	0x2d9a	; 0x2d9a <__cmpsf2>

00000b70 <.LVL14>:
     b70:	88 23       	and	r24, r24
     b72:	0c f0       	brlt	.+2      	; 0xb76 <.Loc.86>

00000b74 <L0^A>:
     b74:	f6 ce       	rjmp	.-532    	; 0x962 <.L12>

00000b76 <.Loc.86>:
                knopIngedrukt = 0;
     b76:	10 92 58 02 	sts	0x0258, r1	; 0x800258 <knopIngedrukt.4+0x1>
     b7a:	10 92 57 02 	sts	0x0257, r1	; 0x800257 <knopIngedrukt.4>

00000b7e <.Loc.88>:
                knopTijd = time;
     b7e:	80 91 2c 02 	lds	r24, 0x022C	; 0x80022c <time>
     b82:	90 91 2d 02 	lds	r25, 0x022D	; 0x80022d <time+0x1>
     b86:	a0 91 2e 02 	lds	r26, 0x022E	; 0x80022e <time+0x2>
     b8a:	b0 91 2f 02 	lds	r27, 0x022F	; 0x80022f <time+0x3>
     b8e:	80 93 59 02 	sts	0x0259, r24	; 0x800259 <knopTijd.5>
     b92:	90 93 5a 02 	sts	0x025A, r25	; 0x80025a <knopTijd.5+0x1>
     b96:	a0 93 5b 02 	sts	0x025B, r26	; 0x80025b <knopTijd.5+0x2>
     b9a:	b0 93 5c 02 	sts	0x025C, r27	; 0x80025c <knopTijd.5+0x3>
     b9e:	e1 ce       	rjmp	.-574    	; 0x962 <.L12>

00000ba0 <.L43>:
            else if((KNOPPINS&(1<<STARTKNOP))&&(knopIngedrukt)&&((knopTijd+DEBOUNCETIME_S)<time)){
     ba0:	8f b1       	in	r24, 0x0f	; 15
     ba2:	df ce       	rjmp	.-578    	; 0x962 <.L12>

00000ba4 <.L17>:
            else if((KNOPPINS&(1<<PLUSKNOP))&&(knopIngedrukt)&&((knopTijd+DEBOUNCETIME_S)<time)){
     ba4:	7a 9b       	sbis	0x0f, 2	; 15
     ba6:	4c cf       	rjmp	.-360    	; 0xa40 <.L20>

00000ba8 <.L31>:
     ba8:	c0 90 2c 02 	lds	r12, 0x022C	; 0x80022c <time>
     bac:	d0 90 2d 02 	lds	r13, 0x022D	; 0x80022d <time+0x1>
     bb0:	e0 90 2e 02 	lds	r14, 0x022E	; 0x80022e <time+0x2>
     bb4:	f0 90 2f 02 	lds	r15, 0x022F	; 0x80022f <time+0x3>

00000bb8 <.Loc.95>:
     bb8:	2b e0       	ldi	r18, 0x0B	; 11
     bba:	37 ed       	ldi	r19, 0xD7	; 215
     bbc:	43 e2       	ldi	r20, 0x23	; 35
     bbe:	5c e3       	ldi	r21, 0x3C	; 60
     bc0:	60 91 53 02 	lds	r22, 0x0253	; 0x800253 <knopTijd.3>
     bc4:	70 91 54 02 	lds	r23, 0x0254	; 0x800254 <knopTijd.3+0x1>
     bc8:	80 91 55 02 	lds	r24, 0x0255	; 0x800255 <knopTijd.3+0x2>
     bcc:	90 91 56 02 	lds	r25, 0x0256	; 0x800256 <knopTijd.3+0x3>
     bd0:	0e 94 61 16 	call	0x2cc2	; 0x2cc2 <__addsf3>

00000bd4 <.LVL15>:
     bd4:	a7 01       	movw	r20, r14
     bd6:	96 01       	movw	r18, r12
     bd8:	69 83       	std	Y+1, r22	; 0x01
     bda:	7a 83       	std	Y+2, r23	; 0x02
     bdc:	8b 83       	std	Y+3, r24	; 0x03
     bde:	9c 83       	std	Y+4, r25	; 0x04
     be0:	69 81       	ldd	r22, Y+1	; 0x01
     be2:	7a 81       	ldd	r23, Y+2	; 0x02
     be4:	8b 81       	ldd	r24, Y+3	; 0x03
     be6:	9c 81       	ldd	r25, Y+4	; 0x04
     be8:	0e 94 cd 16 	call	0x2d9a	; 0x2d9a <__cmpsf2>

00000bec <.LVL16>:
     bec:	88 23       	and	r24, r24
     bee:	0c f0       	brlt	.+2      	; 0xbf2 <.Loc.97>

00000bf0 <L0^A>:
     bf0:	27 cf       	rjmp	.-434    	; 0xa40 <.L20>

00000bf2 <.Loc.97>:
                knopIngedrukt = 0;
     bf2:	10 92 52 02 	sts	0x0252, r1	; 0x800252 <knopIngedrukt.2+0x1>
     bf6:	10 92 51 02 	sts	0x0251, r1	; 0x800251 <knopIngedrukt.2>

00000bfa <.Loc.100>:
                knopTijd = time;
     bfa:	80 91 2c 02 	lds	r24, 0x022C	; 0x80022c <time>
     bfe:	90 91 2d 02 	lds	r25, 0x022D	; 0x80022d <time+0x1>
     c02:	a0 91 2e 02 	lds	r26, 0x022E	; 0x80022e <time+0x2>
     c06:	b0 91 2f 02 	lds	r27, 0x022F	; 0x80022f <time+0x3>
     c0a:	80 93 53 02 	sts	0x0253, r24	; 0x800253 <knopTijd.3>
     c0e:	90 93 54 02 	sts	0x0254, r25	; 0x800254 <knopTijd.3+0x1>
     c12:	a0 93 55 02 	sts	0x0255, r26	; 0x800255 <knopTijd.3+0x2>
     c16:	b0 93 56 02 	sts	0x0256, r27	; 0x800256 <knopTijd.3+0x3>
     c1a:	12 cf       	rjmp	.-476    	; 0xa40 <.L20>

00000c1c <.L44>:
            else if((KNOPPINS&(1<<PLUSKNOP))&&(knopIngedrukt)&&((knopTijd+DEBOUNCETIME_S)<time)){
     c1c:	8f b1       	in	r24, 0x0f	; 15
     c1e:	10 cf       	rjmp	.-480    	; 0xa40 <.L20>

00000c20 <.L45>:
            else if((KNOPPINS&(1<<MINKNOP))&&(knopIngedrukt)&&((knopTijd+DEBOUNCETIME_S)<time)){
     c20:	8f b1       	in	r24, 0x0f	; 15
     c22:	7d cf       	rjmp	.-262    	; 0xb1e <.L28>

00000c24 <.L25>:
     c24:	79 9b       	sbis	0x0f, 1	; 15
     c26:	7b cf       	rjmp	.-266    	; 0xb1e <.L28>

00000c28 <.L32>:
     c28:	c0 90 2c 02 	lds	r12, 0x022C	; 0x80022c <time>
     c2c:	d0 90 2d 02 	lds	r13, 0x022D	; 0x80022d <time+0x1>
     c30:	e0 90 2e 02 	lds	r14, 0x022E	; 0x80022e <time+0x2>
     c34:	f0 90 2f 02 	lds	r15, 0x022F	; 0x80022f <time+0x3>

00000c38 <.Loc.108>:
     c38:	2b e0       	ldi	r18, 0x0B	; 11
     c3a:	37 ed       	ldi	r19, 0xD7	; 215
     c3c:	43 e2       	ldi	r20, 0x23	; 35
     c3e:	5c e3       	ldi	r21, 0x3C	; 60
     c40:	60 91 4d 02 	lds	r22, 0x024D	; 0x80024d <knopTijd.1>
     c44:	70 91 4e 02 	lds	r23, 0x024E	; 0x80024e <knopTijd.1+0x1>
     c48:	80 91 4f 02 	lds	r24, 0x024F	; 0x80024f <knopTijd.1+0x2>
     c4c:	90 91 50 02 	lds	r25, 0x0250	; 0x800250 <knopTijd.1+0x3>
     c50:	0e 94 61 16 	call	0x2cc2	; 0x2cc2 <__addsf3>

00000c54 <.LVL17>:
     c54:	a7 01       	movw	r20, r14
     c56:	96 01       	movw	r18, r12
     c58:	69 83       	std	Y+1, r22	; 0x01
     c5a:	7a 83       	std	Y+2, r23	; 0x02
     c5c:	8b 83       	std	Y+3, r24	; 0x03
     c5e:	9c 83       	std	Y+4, r25	; 0x04
     c60:	69 81       	ldd	r22, Y+1	; 0x01
     c62:	7a 81       	ldd	r23, Y+2	; 0x02
     c64:	8b 81       	ldd	r24, Y+3	; 0x03
     c66:	9c 81       	ldd	r25, Y+4	; 0x04
     c68:	0e 94 cd 16 	call	0x2d9a	; 0x2d9a <__cmpsf2>

00000c6c <.LVL18>:
     c6c:	88 23       	and	r24, r24
     c6e:	0c f0       	brlt	.+2      	; 0xc72 <.Loc.110>

00000c70 <L0^A>:
     c70:	56 cf       	rjmp	.-340    	; 0xb1e <.L28>

00000c72 <.Loc.110>:
                knopIngedrukt = 0;
     c72:	10 92 4c 02 	sts	0x024C, r1	; 0x80024c <knopIngedrukt.0+0x1>
     c76:	10 92 4b 02 	sts	0x024B, r1	; 0x80024b <knopIngedrukt.0>

00000c7a <.Loc.112>:
                knopTijd = time;
     c7a:	80 91 2c 02 	lds	r24, 0x022C	; 0x80022c <time>
     c7e:	90 91 2d 02 	lds	r25, 0x022D	; 0x80022d <time+0x1>
     c82:	a0 91 2e 02 	lds	r26, 0x022E	; 0x80022e <time+0x2>
     c86:	b0 91 2f 02 	lds	r27, 0x022F	; 0x80022f <time+0x3>
     c8a:	80 93 4d 02 	sts	0x024D, r24	; 0x80024d <knopTijd.1>
     c8e:	90 93 4e 02 	sts	0x024E, r25	; 0x80024e <knopTijd.1+0x1>
     c92:	a0 93 4f 02 	sts	0x024F, r26	; 0x80024f <knopTijd.1+0x2>
     c96:	b0 93 50 02 	sts	0x0250, r27	; 0x800250 <knopTijd.1+0x3>
     c9a:	41 cf       	rjmp	.-382    	; 0xb1e <.L28>

00000c9c <main>:

enum enum_operatingState{e_eStop, e_reset, e_idle, e_pad, e_bochtState, e_blockBlock, e_volg};
typedef enum enum_operatingState t_operatingState;
t_operatingState operatingState = e_reset;

int main(void){
     c9c:	00 d0       	rcall	.+0      	; 0xc9e <L0^A>

00000c9e <L0^A>:
     c9e:	00 d0       	rcall	.+0      	; 0xca0 <L0^A>

00000ca0 <L0^A>:
     ca0:	0f 92       	push	r0
     ca2:	cd b7       	in	r28, 0x3d	; 61
     ca4:	de b7       	in	r29, 0x3e	; 62

00000ca6 <.Loc.1>:
    t_operatingState lastOperatingState = operatingState; //operating state in last cycle
     ca6:	00 91 24 02 	lds	r16, 0x0224	; 0x800224 <operatingState>
     caa:	10 91 25 02 	lds	r17, 0x0225	; 0x800225 <operatingState+0x1>

00000cae <.Loc.3>:
                reverse = navigatie_reverse;
                break;
            }
            };

            navigatie_navigeerBocht(com_command.arg,PADAFSTAND/2);
     cae:	0f 2e       	mov	r0, r31
     cb0:	f0 e3       	ldi	r31, 0x30	; 48
     cb2:	ef 2e       	mov	r14, r31
     cb4:	f2 e0       	ldi	r31, 0x02	; 2
     cb6:	ff 2e       	mov	r15, r31
     cb8:	f0 2d       	mov	r31, r0

00000cba <.Loc.6>:
                    }
                    break;
                }
                case 3:{//rij pad terug uit
                    if(!(((navigatie_afstandAfgelegd-startAfstand)<(3.14*(PADAFSTAND*0.01)+2*muurGatAfstand))&&(ultrasoon_getDistance_L()<MAXWALLDISTANCE)&&(ultrasoon_getDistance_R()<MAXWALLDISTANCE))){
                        navigatie_navigeerBocht(e_vooruit,0);
     cba:	0f 2e       	mov	r0, r31
     cbc:	f5 e0       	ldi	r31, 0x05	; 5
     cbe:	8f 2e       	mov	r8, r31
     cc0:	f0 2d       	mov	r31, r0
     cc2:	91 2c       	mov	r9, r1

00000cc4 <.Loc.7>:
                navigatie_reverse = !reverse;
     cc4:	41 2c       	mov	r4, r1
     cc6:	51 2c       	mov	r5, r1
     cc8:	68 94       	set
     cca:	66 24       	eor	r6, r6
     ccc:	67 f8       	bld	r6, 7
     cce:	0f 2e       	mov	r0, r31
     cd0:	ff e3       	ldi	r31, 0x3F	; 63
     cd2:	7f 2e       	mov	r7, r31
     cd4:	f0 2d       	mov	r31, r0

00000cd6 <.Loc.8>:
                navigatie_navigeerBocht((com_command.arg==e_rechts)?e_links:e_rechts,PADAFSTAND/2);
     cd6:	68 94       	set
     cd8:	aa 24       	eor	r10, r10
     cda:	a1 f8       	bld	r10, 1
     cdc:	b1 2c       	mov	r11, r1

00000cde <.Loc.9>:
                navigatie_navigeerBocht((com_command.arg==e_rechts)?e_rechts:e_links,PADAFSTAND/2);
     cde:	22 24       	eor	r2, r2
     ce0:	23 94       	inc	r2
     ce2:	31 2c       	mov	r3, r1

00000ce4 <.Loc.10>:
            navigatie_reverse = com_command_temp.arg<0x7F;
     ce4:	0f 2e       	mov	r0, r31
     ce6:	ff e6       	ldi	r31, 0x6F	; 111
     ce8:	cf 2e       	mov	r12, r31
     cea:	f2 e0       	ldi	r31, 0x02	; 2
     cec:	df 2e       	mov	r13, r31
     cee:	f0 2d       	mov	r31, r0
     cf0:	52 c1       	rjmp	.+676    	; 0xf96 <.L2>

00000cf2 <.L46>:
        switch(startOperatingState){
     cf2:	0d 81       	ldd	r16, Y+5	; 0x05
     cf4:	1e 81       	ldd	r17, Y+6	; 0x06

00000cf6 <.Loc.13>:
     cf6:	4f c1       	rjmp	.+670    	; 0xf96 <.L2>

00000cf8 <.L78>:
        if(newCommand&&!noodstop_ingedrukt()){
     cf8:	0e 94 c5 11 	call	0x238a	; 0x238a <noodstop_ingedrukt>

00000cfc <.LVL4>:
     cfc:	89 2b       	or	r24, r25
     cfe:	09 f0       	breq	.+2      	; 0xd02 <.Loc.16>

00000d00 <L0^A>:
     d00:	51 c1       	rjmp	.+674    	; 0xfa4 <.L4>

00000d02 <.Loc.16>:
            com_command_temp = com_command;
     d02:	85 e0       	ldi	r24, 0x05	; 5
     d04:	f7 01       	movw	r30, r14
     d06:	d6 01       	movw	r26, r12

00000d08 <.L^B1>:
     d08:	01 90       	ld	r0, Z+
     d0a:	0d 92       	st	X+, r0
     d0c:	8a 95       	dec	r24
     d0e:	e1 f7       	brne	.-8      	; 0xd08 <.L^B1>

00000d10 <.Loc.18>:
            switch(com_command_temp.command){
     d10:	d6 01       	movw	r26, r12
     d12:	8d 91       	ld	r24, X+
     d14:	9c 91       	ld	r25, X
     d16:	03 97       	sbiw	r24, 0x03	; 3
     d18:	49 f0       	breq	.+18     	; 0xd2c <.L73>

00000d1a <.Loc.19>:
                operatingState = e_idle;
     d1a:	a0 92 24 02 	sts	0x0224, r10	; 0x800224 <operatingState>
     d1e:	b0 92 25 02 	sts	0x0225, r11	; 0x800225 <operatingState+0x1>

00000d22 <.L11>:
            stopAGV();
     d22:	0e 94 a9 0a 	call	0x1552	; 0x1552 <stopAGV>

00000d26 <.LVL6>:
            break;
     d26:	0a 2d       	mov	r16, r10

00000d28 <.Loc.25>:
     d28:	1b 2d       	mov	r17, r11
     d2a:	35 c1       	rjmp	.+618    	; 0xf96 <.L2>

00000d2c <.L73>:
                operatingState = e_blockBlock;
     d2c:	80 92 24 02 	sts	0x0224, r8	; 0x800224 <operatingState>
     d30:	90 92 25 02 	sts	0x0225, r9	; 0x800225 <operatingState+0x1>

00000d34 <.L6>:
            switch(lastOperatingState){
     d34:	01 15       	cp	r16, r1
     d36:	11 05       	cpc	r17, r1
     d38:	59 f1       	breq	.+86     	; 0xd90 <.L25>

00000d3a <.Loc.36>:
     d3a:	05 30       	cpi	r16, 0x05	; 5
     d3c:	11 05       	cpc	r17, r1
     d3e:	41 f1       	breq	.+80     	; 0xd90 <.L25>

00000d40 <.Loc.37>:
                startAfstand = navigatie_afstandAfgelegd;
     d40:	80 91 74 02 	lds	r24, 0x0274	; 0x800274 <navigatie_afstandAfgelegd>
     d44:	90 91 75 02 	lds	r25, 0x0275	; 0x800275 <navigatie_afstandAfgelegd+0x1>
     d48:	a0 91 76 02 	lds	r26, 0x0276	; 0x800276 <navigatie_afstandAfgelegd+0x2>
     d4c:	b0 91 77 02 	lds	r27, 0x0277	; 0x800277 <navigatie_afstandAfgelegd+0x3>
     d50:	80 93 65 02 	sts	0x0265, r24	; 0x800265 <startAfstand.2>
     d54:	90 93 66 02 	sts	0x0266, r25	; 0x800266 <startAfstand.2+0x1>
     d58:	a0 93 67 02 	sts	0x0267, r26	; 0x800267 <startAfstand.2+0x2>
     d5c:	b0 93 68 02 	sts	0x0268, r27	; 0x800268 <startAfstand.2+0x3>

00000d60 <.Loc.39>:
                muurGatAfstand = 0;
     d60:	10 92 61 02 	sts	0x0261, r1	; 0x800261 <muurGatAfstand.1>
     d64:	10 92 62 02 	sts	0x0262, r1	; 0x800262 <muurGatAfstand.1+0x1>
     d68:	10 92 63 02 	sts	0x0263, r1	; 0x800263 <muurGatAfstand.1+0x2>
     d6c:	10 92 64 02 	sts	0x0264, r1	; 0x800264 <muurGatAfstand.1+0x3>

00000d70 <.Loc.41>:
                reverse = navigatie_reverse;
     d70:	80 91 78 02 	lds	r24, 0x0278	; 0x800278 <navigatie_reverse>
     d74:	90 91 79 02 	lds	r25, 0x0279	; 0x800279 <navigatie_reverse+0x1>
     d78:	a0 91 7a 02 	lds	r26, 0x027A	; 0x80027a <navigatie_reverse+0x2>
     d7c:	b0 91 7b 02 	lds	r27, 0x027B	; 0x80027b <navigatie_reverse+0x3>
     d80:	80 93 5d 02 	sts	0x025D, r24	; 0x80025d <reverse.0>
     d84:	90 93 5e 02 	sts	0x025E, r25	; 0x80025e <reverse.0+0x1>
     d88:	a0 93 5f 02 	sts	0x025F, r26	; 0x80025f <reverse.0+0x2>
     d8c:	b0 93 60 02 	sts	0x0260, r27	; 0x800260 <reverse.0+0x3>

00000d90 <.L25>:
            navigatie_navigeerBocht(com_command.arg,PADAFSTAND/2);
     d90:	f7 01       	movw	r30, r14
     d92:	82 81       	ldd	r24, Z+2	; 0x02

00000d94 <.Loc.47>:
     d94:	62 e1       	ldi	r22, 0x12	; 18
     d96:	70 e0       	ldi	r23, 0x00	; 0
     d98:	08 2e       	mov	r0, r24
     d9a:	00 0c       	add	r0, r0
     d9c:	99 0b       	sbc	r25, r25
     d9e:	0e 94 c4 0a 	call	0x1588	; 0x1588 <navigatie_navigeerBocht>

00000da2 <.LVL10>:
            if(!muurGatAfstand){
     da2:	20 e0       	ldi	r18, 0x00	; 0
     da4:	30 e0       	ldi	r19, 0x00	; 0
     da6:	a9 01       	movw	r20, r18
     da8:	60 91 61 02 	lds	r22, 0x0261	; 0x800261 <muurGatAfstand.1>
     dac:	70 91 62 02 	lds	r23, 0x0262	; 0x800262 <muurGatAfstand.1+0x1>
     db0:	80 91 63 02 	lds	r24, 0x0263	; 0x800263 <muurGatAfstand.1+0x2>
     db4:	90 91 64 02 	lds	r25, 0x0264	; 0x800264 <muurGatAfstand.1+0x3>
     db8:	0e 94 cd 16 	call	0x2d9a	; 0x2d9a <__cmpsf2>

00000dbc <.LVL11>:
     dbc:	88 23       	and	r24, r24
     dbe:	09 f4       	brne	.+2      	; 0xdc2 <.L26>

00000dc0 <L0^A>:
     dc0:	6a c2       	rjmp	.+1236   	; 0x1296 <.L74>

00000dc2 <.L26>:
            if((navigatie_afstandAfgelegd-(startAfstand+muurGatAfstand))<(3.14*(PADAFSTAND*0.01)/4)){//kwart rondje naar gat
     dc2:	20 91 61 02 	lds	r18, 0x0261	; 0x800261 <muurGatAfstand.1>
     dc6:	30 91 62 02 	lds	r19, 0x0262	; 0x800262 <muurGatAfstand.1+0x1>
     dca:	40 91 63 02 	lds	r20, 0x0263	; 0x800263 <muurGatAfstand.1+0x2>
     dce:	50 91 64 02 	lds	r21, 0x0264	; 0x800264 <muurGatAfstand.1+0x3>
     dd2:	60 91 65 02 	lds	r22, 0x0265	; 0x800265 <startAfstand.2>
     dd6:	70 91 66 02 	lds	r23, 0x0266	; 0x800266 <startAfstand.2+0x1>
     dda:	80 91 67 02 	lds	r24, 0x0267	; 0x800267 <startAfstand.2+0x2>
     dde:	90 91 68 02 	lds	r25, 0x0268	; 0x800268 <startAfstand.2+0x3>
     de2:	0e 94 61 16 	call	0x2cc2	; 0x2cc2 <__addsf3>

00000de6 <.LVL12>:
     de6:	26 2f       	mov	r18, r22
     de8:	37 2f       	mov	r19, r23
     dea:	48 2f       	mov	r20, r24
     dec:	59 2f       	mov	r21, r25
     dee:	60 91 74 02 	lds	r22, 0x0274	; 0x800274 <navigatie_afstandAfgelegd>
     df2:	70 91 75 02 	lds	r23, 0x0275	; 0x800275 <navigatie_afstandAfgelegd+0x1>
     df6:	80 91 76 02 	lds	r24, 0x0276	; 0x800276 <navigatie_afstandAfgelegd+0x2>
     dfa:	90 91 77 02 	lds	r25, 0x0277	; 0x800277 <navigatie_afstandAfgelegd+0x3>
     dfe:	0e 94 60 16 	call	0x2cc0	; 0x2cc0 <__subsf3>

00000e02 <.LVL13>:
     e02:	06 2f       	mov	r16, r22

00000e04 <.Loc.53>:
     e04:	17 2f       	mov	r17, r23
     e06:	8f 83       	std	Y+7, r24	; 0x07
     e08:	9d 83       	std	Y+5, r25	; 0x05

00000e0a <.Loc.54>:
     e0a:	22 ef       	ldi	r18, 0xF2	; 242
     e0c:	30 eb       	ldi	r19, 0xB0	; 176
     e0e:	40 e9       	ldi	r20, 0x90	; 144
     e10:	5e e3       	ldi	r21, 0x3E	; 62
     e12:	69 83       	std	Y+1, r22	; 0x01
     e14:	7a 83       	std	Y+2, r23	; 0x02
     e16:	8b 83       	std	Y+3, r24	; 0x03
     e18:	9c 83       	std	Y+4, r25	; 0x04
     e1a:	69 81       	ldd	r22, Y+1	; 0x01
     e1c:	7a 81       	ldd	r23, Y+2	; 0x02
     e1e:	8b 81       	ldd	r24, Y+3	; 0x03
     e20:	9c 81       	ldd	r25, Y+4	; 0x04
     e22:	0e 94 cd 16 	call	0x2d9a	; 0x2d9a <__cmpsf2>

00000e26 <.LVL15>:
     e26:	88 23       	and	r24, r24
     e28:	0c f4       	brge	.+2      	; 0xe2c <.Loc.55>

00000e2a <L0^A>:
     e2a:	97 c2       	rjmp	.+1326   	; 0x135a <.L75>

00000e2c <.Loc.55>:
            else if((navigatie_afstandAfgelegd-(startAfstand+muurGatAfstand))<(3.14*(PADAFSTAND*0.01)/2)){//kwart rondje terug in pad
     e2c:	22 ef       	ldi	r18, 0xF2	; 242
     e2e:	30 eb       	ldi	r19, 0xB0	; 176
     e30:	40 e1       	ldi	r20, 0x10	; 16
     e32:	5f e3       	ldi	r21, 0x3F	; 63
     e34:	09 83       	std	Y+1, r16	; 0x01
     e36:	1a 83       	std	Y+2, r17	; 0x02
     e38:	bf 81       	ldd	r27, Y+7	; 0x07
     e3a:	bb 83       	std	Y+3, r27	; 0x03
     e3c:	ed 81       	ldd	r30, Y+5	; 0x05
     e3e:	ec 83       	std	Y+4, r30	; 0x04
     e40:	69 81       	ldd	r22, Y+1	; 0x01
     e42:	7a 81       	ldd	r23, Y+2	; 0x02
     e44:	8b 81       	ldd	r24, Y+3	; 0x03
     e46:	9c 81       	ldd	r25, Y+4	; 0x04
     e48:	0e 94 cd 16 	call	0x2d9a	; 0x2d9a <__cmpsf2>

00000e4c <.LVL16>:
     e4c:	88 23       	and	r24, r24
     e4e:	0c f4       	brge	.+2      	; 0xe52 <.Loc.57>

00000e50 <L0^A>:
     e50:	ae c2       	rjmp	.+1372   	; 0x13ae <.L76>

00000e52 <.Loc.57>:
                navigatie_reverse = !reverse;
     e52:	20 e0       	ldi	r18, 0x00	; 0
     e54:	30 e0       	ldi	r19, 0x00	; 0
     e56:	a9 01       	movw	r20, r18
     e58:	60 91 5d 02 	lds	r22, 0x025D	; 0x80025d <reverse.0>
     e5c:	70 91 5e 02 	lds	r23, 0x025E	; 0x80025e <reverse.0+0x1>
     e60:	80 91 5f 02 	lds	r24, 0x025F	; 0x80025f <reverse.0+0x2>
     e64:	90 91 60 02 	lds	r25, 0x0260	; 0x800260 <reverse.0+0x3>
     e68:	0e 94 cd 16 	call	0x2d9a	; 0x2d9a <__cmpsf2>

00000e6c <.LVL17>:
     e6c:	81 11       	cpse	r24, r1
     e6e:	ca c2       	rjmp	.+1428   	; 0x1404 <.L72>
     e70:	74 2d       	mov	r23, r4
     e72:	65 2d       	mov	r22, r5
     e74:	96 2d       	mov	r25, r6
     e76:	87 2d       	mov	r24, r7

00000e78 <.L37>:
     e78:	39 2f       	mov	r19, r25
     e7a:	28 2f       	mov	r18, r24
     e7c:	87 2f       	mov	r24, r23
     e7e:	96 2f       	mov	r25, r22
     e80:	a3 2f       	mov	r26, r19
     e82:	b2 2f       	mov	r27, r18
     e84:	80 93 78 02 	sts	0x0278, r24	; 0x800278 <navigatie_reverse>
     e88:	90 93 79 02 	sts	0x0279, r25	; 0x800279 <navigatie_reverse+0x1>
     e8c:	a0 93 7a 02 	sts	0x027A, r26	; 0x80027a <navigatie_reverse+0x2>
     e90:	b0 93 7b 02 	sts	0x027B, r27	; 0x80027b <navigatie_reverse+0x3>

00000e94 <.Loc.60>:
                navigatie_setSpeed(com_command.speed);
     e94:	f7 01       	movw	r30, r14
     e96:	83 81       	ldd	r24, Z+3	; 0x03

00000e98 <.Loc.62>:
     e98:	28 2f       	mov	r18, r24
     e9a:	88 0f       	add	r24, r24
     e9c:	33 0b       	sbc	r19, r19
     e9e:	44 0b       	sbc	r20, r20
     ea0:	55 0b       	sbc	r21, r21
     ea2:	29 83       	std	Y+1, r18	; 0x01
     ea4:	3a 83       	std	Y+2, r19	; 0x02
     ea6:	4b 83       	std	Y+3, r20	; 0x03
     ea8:	5c 83       	std	Y+4, r21	; 0x04
     eaa:	ca 01       	movw	r24, r20
     eac:	b9 01       	movw	r22, r18
     eae:	0e 94 7c 17 	call	0x2ef8	; 0x2ef8 <__floatsisf>

00000eb2 <.LVL18>:
     eb2:	69 83       	std	Y+1, r22	; 0x01
     eb4:	7a 83       	std	Y+2, r23	; 0x02
     eb6:	8b 83       	std	Y+3, r24	; 0x03
     eb8:	9c 83       	std	Y+4, r25	; 0x04
     eba:	69 81       	ldd	r22, Y+1	; 0x01
     ebc:	7a 81       	ldd	r23, Y+2	; 0x02
     ebe:	8b 81       	ldd	r24, Y+3	; 0x03
     ec0:	9c 81       	ldd	r25, Y+4	; 0x04
     ec2:	0e 94 29 11 	call	0x2252	; 0x2252 <navigatie_setSpeed>

00000ec6 <.LVL19>:
                    if(!(((navigatie_afstandAfgelegd-startAfstand)<(3.14*(PADAFSTAND*0.01)+2*muurGatAfstand))&&(ultrasoon_getDistance_L()<MAXWALLDISTANCE)&&(ultrasoon_getDistance_R()<MAXWALLDISTANCE))){
     ec6:	20 91 65 02 	lds	r18, 0x0265	; 0x800265 <startAfstand.2>
     eca:	30 91 66 02 	lds	r19, 0x0266	; 0x800266 <startAfstand.2+0x1>
     ece:	40 91 67 02 	lds	r20, 0x0267	; 0x800267 <startAfstand.2+0x2>
     ed2:	50 91 68 02 	lds	r21, 0x0268	; 0x800268 <startAfstand.2+0x3>
     ed6:	60 91 74 02 	lds	r22, 0x0274	; 0x800274 <navigatie_afstandAfgelegd>
     eda:	70 91 75 02 	lds	r23, 0x0275	; 0x800275 <navigatie_afstandAfgelegd+0x1>
     ede:	80 91 76 02 	lds	r24, 0x0276	; 0x800276 <navigatie_afstandAfgelegd+0x2>
     ee2:	90 91 77 02 	lds	r25, 0x0277	; 0x800277 <navigatie_afstandAfgelegd+0x3>
     ee6:	0e 94 60 16 	call	0x2cc0	; 0x2cc0 <__subsf3>

00000eea <.LVL20>:
     eea:	06 2f       	mov	r16, r22
     eec:	17 2f       	mov	r17, r23
     eee:	8f 83       	std	Y+7, r24	; 0x07
     ef0:	9d 83       	std	Y+5, r25	; 0x05

00000ef2 <.Loc.66>:
     ef2:	80 91 61 02 	lds	r24, 0x0261	; 0x800261 <muurGatAfstand.1>
     ef6:	90 91 62 02 	lds	r25, 0x0262	; 0x800262 <muurGatAfstand.1+0x1>
     efa:	a0 91 63 02 	lds	r26, 0x0263	; 0x800263 <muurGatAfstand.1+0x2>
     efe:	b0 91 64 02 	lds	r27, 0x0264	; 0x800264 <muurGatAfstand.1+0x3>
     f02:	89 83       	std	Y+1, r24	; 0x01
     f04:	9a 83       	std	Y+2, r25	; 0x02
     f06:	ab 83       	std	Y+3, r26	; 0x03
     f08:	bc 83       	std	Y+4, r27	; 0x04
     f0a:	9c 01       	movw	r18, r24
     f0c:	ad 01       	movw	r20, r26
     f0e:	bc 01       	movw	r22, r24
     f10:	cd 01       	movw	r24, r26
     f12:	0e 94 61 16 	call	0x2cc2	; 0x2cc2 <__addsf3>

00000f16 <.LVL21>:
     f16:	22 ef       	ldi	r18, 0xF2	; 242
     f18:	30 eb       	ldi	r19, 0xB0	; 176
     f1a:	40 e9       	ldi	r20, 0x90	; 144
     f1c:	5f e3       	ldi	r21, 0x3F	; 63
     f1e:	69 83       	std	Y+1, r22	; 0x01
     f20:	7a 83       	std	Y+2, r23	; 0x02
     f22:	8b 83       	std	Y+3, r24	; 0x03
     f24:	9c 83       	std	Y+4, r25	; 0x04
     f26:	69 81       	ldd	r22, Y+1	; 0x01
     f28:	7a 81       	ldd	r23, Y+2	; 0x02
     f2a:	8b 81       	ldd	r24, Y+3	; 0x03
     f2c:	9c 81       	ldd	r25, Y+4	; 0x04
     f2e:	0e 94 61 16 	call	0x2cc2	; 0x2cc2 <__addsf3>

00000f32 <.LVL22>:
     f32:	26 2f       	mov	r18, r22
     f34:	37 2f       	mov	r19, r23
     f36:	48 2f       	mov	r20, r24
     f38:	59 2f       	mov	r21, r25
     f3a:	09 83       	std	Y+1, r16	; 0x01
     f3c:	1a 83       	std	Y+2, r17	; 0x02
     f3e:	9f 81       	ldd	r25, Y+7	; 0x07
     f40:	9b 83       	std	Y+3, r25	; 0x03
     f42:	ad 81       	ldd	r26, Y+5	; 0x05
     f44:	ac 83       	std	Y+4, r26	; 0x04
     f46:	69 81       	ldd	r22, Y+1	; 0x01
     f48:	7a 81       	ldd	r23, Y+2	; 0x02
     f4a:	8b 81       	ldd	r24, Y+3	; 0x03
     f4c:	9c 81       	ldd	r25, Y+4	; 0x04
     f4e:	0e 94 cd 16 	call	0x2d9a	; 0x2d9a <__cmpsf2>

00000f52 <.LVL23>:
     f52:	88 23       	and	r24, r24
     f54:	9c f4       	brge	.+38     	; 0xf7c <.L39>

00000f56 <.Loc.69>:
     f56:	0e 94 5d 15 	call	0x2aba	; 0x2aba <ultrasoon_getDistance_L>

00000f5a <.LVL24>:
     f5a:	20 e0       	ldi	r18, 0x00	; 0
     f5c:	30 e0       	ldi	r19, 0x00	; 0
     f5e:	40 e7       	ldi	r20, 0x70	; 112
     f60:	51 e4       	ldi	r21, 0x41	; 65
     f62:	69 83       	std	Y+1, r22	; 0x01
     f64:	7a 83       	std	Y+2, r23	; 0x02
     f66:	8b 83       	std	Y+3, r24	; 0x03
     f68:	9c 83       	std	Y+4, r25	; 0x04
     f6a:	69 81       	ldd	r22, Y+1	; 0x01
     f6c:	7a 81       	ldd	r23, Y+2	; 0x02
     f6e:	8b 81       	ldd	r24, Y+3	; 0x03
     f70:	9c 81       	ldd	r25, Y+4	; 0x04
     f72:	0e 94 cd 16 	call	0x2d9a	; 0x2d9a <__cmpsf2>

00000f76 <.LVL25>:
     f76:	88 23       	and	r24, r24
     f78:	0c f4       	brge	.+2      	; 0xf7c <.L39>

00000f7a <L0^A>:
     f7a:	49 c2       	rjmp	.+1170   	; 0x140e <.L77>

00000f7c <.L39>:
                        navigatie_navigeerBocht(e_vooruit,0);
     f7c:	60 e0       	ldi	r22, 0x00	; 0
     f7e:	70 e0       	ldi	r23, 0x00	; 0
     f80:	83 e0       	ldi	r24, 0x03	; 3
     f82:	90 e0       	ldi	r25, 0x00	; 0
     f84:	0e 94 c4 0a 	call	0x1588	; 0x1588 <navigatie_navigeerBocht>

00000f88 <.LVL26>:
     f88:	08 2d       	mov	r16, r8
     f8a:	19 2d       	mov	r17, r9
     f8c:	04 c0       	rjmp	.+8      	; 0xf96 <.L2>

00000f8e <.L13>:
            stopAGV();
     f8e:	0e 94 a9 0a 	call	0x1552	; 0x1552 <stopAGV>

00000f92 <.LVL28>:
            break;
     f92:	0d 81       	ldd	r16, Y+5	; 0x05
     f94:	1e 81       	ldd	r17, Y+6	; 0x06

00000f96 <.L2>:
        if(newCommand&&!noodstop_ingedrukt()){
     f96:	80 91 35 02 	lds	r24, 0x0235	; 0x800235 <newCommand>
     f9a:	90 91 36 02 	lds	r25, 0x0236	; 0x800236 <newCommand+0x1>

00000f9e <.Loc.80>:
     f9e:	89 2b       	or	r24, r25
     fa0:	09 f0       	breq	.+2      	; 0xfa4 <.L4>

00000fa2 <L0^A>:
     fa2:	aa ce       	rjmp	.-684    	; 0xcf8 <.L78>

00000fa4 <.L4>:
        startOperatingState = operatingState;
     fa4:	e0 91 24 02 	lds	r30, 0x0224	; 0x800224 <operatingState>
     fa8:	f0 91 25 02 	lds	r31, 0x0225	; 0x800225 <operatingState+0x1>
     fac:	fe 83       	std	Y+6, r31	; 0x06
     fae:	ed 83       	std	Y+5, r30	; 0x05

00000fb0 <.Loc.83>:
        switch(startOperatingState){
     fb0:	e7 30       	cpi	r30, 0x07	; 7
     fb2:	f1 05       	cpc	r31, r1
     fb4:	08 f0       	brcs	.+2      	; 0xfb8 <L0^A+0x2>

00000fb6 <L0^A>:
     fb6:	9d ce       	rjmp	.-710    	; 0xcf2 <.L46>
     fb8:	88 27       	eor	r24, r24
     fba:	e0 56       	subi	r30, 0x60	; 96
     fbc:	f7 4e       	sbci	r31, 0xE7	; 231
     fbe:	8f 4f       	sbci	r24, 0xFF	; 255
     fc0:	0c 94 49 16 	jmp	0x2c92	; 0x2c92 <__tablejump2__>

00000fc4 <.L12>:
            if(!reset){
     fc4:	80 91 6d 02 	lds	r24, 0x026D	; 0x80026d <reset.4>
     fc8:	90 91 6e 02 	lds	r25, 0x026E	; 0x80026e <reset.4+0x1>
     fcc:	89 2b       	or	r24, r25
     fce:	49 f1       	breq	.+82     	; 0x1022 <.L79>

00000fd0 <.L14>:
            display_string("rset");
     fd0:	86 e2       	ldi	r24, 0x26	; 38
     fd2:	92 e0       	ldi	r25, 0x02	; 2
     fd4:	0e 94 2e 02 	call	0x45c	; 0x45c <display_string>

00000fd8 <.LVL33>:
            if((!knop_ingedrukt(e_startKnop))&&(!knop_ingedrukt(e_plusKnop))&&(!knop_ingedrukt(e_minKnop))){
     fd8:	80 e0       	ldi	r24, 0x00	; 0
     fda:	90 e0       	ldi	r25, 0x00	; 0
     fdc:	0e 94 24 04 	call	0x848	; 0x848 <knop_ingedrukt>

00000fe0 <.LVL34>:
     fe0:	0d 81       	ldd	r16, Y+5	; 0x05
     fe2:	1e 81       	ldd	r17, Y+6	; 0x06

00000fe4 <.Loc.91>:
     fe4:	89 2b       	or	r24, r25
     fe6:	b9 f6       	brne	.-82     	; 0xf96 <.L2>

00000fe8 <.Loc.92>:
     fe8:	82 2d       	mov	r24, r2
     fea:	93 2d       	mov	r25, r3
     fec:	0e 94 24 04 	call	0x848	; 0x848 <knop_ingedrukt>

00000ff0 <.LVL36>:
     ff0:	0d 81       	ldd	r16, Y+5	; 0x05
     ff2:	1e 81       	ldd	r17, Y+6	; 0x06

00000ff4 <.Loc.93>:
     ff4:	89 2b       	or	r24, r25
     ff6:	79 f6       	brne	.-98     	; 0xf96 <.L2>

00000ff8 <.Loc.94>:
     ff8:	8a 2d       	mov	r24, r10
     ffa:	9b 2d       	mov	r25, r11
     ffc:	0e 94 24 04 	call	0x848	; 0x848 <knop_ingedrukt>

00001000 <.LVL37>:
    1000:	0d 81       	ldd	r16, Y+5	; 0x05
    1002:	1e 81       	ldd	r17, Y+6	; 0x06

00001004 <.Loc.95>:
    1004:	89 2b       	or	r24, r25
    1006:	39 f6       	brne	.-114    	; 0xf96 <.L2>

00001008 <.Loc.96>:
                reset = 0;
    1008:	10 92 6e 02 	sts	0x026E, r1	; 0x80026e <reset.4+0x1>
    100c:	10 92 6d 02 	sts	0x026D, r1	; 0x80026d <reset.4>

00001010 <.Loc.98>:
                operatingState = e_idle;
    1010:	82 e0       	ldi	r24, 0x02	; 2
    1012:	90 e0       	ldi	r25, 0x00	; 0
    1014:	90 93 25 02 	sts	0x0225, r25	; 0x800225 <operatingState+0x1>
    1018:	80 93 24 02 	sts	0x0224, r24	; 0x800224 <operatingState>
    101c:	0d 81       	ldd	r16, Y+5	; 0x05
    101e:	1e 81       	ldd	r17, Y+6	; 0x06
    1020:	ba cf       	rjmp	.-140    	; 0xf96 <.L2>

00001022 <.L79>:
                initClock();
    1022:	0e 94 f5 00 	call	0x1ea	; 0x1ea <initClock>

00001026 <.LVL39>:
                ultrasoon_setup();
    1026:	0e 94 57 15 	call	0x2aae	; 0x2aae <ultrasoon_setup>

0000102a <.LVL40>:
                stepperMotor_init();
    102a:	0e 94 71 14 	call	0x28e2	; 0x28e2 <stepperMotor_init>

0000102e <.LVL41>:
                navigatie_setup();
    102e:	0e 94 54 0a 	call	0x14a8	; 0x14a8 <navigatie_setup>

00001032 <.LVL42>:
                navigatie_setSpeed(3);
    1032:	60 e0       	ldi	r22, 0x00	; 0
    1034:	70 e0       	ldi	r23, 0x00	; 0
    1036:	80 e4       	ldi	r24, 0x40	; 64
    1038:	90 e4       	ldi	r25, 0x40	; 64
    103a:	0e 94 29 11 	call	0x2252	; 0x2252 <navigatie_setSpeed>

0000103e <.LVL43>:
                navigatie_setAcceleratie(3);
    103e:	60 e0       	ldi	r22, 0x00	; 0
    1040:	70 e0       	ldi	r23, 0x00	; 0
    1042:	80 e4       	ldi	r24, 0x40	; 64
    1044:	90 e4       	ldi	r25, 0x40	; 64
    1046:	0e 94 72 11 	call	0x22e4	; 0x22e4 <navigatie_setAcceleratie>

0000104a <.LVL44>:
                initSensoren();
    104a:	0e 94 8b 02 	call	0x516	; 0x516 <initSensoren>

0000104e <.LVL45>:
                aantalPakketten = 0;
    104e:	10 92 97 02 	sts	0x0297, r1	; 0x800297 <aantalPakketten+0x1>
    1052:	10 92 96 02 	sts	0x0296, r1	; 0x800296 <aantalPakketten>

00001056 <.Loc.109>:
                _7segment_setup();
    1056:	0e 94 c5 01 	call	0x38a	; 0x38a <_7segment_setup>

0000105a <.LVL46>:
                knop_setup();
    105a:	0e 94 1d 04 	call	0x83a	; 0x83a <knop_setup>

0000105e <.LVL47>:
                com_setup();
    105e:	0e 94 6f 01 	call	0x2de	; 0x2de <com_setup>

00001062 <.LVL48>:
                stopAGV();
    1062:	0e 94 a9 0a 	call	0x1552	; 0x1552 <stopAGV>

00001066 <.LVL49>:
                _7segment_write(0,0);
    1066:	60 e0       	ldi	r22, 0x00	; 0
    1068:	80 e0       	ldi	r24, 0x00	; 0
    106a:	0e 94 c9 01 	call	0x392	; 0x392 <_7segment_write>

0000106e <.LVL50>:
                reset = 1;
    106e:	20 92 6d 02 	sts	0x026D, r2	; 0x80026d <reset.4>
    1072:	30 92 6e 02 	sts	0x026E, r3	; 0x80026e <reset.4+0x1>
    1076:	ac cf       	rjmp	.-168    	; 0xfd0 <.L14>

00001078 <.L10>:
            navigatie_reverse = com_command_temp.arg<0x7F;
    1078:	d6 01       	movw	r26, r12
    107a:	12 96       	adiw	r26, 0x02	; 2
    107c:	8c 91       	ld	r24, X
    107e:	8f 37       	cpi	r24, 0x7F	; 127
    1080:	09 f4       	brne	.+2      	; 0x1084 <L0^A+0x2>

00001082 <L0^A>:
    1082:	70 c0       	rjmp	.+224    	; 0x1164 <.L50>
    1084:	74 2d       	mov	r23, r4
    1086:	65 2d       	mov	r22, r5
    1088:	96 2d       	mov	r25, r6
    108a:	87 2d       	mov	r24, r7

0000108c <.L15>:
    108c:	39 2f       	mov	r19, r25
    108e:	28 2f       	mov	r18, r24
    1090:	87 2f       	mov	r24, r23
    1092:	96 2f       	mov	r25, r22
    1094:	a3 2f       	mov	r26, r19
    1096:	b2 2f       	mov	r27, r18
    1098:	80 93 78 02 	sts	0x0278, r24	; 0x800278 <navigatie_reverse>
    109c:	90 93 79 02 	sts	0x0279, r25	; 0x800279 <navigatie_reverse+0x1>
    10a0:	a0 93 7a 02 	sts	0x027A, r26	; 0x80027a <navigatie_reverse+0x2>
    10a4:	b0 93 7b 02 	sts	0x027B, r27	; 0x80027b <navigatie_reverse+0x3>

000010a8 <.Loc.120>:
            navigatie_setSpeed(com_command_temp.speed);
    10a8:	f6 01       	movw	r30, r12
    10aa:	83 81       	ldd	r24, Z+3	; 0x03
    10ac:	28 2f       	mov	r18, r24
    10ae:	88 0f       	add	r24, r24
    10b0:	33 0b       	sbc	r19, r19
    10b2:	44 0b       	sbc	r20, r20
    10b4:	55 0b       	sbc	r21, r21
    10b6:	29 83       	std	Y+1, r18	; 0x01
    10b8:	3a 83       	std	Y+2, r19	; 0x02
    10ba:	4b 83       	std	Y+3, r20	; 0x03
    10bc:	5c 83       	std	Y+4, r21	; 0x04
    10be:	ca 01       	movw	r24, r20
    10c0:	b9 01       	movw	r22, r18
    10c2:	0e 94 7c 17 	call	0x2ef8	; 0x2ef8 <__floatsisf>

000010c6 <.LVL52>:
    10c6:	69 83       	std	Y+1, r22	; 0x01
    10c8:	7a 83       	std	Y+2, r23	; 0x02
    10ca:	8b 83       	std	Y+3, r24	; 0x03
    10cc:	9c 83       	std	Y+4, r25	; 0x04
    10ce:	69 81       	ldd	r22, Y+1	; 0x01
    10d0:	7a 81       	ldd	r23, Y+2	; 0x02
    10d2:	8b 81       	ldd	r24, Y+3	; 0x03
    10d4:	9c 81       	ldd	r25, Y+4	; 0x04
    10d6:	0e 94 29 11 	call	0x2252	; 0x2252 <navigatie_setSpeed>

000010da <.LVL53>:
            if((ultrasoon_getDistance_L()>MAXWALLDISTANCE)&&(ultrasoon_getDistance_R()>MAXWALLDISTANCE)){
    10da:	0e 94 5d 15 	call	0x2aba	; 0x2aba <ultrasoon_getDistance_L>

000010de <.LVL54>:
    10de:	20 e0       	ldi	r18, 0x00	; 0
    10e0:	30 e0       	ldi	r19, 0x00	; 0
    10e2:	40 e7       	ldi	r20, 0x70	; 112
    10e4:	51 e4       	ldi	r21, 0x41	; 65
    10e6:	69 83       	std	Y+1, r22	; 0x01
    10e8:	7a 83       	std	Y+2, r23	; 0x02
    10ea:	8b 83       	std	Y+3, r24	; 0x03
    10ec:	9c 83       	std	Y+4, r25	; 0x04
    10ee:	69 81       	ldd	r22, Y+1	; 0x01
    10f0:	7a 81       	ldd	r23, Y+2	; 0x02
    10f2:	8b 81       	ldd	r24, Y+3	; 0x03
    10f4:	9c 81       	ldd	r25, Y+4	; 0x04
    10f6:	0e 94 2c 18 	call	0x3058	; 0x3058 <__gesf2>

000010fa <.LVL55>:
    10fa:	18 16       	cp	r1, r24
    10fc:	94 f4       	brge	.+36     	; 0x1122 <.L16>

000010fe <.Loc.127>:
    10fe:	0e 94 d3 15 	call	0x2ba6	; 0x2ba6 <ultrasoon_getDistance_R>

00001102 <.LVL56>:
    1102:	20 e0       	ldi	r18, 0x00	; 0
    1104:	30 e0       	ldi	r19, 0x00	; 0
    1106:	40 e7       	ldi	r20, 0x70	; 112
    1108:	51 e4       	ldi	r21, 0x41	; 65
    110a:	69 83       	std	Y+1, r22	; 0x01
    110c:	7a 83       	std	Y+2, r23	; 0x02
    110e:	8b 83       	std	Y+3, r24	; 0x03
    1110:	9c 83       	std	Y+4, r25	; 0x04
    1112:	69 81       	ldd	r22, Y+1	; 0x01
    1114:	7a 81       	ldd	r23, Y+2	; 0x02
    1116:	8b 81       	ldd	r24, Y+3	; 0x03
    1118:	9c 81       	ldd	r25, Y+4	; 0x04
    111a:	0e 94 2c 18 	call	0x3058	; 0x3058 <__gesf2>

0000111e <.LVL57>:
    111e:	18 16       	cp	r1, r24
    1120:	34 f1       	brlt	.+76     	; 0x116e <.L80>

00001122 <.L16>:
            else if(ultrasoon_getDistance_L()>MAXWALLDISTANCE){
    1122:	0e 94 5d 15 	call	0x2aba	; 0x2aba <ultrasoon_getDistance_L>

00001126 <.LVL58>:
    1126:	20 e0       	ldi	r18, 0x00	; 0
    1128:	30 e0       	ldi	r19, 0x00	; 0
    112a:	40 e7       	ldi	r20, 0x70	; 112
    112c:	51 e4       	ldi	r21, 0x41	; 65
    112e:	69 83       	std	Y+1, r22	; 0x01
    1130:	7a 83       	std	Y+2, r23	; 0x02
    1132:	8b 83       	std	Y+3, r24	; 0x03
    1134:	9c 83       	std	Y+4, r25	; 0x04
    1136:	69 81       	ldd	r22, Y+1	; 0x01
    1138:	7a 81       	ldd	r23, Y+2	; 0x02
    113a:	8b 81       	ldd	r24, Y+3	; 0x03
    113c:	9c 81       	ldd	r25, Y+4	; 0x04
    113e:	0e 94 2c 18 	call	0x3058	; 0x3058 <__gesf2>

00001142 <.LVL59>:
    1142:	18 16       	cp	r1, r24
    1144:	ec f4       	brge	.+58     	; 0x1180 <.L67>

00001146 <.Loc.132>:
                    muurAfstand = ultrasoon_getDistance_R();
    1146:	0e 94 d3 15 	call	0x2ba6	; 0x2ba6 <ultrasoon_getDistance_R>

0000114a <.LVL61>:
                navigatie_navigeerMuurR(muurAfstand);
    114a:	69 83       	std	Y+1, r22	; 0x01
    114c:	7a 83       	std	Y+2, r23	; 0x02
    114e:	8b 83       	std	Y+3, r24	; 0x03
    1150:	9c 83       	std	Y+4, r25	; 0x04
    1152:	69 81       	ldd	r22, Y+1	; 0x01
    1154:	7a 81       	ldd	r23, Y+2	; 0x02
    1156:	8b 81       	ldd	r24, Y+3	; 0x03
    1158:	9c 81       	ldd	r25, Y+4	; 0x04

0000115a <.Loc.137>:
    115a:	0e 94 4e 10 	call	0x209c	; 0x209c <navigatie_navigeerMuurR>

0000115e <.LVL63>:
    115e:	0d 81       	ldd	r16, Y+5	; 0x05
    1160:	1e 81       	ldd	r17, Y+6	; 0x06

00001162 <.Loc.139>:
    1162:	19 cf       	rjmp	.-462    	; 0xf96 <.L2>

00001164 <.L50>:
            navigatie_reverse = com_command_temp.arg<0x7F;
    1164:	70 e0       	ldi	r23, 0x00	; 0
    1166:	60 e0       	ldi	r22, 0x00	; 0
    1168:	90 e0       	ldi	r25, 0x00	; 0
    116a:	80 e0       	ldi	r24, 0x00	; 0
    116c:	8f cf       	rjmp	.-226    	; 0x108c <.L15>

0000116e <.L80>:
                com_doneCommand();
    116e:	0e 94 c1 01 	call	0x382	; 0x382 <com_doneCommand>

00001172 <.LVL67>:
                operatingState = e_idle;
    1172:	a0 92 24 02 	sts	0x0224, r10	; 0x800224 <operatingState>
    1176:	b0 92 25 02 	sts	0x0225, r11	; 0x800225 <operatingState+0x1>
    117a:	0d 81       	ldd	r16, Y+5	; 0x05
    117c:	1e 81       	ldd	r17, Y+6	; 0x06

0000117e <.Loc.144>:
    117e:	0b cf       	rjmp	.-490    	; 0xf96 <.L2>

00001180 <.L67>:
            else if(ultrasoon_getDistance_R()>MAXWALLDISTANCE){
    1180:	0e 94 d3 15 	call	0x2ba6	; 0x2ba6 <ultrasoon_getDistance_R>

00001184 <.LVL70>:
    1184:	20 e0       	ldi	r18, 0x00	; 0
    1186:	30 e0       	ldi	r19, 0x00	; 0
    1188:	40 e7       	ldi	r20, 0x70	; 112
    118a:	51 e4       	ldi	r21, 0x41	; 65
    118c:	69 83       	std	Y+1, r22	; 0x01
    118e:	7a 83       	std	Y+2, r23	; 0x02
    1190:	8b 83       	std	Y+3, r24	; 0x03
    1192:	9c 83       	std	Y+4, r25	; 0x04
    1194:	69 81       	ldd	r22, Y+1	; 0x01
    1196:	7a 81       	ldd	r23, Y+2	; 0x02
    1198:	8b 81       	ldd	r24, Y+3	; 0x03
    119a:	9c 81       	ldd	r25, Y+4	; 0x04
    119c:	0e 94 2c 18 	call	0x3058	; 0x3058 <__gesf2>

000011a0 <.LVL71>:
    11a0:	18 16       	cp	r1, r24
    11a2:	7c f4       	brge	.+30     	; 0x11c2 <.L68>

000011a4 <.Loc.148>:
                    muurAfstand = ultrasoon_getDistance_L();
    11a4:	0e 94 5d 15 	call	0x2aba	; 0x2aba <ultrasoon_getDistance_L>

000011a8 <.LVL73>:
                navigatie_navigeerMuurL(muurAfstand);
    11a8:	69 83       	std	Y+1, r22	; 0x01
    11aa:	7a 83       	std	Y+2, r23	; 0x02
    11ac:	8b 83       	std	Y+3, r24	; 0x03
    11ae:	9c 83       	std	Y+4, r25	; 0x04
    11b0:	69 81       	ldd	r22, Y+1	; 0x01
    11b2:	7a 81       	ldd	r23, Y+2	; 0x02
    11b4:	8b 81       	ldd	r24, Y+3	; 0x03
    11b6:	9c 81       	ldd	r25, Y+4	; 0x04

000011b8 <.Loc.153>:
    11b8:	0e 94 73 0f 	call	0x1ee6	; 0x1ee6 <navigatie_navigeerMuurL>

000011bc <.LVL75>:
    11bc:	0d 81       	ldd	r16, Y+5	; 0x05
    11be:	1e 81       	ldd	r17, Y+6	; 0x06

000011c0 <.Loc.155>:
    11c0:	ea ce       	rjmp	.-556    	; 0xf96 <.L2>

000011c2 <.L68>:
                navigatie_navigeerPad();
    11c2:	0e 94 b6 0e 	call	0x1d6c	; 0x1d6c <navigatie_navigeerPad>

000011c6 <.LVL78>:
    11c6:	0d 81       	ldd	r16, Y+5	; 0x05
    11c8:	1e 81       	ldd	r17, Y+6	; 0x06

000011ca <.Loc.158>:
    11ca:	e5 ce       	rjmp	.-566    	; 0xf96 <.L2>

000011cc <.L9>:
            switch(lastOperatingState){
    11cc:	0b 7f       	andi	r16, 0xFB	; 251

000011ce <.Loc.162>:
    11ce:	01 2b       	or	r16, r17
    11d0:	81 f0       	breq	.+32     	; 0x11f2 <.L23>

000011d2 <.Loc.163>:
                startAfstand = navigatie_afstandAfgelegd;
    11d2:	80 91 74 02 	lds	r24, 0x0274	; 0x800274 <navigatie_afstandAfgelegd>
    11d6:	90 91 75 02 	lds	r25, 0x0275	; 0x800275 <navigatie_afstandAfgelegd+0x1>
    11da:	a0 91 76 02 	lds	r26, 0x0276	; 0x800276 <navigatie_afstandAfgelegd+0x2>
    11de:	b0 91 77 02 	lds	r27, 0x0277	; 0x800277 <navigatie_afstandAfgelegd+0x3>
    11e2:	80 93 69 02 	sts	0x0269, r24	; 0x800269 <startAfstand.3>
    11e6:	90 93 6a 02 	sts	0x026A, r25	; 0x80026a <startAfstand.3+0x1>
    11ea:	a0 93 6b 02 	sts	0x026B, r26	; 0x80026b <startAfstand.3+0x2>
    11ee:	b0 93 6c 02 	sts	0x026C, r27	; 0x80026c <startAfstand.3+0x3>

000011f2 <.L23>:
            navigatie_setSpeed(com_command.speed);
    11f2:	d7 01       	movw	r26, r14
    11f4:	13 96       	adiw	r26, 0x03	; 3
    11f6:	8c 91       	ld	r24, X

000011f8 <.Loc.169>:
    11f8:	28 2f       	mov	r18, r24
    11fa:	88 0f       	add	r24, r24
    11fc:	33 0b       	sbc	r19, r19
    11fe:	44 0b       	sbc	r20, r20
    1200:	55 0b       	sbc	r21, r21
    1202:	29 83       	std	Y+1, r18	; 0x01
    1204:	3a 83       	std	Y+2, r19	; 0x02
    1206:	4b 83       	std	Y+3, r20	; 0x03
    1208:	5c 83       	std	Y+4, r21	; 0x04
    120a:	ca 01       	movw	r24, r20
    120c:	b9 01       	movw	r22, r18
    120e:	0e 94 7c 17 	call	0x2ef8	; 0x2ef8 <__floatsisf>

00001212 <.LVL82>:
    1212:	69 83       	std	Y+1, r22	; 0x01
    1214:	7a 83       	std	Y+2, r23	; 0x02
    1216:	8b 83       	std	Y+3, r24	; 0x03
    1218:	9c 83       	std	Y+4, r25	; 0x04
    121a:	69 81       	ldd	r22, Y+1	; 0x01
    121c:	7a 81       	ldd	r23, Y+2	; 0x02
    121e:	8b 81       	ldd	r24, Y+3	; 0x03
    1220:	9c 81       	ldd	r25, Y+4	; 0x04
    1222:	0e 94 29 11 	call	0x2252	; 0x2252 <navigatie_setSpeed>

00001226 <.LVL83>:
            navigatie_navigeerBocht(com_command.arg,PADAFSTAND/2);
    1226:	d7 01       	movw	r26, r14
    1228:	12 96       	adiw	r26, 0x02	; 2
    122a:	8c 91       	ld	r24, X

0000122c <.Loc.173>:
    122c:	62 e1       	ldi	r22, 0x12	; 18
    122e:	70 e0       	ldi	r23, 0x00	; 0
    1230:	08 2e       	mov	r0, r24
    1232:	00 0c       	add	r0, r0
    1234:	99 0b       	sbc	r25, r25
    1236:	0e 94 c4 0a 	call	0x1588	; 0x1588 <navigatie_navigeerBocht>

0000123a <.LVL84>:
            if((navigatie_afstandAfgelegd-startAfstand)>(3.14*(PADAFSTAND*0.01)/2)){
    123a:	20 91 69 02 	lds	r18, 0x0269	; 0x800269 <startAfstand.3>
    123e:	30 91 6a 02 	lds	r19, 0x026A	; 0x80026a <startAfstand.3+0x1>
    1242:	40 91 6b 02 	lds	r20, 0x026B	; 0x80026b <startAfstand.3+0x2>
    1246:	50 91 6c 02 	lds	r21, 0x026C	; 0x80026c <startAfstand.3+0x3>
    124a:	60 91 74 02 	lds	r22, 0x0274	; 0x800274 <navigatie_afstandAfgelegd>
    124e:	70 91 75 02 	lds	r23, 0x0275	; 0x800275 <navigatie_afstandAfgelegd+0x1>
    1252:	80 91 76 02 	lds	r24, 0x0276	; 0x800276 <navigatie_afstandAfgelegd+0x2>
    1256:	90 91 77 02 	lds	r25, 0x0277	; 0x800277 <navigatie_afstandAfgelegd+0x3>
    125a:	0e 94 60 16 	call	0x2cc0	; 0x2cc0 <__subsf3>

0000125e <.LVL85>:
    125e:	22 ef       	ldi	r18, 0xF2	; 242
    1260:	30 eb       	ldi	r19, 0xB0	; 176
    1262:	40 e1       	ldi	r20, 0x10	; 16
    1264:	5f e3       	ldi	r21, 0x3F	; 63
    1266:	69 83       	std	Y+1, r22	; 0x01
    1268:	7a 83       	std	Y+2, r23	; 0x02
    126a:	8b 83       	std	Y+3, r24	; 0x03
    126c:	9c 83       	std	Y+4, r25	; 0x04
    126e:	69 81       	ldd	r22, Y+1	; 0x01
    1270:	7a 81       	ldd	r23, Y+2	; 0x02
    1272:	8b 81       	ldd	r24, Y+3	; 0x03
    1274:	9c 81       	ldd	r25, Y+4	; 0x04
    1276:	0e 94 2c 18 	call	0x3058	; 0x3058 <__gesf2>

0000127a <.LVL86>:
    127a:	0d 81       	ldd	r16, Y+5	; 0x05
    127c:	1e 81       	ldd	r17, Y+6	; 0x06
    127e:	18 16       	cp	r1, r24
    1280:	0c f0       	brlt	.+2      	; 0x1284 <.Loc.177>

00001282 <L0^A>:
    1282:	89 ce       	rjmp	.-750    	; 0xf96 <.L2>

00001284 <.Loc.177>:
                com_doneCommand();
    1284:	0e 94 c1 01 	call	0x382	; 0x382 <com_doneCommand>

00001288 <.LVL87>:
                operatingState = e_idle;
    1288:	a0 92 24 02 	sts	0x0224, r10	; 0x800224 <operatingState>
    128c:	b0 92 25 02 	sts	0x0225, r11	; 0x800225 <operatingState+0x1>
    1290:	0d 81       	ldd	r16, Y+5	; 0x05
    1292:	1e 81       	ldd	r17, Y+6	; 0x06
    1294:	80 ce       	rjmp	.-768    	; 0xf96 <.L2>

00001296 <.L74>:
                navigatie_setSpeed(com_command.speed);
    1296:	d7 01       	movw	r26, r14
    1298:	13 96       	adiw	r26, 0x03	; 3
    129a:	8c 91       	ld	r24, X

0000129c <.Loc.183>:
    129c:	28 2f       	mov	r18, r24
    129e:	88 0f       	add	r24, r24
    12a0:	33 0b       	sbc	r19, r19
    12a2:	44 0b       	sbc	r20, r20
    12a4:	55 0b       	sbc	r21, r21
    12a6:	29 83       	std	Y+1, r18	; 0x01
    12a8:	3a 83       	std	Y+2, r19	; 0x02
    12aa:	4b 83       	std	Y+3, r20	; 0x03
    12ac:	5c 83       	std	Y+4, r21	; 0x04
    12ae:	ca 01       	movw	r24, r20
    12b0:	b9 01       	movw	r22, r18
    12b2:	0e 94 7c 17 	call	0x2ef8	; 0x2ef8 <__floatsisf>

000012b6 <.LVL89>:
    12b6:	69 83       	std	Y+1, r22	; 0x01
    12b8:	7a 83       	std	Y+2, r23	; 0x02
    12ba:	8b 83       	std	Y+3, r24	; 0x03
    12bc:	9c 83       	std	Y+4, r25	; 0x04
    12be:	69 81       	ldd	r22, Y+1	; 0x01
    12c0:	7a 81       	ldd	r23, Y+2	; 0x02
    12c2:	8b 81       	ldd	r24, Y+3	; 0x03
    12c4:	9c 81       	ldd	r25, Y+4	; 0x04
    12c6:	0e 94 29 11 	call	0x2252	; 0x2252 <navigatie_setSpeed>

000012ca <.LVL90>:
                navigatie_navigeerPad();
    12ca:	0e 94 b6 0e 	call	0x1d6c	; 0x1d6c <navigatie_navigeerPad>

000012ce <.LVL91>:
                if(((com_command.arg==e_rechts)?ultrasoon_getDistance_R():ultrasoon_getDistance_L())>MAXWALLDISTANCE){
    12ce:	d7 01       	movw	r26, r14
    12d0:	12 96       	adiw	r26, 0x02	; 2
    12d2:	8c 91       	ld	r24, X

000012d4 <.Loc.187>:
    12d4:	82 30       	cpi	r24, 0x02	; 2
    12d6:	71 f1       	breq	.+92     	; 0x1334 <.L81>

000012d8 <.Loc.188>:
    12d8:	0e 94 5d 15 	call	0x2aba	; 0x2aba <ultrasoon_getDistance_L>

000012dc <.LVL92>:
    12dc:	20 e0       	ldi	r18, 0x00	; 0
    12de:	30 e0       	ldi	r19, 0x00	; 0
    12e0:	40 e7       	ldi	r20, 0x70	; 112
    12e2:	51 e4       	ldi	r21, 0x41	; 65
    12e4:	69 83       	std	Y+1, r22	; 0x01
    12e6:	7a 83       	std	Y+2, r23	; 0x02
    12e8:	8b 83       	std	Y+3, r24	; 0x03
    12ea:	9c 83       	std	Y+4, r25	; 0x04
    12ec:	69 81       	ldd	r22, Y+1	; 0x01
    12ee:	7a 81       	ldd	r23, Y+2	; 0x02
    12f0:	8b 81       	ldd	r24, Y+3	; 0x03
    12f2:	9c 81       	ldd	r25, Y+4	; 0x04
    12f4:	0e 94 2c 18 	call	0x3058	; 0x3058 <__gesf2>

000012f8 <.LVL93>:
    12f8:	18 16       	cp	r1, r24
    12fa:	0c f0       	brlt	.+2      	; 0x12fe <.L29>

000012fc <L0^A>:
    12fc:	62 cd       	rjmp	.-1340   	; 0xdc2 <.L26>

000012fe <.L29>:
                    muurGatAfstand = navigatie_afstandAfgelegd-startAfstand;
    12fe:	20 91 65 02 	lds	r18, 0x0265	; 0x800265 <startAfstand.2>
    1302:	30 91 66 02 	lds	r19, 0x0266	; 0x800266 <startAfstand.2+0x1>
    1306:	40 91 67 02 	lds	r20, 0x0267	; 0x800267 <startAfstand.2+0x2>
    130a:	50 91 68 02 	lds	r21, 0x0268	; 0x800268 <startAfstand.2+0x3>
    130e:	60 91 74 02 	lds	r22, 0x0274	; 0x800274 <navigatie_afstandAfgelegd>
    1312:	70 91 75 02 	lds	r23, 0x0275	; 0x800275 <navigatie_afstandAfgelegd+0x1>
    1316:	80 91 76 02 	lds	r24, 0x0276	; 0x800276 <navigatie_afstandAfgelegd+0x2>
    131a:	90 91 77 02 	lds	r25, 0x0277	; 0x800277 <navigatie_afstandAfgelegd+0x3>
    131e:	0e 94 60 16 	call	0x2cc0	; 0x2cc0 <__subsf3>

00001322 <.LVL94>:
    1322:	60 93 61 02 	sts	0x0261, r22	; 0x800261 <muurGatAfstand.1>
    1326:	70 93 62 02 	sts	0x0262, r23	; 0x800262 <muurGatAfstand.1+0x1>
    132a:	80 93 63 02 	sts	0x0263, r24	; 0x800263 <muurGatAfstand.1+0x2>
    132e:	90 93 64 02 	sts	0x0264, r25	; 0x800264 <muurGatAfstand.1+0x3>
    1332:	47 cd       	rjmp	.-1394   	; 0xdc2 <.L26>

00001334 <.L81>:
                if(((com_command.arg==e_rechts)?ultrasoon_getDistance_R():ultrasoon_getDistance_L())>MAXWALLDISTANCE){
    1334:	0e 94 d3 15 	call	0x2ba6	; 0x2ba6 <ultrasoon_getDistance_R>

00001338 <.LVL95>:
    1338:	20 e0       	ldi	r18, 0x00	; 0
    133a:	30 e0       	ldi	r19, 0x00	; 0
    133c:	40 e7       	ldi	r20, 0x70	; 112
    133e:	51 e4       	ldi	r21, 0x41	; 65
    1340:	69 83       	std	Y+1, r22	; 0x01
    1342:	7a 83       	std	Y+2, r23	; 0x02
    1344:	8b 83       	std	Y+3, r24	; 0x03
    1346:	9c 83       	std	Y+4, r25	; 0x04
    1348:	69 81       	ldd	r22, Y+1	; 0x01
    134a:	7a 81       	ldd	r23, Y+2	; 0x02
    134c:	8b 81       	ldd	r24, Y+3	; 0x03
    134e:	9c 81       	ldd	r25, Y+4	; 0x04
    1350:	0e 94 2c 18 	call	0x3058	; 0x3058 <__gesf2>

00001354 <.LVL96>:
    1354:	18 16       	cp	r1, r24
    1356:	9c f2       	brlt	.-90     	; 0x12fe <.L29>
    1358:	34 cd       	rjmp	.-1432   	; 0xdc2 <.L26>

0000135a <.L75>:
                navigatie_setSpeed(com_command.speed);
    135a:	f7 01       	movw	r30, r14
    135c:	83 81       	ldd	r24, Z+3	; 0x03

0000135e <.Loc.196>:
    135e:	28 2f       	mov	r18, r24
    1360:	88 0f       	add	r24, r24
    1362:	33 0b       	sbc	r19, r19
    1364:	44 0b       	sbc	r20, r20
    1366:	55 0b       	sbc	r21, r21
    1368:	29 83       	std	Y+1, r18	; 0x01
    136a:	3a 83       	std	Y+2, r19	; 0x02
    136c:	4b 83       	std	Y+3, r20	; 0x03
    136e:	5c 83       	std	Y+4, r21	; 0x04
    1370:	ca 01       	movw	r24, r20
    1372:	b9 01       	movw	r22, r18
    1374:	0e 94 7c 17 	call	0x2ef8	; 0x2ef8 <__floatsisf>

00001378 <.LVL98>:
    1378:	69 83       	std	Y+1, r22	; 0x01
    137a:	7a 83       	std	Y+2, r23	; 0x02
    137c:	8b 83       	std	Y+3, r24	; 0x03
    137e:	9c 83       	std	Y+4, r25	; 0x04
    1380:	69 81       	ldd	r22, Y+1	; 0x01
    1382:	7a 81       	ldd	r23, Y+2	; 0x02
    1384:	8b 81       	ldd	r24, Y+3	; 0x03
    1386:	9c 81       	ldd	r25, Y+4	; 0x04
    1388:	0e 94 29 11 	call	0x2252	; 0x2252 <navigatie_setSpeed>

0000138c <.LVL99>:
                navigatie_navigeerBocht((com_command.arg==e_rechts)?e_rechts:e_links,PADAFSTAND/2);
    138c:	d7 01       	movw	r26, r14
    138e:	12 96       	adiw	r26, 0x02	; 2
    1390:	8c 91       	ld	r24, X

00001392 <.Loc.199>:
    1392:	82 30       	cpi	r24, 0x02	; 2
    1394:	49 f0       	breq	.+18     	; 0x13a8 <.L82>
    1396:	82 2d       	mov	r24, r2
    1398:	93 2d       	mov	r25, r3

0000139a <.L33>:
    139a:	62 e1       	ldi	r22, 0x12	; 18
    139c:	70 e0       	ldi	r23, 0x00	; 0
    139e:	0e 94 c4 0a 	call	0x1588	; 0x1588 <navigatie_navigeerBocht>

000013a2 <.LVL100>:
    13a2:	08 2d       	mov	r16, r8
    13a4:	19 2d       	mov	r17, r9
    13a6:	f7 cd       	rjmp	.-1042   	; 0xf96 <.L2>

000013a8 <.L82>:
    13a8:	8a 2d       	mov	r24, r10
    13aa:	9b 2d       	mov	r25, r11
    13ac:	f6 cf       	rjmp	.-20     	; 0x139a <.L33>

000013ae <.L76>:
                navigatie_setSpeed(com_command.speed);
    13ae:	d7 01       	movw	r26, r14
    13b0:	13 96       	adiw	r26, 0x03	; 3
    13b2:	8c 91       	ld	r24, X

000013b4 <.Loc.204>:
    13b4:	28 2f       	mov	r18, r24
    13b6:	88 0f       	add	r24, r24
    13b8:	33 0b       	sbc	r19, r19
    13ba:	44 0b       	sbc	r20, r20
    13bc:	55 0b       	sbc	r21, r21
    13be:	29 83       	std	Y+1, r18	; 0x01
    13c0:	3a 83       	std	Y+2, r19	; 0x02
    13c2:	4b 83       	std	Y+3, r20	; 0x03
    13c4:	5c 83       	std	Y+4, r21	; 0x04
    13c6:	ca 01       	movw	r24, r20
    13c8:	b9 01       	movw	r22, r18
    13ca:	0e 94 7c 17 	call	0x2ef8	; 0x2ef8 <__floatsisf>

000013ce <.LVL101>:
    13ce:	69 83       	std	Y+1, r22	; 0x01
    13d0:	7a 83       	std	Y+2, r23	; 0x02
    13d2:	8b 83       	std	Y+3, r24	; 0x03
    13d4:	9c 83       	std	Y+4, r25	; 0x04
    13d6:	69 81       	ldd	r22, Y+1	; 0x01
    13d8:	7a 81       	ldd	r23, Y+2	; 0x02
    13da:	8b 81       	ldd	r24, Y+3	; 0x03
    13dc:	9c 81       	ldd	r25, Y+4	; 0x04
    13de:	0e 94 29 11 	call	0x2252	; 0x2252 <navigatie_setSpeed>

000013e2 <.LVL102>:
                navigatie_navigeerBocht((com_command.arg==e_rechts)?e_links:e_rechts,PADAFSTAND/2);
    13e2:	d7 01       	movw	r26, r14
    13e4:	12 96       	adiw	r26, 0x02	; 2
    13e6:	8c 91       	ld	r24, X

000013e8 <.Loc.207>:
    13e8:	82 30       	cpi	r24, 0x02	; 2
    13ea:	49 f0       	breq	.+18     	; 0x13fe <.L83>
    13ec:	8a 2d       	mov	r24, r10
    13ee:	9b 2d       	mov	r25, r11

000013f0 <.L36>:
    13f0:	62 e1       	ldi	r22, 0x12	; 18
    13f2:	70 e0       	ldi	r23, 0x00	; 0
    13f4:	0e 94 c4 0a 	call	0x1588	; 0x1588 <navigatie_navigeerBocht>

000013f8 <.LVL103>:
    13f8:	08 2d       	mov	r16, r8
    13fa:	19 2d       	mov	r17, r9
    13fc:	cc cd       	rjmp	.-1128   	; 0xf96 <.L2>

000013fe <.L83>:
    13fe:	81 e0       	ldi	r24, 0x01	; 1
    1400:	90 e0       	ldi	r25, 0x00	; 0
    1402:	f6 cf       	rjmp	.-20     	; 0x13f0 <.L36>

00001404 <.L72>:
                navigatie_reverse = !reverse;
    1404:	70 e0       	ldi	r23, 0x00	; 0
    1406:	60 e0       	ldi	r22, 0x00	; 0
    1408:	90 e0       	ldi	r25, 0x00	; 0
    140a:	80 e0       	ldi	r24, 0x00	; 0
    140c:	35 cd       	rjmp	.-1430   	; 0xe78 <.L37>

0000140e <.L77>:
                    if(!(((navigatie_afstandAfgelegd-startAfstand)<(3.14*(PADAFSTAND*0.01)+2*muurGatAfstand))&&(ultrasoon_getDistance_L()<MAXWALLDISTANCE)&&(ultrasoon_getDistance_R()<MAXWALLDISTANCE))){
    140e:	0e 94 d3 15 	call	0x2ba6	; 0x2ba6 <ultrasoon_getDistance_R>

00001412 <.LVL104>:
    1412:	20 e0       	ldi	r18, 0x00	; 0
    1414:	30 e0       	ldi	r19, 0x00	; 0
    1416:	40 e7       	ldi	r20, 0x70	; 112
    1418:	51 e4       	ldi	r21, 0x41	; 65
    141a:	69 83       	std	Y+1, r22	; 0x01
    141c:	7a 83       	std	Y+2, r23	; 0x02
    141e:	8b 83       	std	Y+3, r24	; 0x03
    1420:	9c 83       	std	Y+4, r25	; 0x04
    1422:	69 81       	ldd	r22, Y+1	; 0x01
    1424:	7a 81       	ldd	r23, Y+2	; 0x02
    1426:	8b 81       	ldd	r24, Y+3	; 0x03
    1428:	9c 81       	ldd	r25, Y+4	; 0x04
    142a:	0e 94 cd 16 	call	0x2d9a	; 0x2d9a <__cmpsf2>

0000142e <.LVL105>:
    142e:	88 23       	and	r24, r24
    1430:	0c f0       	brlt	.+2      	; 0x1434 <.Loc.213>

00001432 <L0^A>:
    1432:	a4 cd       	rjmp	.-1208   	; 0xf7c <.L39>

00001434 <.Loc.213>:
                    }
                    else if(!((ultrasoon_getDistance_L()>MAXWALLDISTANCE)&&(ultrasoon_getDistance_R()>MAXWALLDISTANCE))){
    1434:	0e 94 5d 15 	call	0x2aba	; 0x2aba <ultrasoon_getDistance_L>

00001438 <.LVL106>:
    1438:	20 e0       	ldi	r18, 0x00	; 0
    143a:	30 e0       	ldi	r19, 0x00	; 0
    143c:	40 e7       	ldi	r20, 0x70	; 112
    143e:	51 e4       	ldi	r21, 0x41	; 65
    1440:	69 83       	std	Y+1, r22	; 0x01
    1442:	7a 83       	std	Y+2, r23	; 0x02
    1444:	8b 83       	std	Y+3, r24	; 0x03
    1446:	9c 83       	std	Y+4, r25	; 0x04
    1448:	69 81       	ldd	r22, Y+1	; 0x01
    144a:	7a 81       	ldd	r23, Y+2	; 0x02
    144c:	8b 81       	ldd	r24, Y+3	; 0x03
    144e:	9c 81       	ldd	r25, Y+4	; 0x04
    1450:	0e 94 2c 18 	call	0x3058	; 0x3058 <__gesf2>

00001454 <.LVL107>:
    1454:	18 16       	cp	r1, r24
    1456:	9c f4       	brge	.+38     	; 0x147e <.L43>

00001458 <.Loc.216>:
    1458:	0e 94 d3 15 	call	0x2ba6	; 0x2ba6 <ultrasoon_getDistance_R>

0000145c <.LVL108>:
    145c:	e6 2f       	mov	r30, r22

0000145e <.Loc.217>:
    145e:	20 e0       	ldi	r18, 0x00	; 0
    1460:	30 e0       	ldi	r19, 0x00	; 0
    1462:	40 e7       	ldi	r20, 0x70	; 112
    1464:	51 e4       	ldi	r21, 0x41	; 65
    1466:	e9 83       	std	Y+1, r30	; 0x01
    1468:	7a 83       	std	Y+2, r23	; 0x02
    146a:	8b 83       	std	Y+3, r24	; 0x03
    146c:	9c 83       	std	Y+4, r25	; 0x04
    146e:	69 81       	ldd	r22, Y+1	; 0x01
    1470:	7a 81       	ldd	r23, Y+2	; 0x02
    1472:	8b 81       	ldd	r24, Y+3	; 0x03
    1474:	9c 81       	ldd	r25, Y+4	; 0x04
    1476:	0e 94 2c 18 	call	0x3058	; 0x3058 <__gesf2>

0000147a <.LVL109>:
    147a:	18 16       	cp	r1, r24
    147c:	2c f0       	brlt	.+10     	; 0x1488 <.L45>

0000147e <.L43>:
                        navigatie_navigeerPad();
    147e:	0e 94 b6 0e 	call	0x1d6c	; 0x1d6c <navigatie_navigeerPad>

00001482 <.LVL110>:
    1482:	05 e0       	ldi	r16, 0x05	; 5
    1484:	10 e0       	ldi	r17, 0x00	; 0
    1486:	87 cd       	rjmp	.-1266   	; 0xf96 <.L2>

00001488 <.L45>:
                    }
                    else{
                        com_doneCommand();
    1488:	0e 94 c1 01 	call	0x382	; 0x382 <com_doneCommand>

0000148c <.LVL111>:
                        operatingState = e_idle;
    148c:	82 e0       	ldi	r24, 0x02	; 2
    148e:	90 e0       	ldi	r25, 0x00	; 0
    1490:	90 93 25 02 	sts	0x0225, r25	; 0x800225 <operatingState+0x1>
    1494:	80 93 24 02 	sts	0x0224, r24	; 0x800224 <operatingState>
    1498:	05 e0       	ldi	r16, 0x05	; 5
    149a:	10 e0       	ldi	r17, 0x00	; 0
    149c:	7c cd       	rjmp	.-1288   	; 0xf96 <.L2>

0000149e <.L7>:
            }

            break;
        }
        case e_volg:{
            stopAGV();
    149e:	0e 94 a9 0a 	call	0x1552	; 0x1552 <stopAGV>

000014a2 <.LVL113>:
            break;
    14a2:	0d 81       	ldd	r16, Y+5	; 0x05
    14a4:	1e 81       	ldd	r17, Y+6	; 0x06

000014a6 <.Loc.225>:
    14a6:	77 cd       	rjmp	.-1298   	; 0xf96 <.L2>

000014a8 <navigatie_setup>:
static float navigatie_executieTijd = 0;

float navigatie_afstandAfgelegd = 0;

void navigatie_setup(){
    navigatie_speedGoal = 0;
    14a8:	10 92 80 02 	sts	0x0280, r1	; 0x800280 <navigatie_speedGoal>
    14ac:	10 92 81 02 	sts	0x0281, r1	; 0x800281 <navigatie_speedGoal+0x1>
    14b0:	10 92 82 02 	sts	0x0282, r1	; 0x800282 <navigatie_speedGoal+0x2>
    14b4:	10 92 83 02 	sts	0x0283, r1	; 0x800283 <navigatie_speedGoal+0x3>

000014b8 <.Loc.3>:
    navigatie_speedCurrent = 0;
    14b8:	10 92 8c 02 	sts	0x028C, r1	; 0x80028c <navigatie_speedCurrent>
    14bc:	10 92 8d 02 	sts	0x028D, r1	; 0x80028d <navigatie_speedCurrent+0x1>
    14c0:	10 92 8e 02 	sts	0x028E, r1	; 0x80028e <navigatie_speedCurrent+0x2>
    14c4:	10 92 8f 02 	sts	0x028F, r1	; 0x80028f <navigatie_speedCurrent+0x3>

000014c8 <.Loc.5>:
    navigatie_acceleratie = MAX_ACCELERATIE;
    14c8:	80 e0       	ldi	r24, 0x00	; 0
    14ca:	90 e0       	ldi	r25, 0x00	; 0
    14cc:	a0 e8       	ldi	r26, 0x80	; 128
    14ce:	bf e3       	ldi	r27, 0x3F	; 63
    14d0:	80 93 7c 02 	sts	0x027C, r24	; 0x80027c <navigatie_acceleratie>
    14d4:	90 93 7d 02 	sts	0x027D, r25	; 0x80027d <navigatie_acceleratie+0x1>
    14d8:	a0 93 7e 02 	sts	0x027E, r26	; 0x80027e <navigatie_acceleratie+0x2>
    14dc:	b0 93 7f 02 	sts	0x027F, r27	; 0x80027f <navigatie_acceleratie+0x3>

000014e0 <.Loc.7>:
    navigatie_afstandAfgelegd = 0;
    14e0:	10 92 74 02 	sts	0x0274, r1	; 0x800274 <navigatie_afstandAfgelegd>
    14e4:	10 92 75 02 	sts	0x0275, r1	; 0x800275 <navigatie_afstandAfgelegd+0x1>
    14e8:	10 92 76 02 	sts	0x0276, r1	; 0x800276 <navigatie_afstandAfgelegd+0x2>
    14ec:	10 92 77 02 	sts	0x0277, r1	; 0x800277 <navigatie_afstandAfgelegd+0x3>

000014f0 <.Loc.10>:
    navigatie_executieTijd = time;
    14f0:	80 91 2c 02 	lds	r24, 0x022C	; 0x80022c <time>
    14f4:	90 91 2d 02 	lds	r25, 0x022D	; 0x80022d <time+0x1>
    14f8:	a0 91 2e 02 	lds	r26, 0x022E	; 0x80022e <time+0x2>
    14fc:	b0 91 2f 02 	lds	r27, 0x022F	; 0x80022f <time+0x3>
    1500:	80 93 88 02 	sts	0x0288, r24	; 0x800288 <navigatie_executieTijd>
    1504:	90 93 89 02 	sts	0x0289, r25	; 0x800289 <navigatie_executieTijd+0x1>
    1508:	a0 93 8a 02 	sts	0x028A, r26	; 0x80028a <navigatie_executieTijd+0x2>
    150c:	b0 93 8b 02 	sts	0x028B, r27	; 0x80028b <navigatie_executieTijd+0x3>

00001510 <.Loc.11>:
}
    1510:	08 95       	ret

00001512 <navigatie_zetRichting>:


void navigatie_zetRichting(t_richting richting){
    if(richting == e_achteruit){
    1512:	04 97       	sbiw	r24, 0x04	; 4
    1514:	89 f0       	breq	.+34     	; 0x1538 <.L5>

00001516 <.Loc.15>:
        navigatie_reverse = 0;
        ultrasoon_switchSensor(e_ultrasooonAchter);

    }
    else{
        navigatie_reverse = 1;
    1516:	80 e0       	ldi	r24, 0x00	; 0
    1518:	90 e0       	ldi	r25, 0x00	; 0
    151a:	a0 e8       	ldi	r26, 0x80	; 128
    151c:	bf e3       	ldi	r27, 0x3F	; 63

0000151e <.Loc.17>:
    151e:	80 93 78 02 	sts	0x0278, r24	; 0x800278 <navigatie_reverse>
    1522:	90 93 79 02 	sts	0x0279, r25	; 0x800279 <navigatie_reverse+0x1>
    1526:	a0 93 7a 02 	sts	0x027A, r26	; 0x80027a <navigatie_reverse+0x2>
    152a:	b0 93 7b 02 	sts	0x027B, r27	; 0x80027b <navigatie_reverse+0x3>

0000152e <.Loc.18>:
        ultrasoon_switchSensor(e_ultrasooonVoor);
    152e:	81 e0       	ldi	r24, 0x01	; 1
    1530:	90 e0       	ldi	r25, 0x00	; 0
    1532:	0e 94 98 14 	call	0x2930	; 0x2930 <ultrasoon_switchSensor>

00001536 <.LVL2>:
    }
}
    1536:	08 95       	ret

00001538 <.L5>:
        navigatie_reverse = 0;
    1538:	10 92 78 02 	sts	0x0278, r1	; 0x800278 <navigatie_reverse>
    153c:	10 92 79 02 	sts	0x0279, r1	; 0x800279 <navigatie_reverse+0x1>
    1540:	10 92 7a 02 	sts	0x027A, r1	; 0x80027a <navigatie_reverse+0x2>
    1544:	10 92 7b 02 	sts	0x027B, r1	; 0x80027b <navigatie_reverse+0x3>

00001548 <.Loc.22>:
        ultrasoon_switchSensor(e_ultrasooonAchter);
    1548:	80 e0       	ldi	r24, 0x00	; 0
    154a:	90 e0       	ldi	r25, 0x00	; 0

0000154c <.Loc.23>:
    154c:	0e 94 98 14 	call	0x2930	; 0x2930 <ultrasoon_switchSensor>

00001550 <.LVL5>:
    1550:	08 95       	ret

00001552 <stopAGV>:


void stopAGV() {
    stepperMotor1_setSpeed(0);
    1552:	60 e0       	ldi	r22, 0x00	; 0
    1554:	70 e0       	ldi	r23, 0x00	; 0
    1556:	cb 01       	movw	r24, r22
    1558:	0e 94 e3 12 	call	0x25c6	; 0x25c6 <stepperMotor1_setSpeed>

0000155c <.LVL6>:
    stepperMotor2_setSpeed(0);
    155c:	60 e0       	ldi	r22, 0x00	; 0
    155e:	70 e0       	ldi	r23, 0x00	; 0
    1560:	cb 01       	movw	r24, r22
    1562:	0e 94 aa 13 	call	0x2754	; 0x2754 <stepperMotor2_setSpeed>

00001566 <.LBB4>:
    }
}


void navigatie_setSpeed(float f_speed){
    navigatie_speedGoal = (f_speed<MAX_SPEED)?((f_speed<0)?0:f_speed):MAX_SPEED;
    1566:	10 92 80 02 	sts	0x0280, r1	; 0x800280 <navigatie_speedGoal>
    156a:	10 92 81 02 	sts	0x0281, r1	; 0x800281 <navigatie_speedGoal+0x1>
    156e:	10 92 82 02 	sts	0x0282, r1	; 0x800282 <navigatie_speedGoal+0x2>
    1572:	10 92 83 02 	sts	0x0283, r1	; 0x800283 <navigatie_speedGoal+0x3>

00001576 <.LBE4>:
    navigatie_speedCurrent = 0;
    1576:	10 92 8c 02 	sts	0x028C, r1	; 0x80028c <navigatie_speedCurrent>
    157a:	10 92 8d 02 	sts	0x028D, r1	; 0x80028d <navigatie_speedCurrent+0x1>
    157e:	10 92 8e 02 	sts	0x028E, r1	; 0x80028e <navigatie_speedCurrent+0x2>
    1582:	10 92 8f 02 	sts	0x028F, r1	; 0x80028f <navigatie_speedCurrent+0x3>

00001586 <.Loc.34>:
}
    1586:	08 95       	ret

00001588 <navigatie_navigeerBocht>:
void navigatie_navigeerBocht(t_richting f_draaiRichting, int f_radiusCm){
    1588:	4f 92       	push	r4
    158a:	5f 92       	push	r5
    158c:	6f 92       	push	r6
    158e:	7f 92       	push	r7
    1590:	8f 92       	push	r8
    1592:	9f 92       	push	r9
    1594:	af 92       	push	r10
    1596:	bf 92       	push	r11
    1598:	ef 92       	push	r14
    159a:	ff 92       	push	r15
    159c:	0f 93       	push	r16
    159e:	1f 93       	push	r17
    15a0:	cf 93       	push	r28
    15a2:	df 93       	push	r29
    15a4:	00 d0       	rcall	.+0      	; 0x15a6 <L0^A>

000015a6 <L0^A>:
    15a6:	00 d0       	rcall	.+0      	; 0x15a8 <L0^A>

000015a8 <L0^A>:
    15a8:	00 d0       	rcall	.+0      	; 0x15aa <L0^A>

000015aa <L0^A>:
    15aa:	cd b7       	in	r28, 0x3d	; 61
    15ac:	de b7       	in	r29, 0x3e	; 62
    15ae:	08 2f       	mov	r16, r24
    15b0:	19 2f       	mov	r17, r25
    15b2:	e6 2e       	mov	r14, r22
    15b4:	f7 2e       	mov	r15, r23

000015b6 <.Loc.37>:
    navigatie_afstandAfgelegd += lastRealSpeed*(time-navigatie_executieTijd);
    15b6:	80 91 2c 02 	lds	r24, 0x022C	; 0x80022c <time>
    15ba:	90 91 2d 02 	lds	r25, 0x022D	; 0x80022d <time+0x1>
    15be:	a0 91 2e 02 	lds	r26, 0x022E	; 0x80022e <time+0x2>
    15c2:	b0 91 2f 02 	lds	r27, 0x022F	; 0x80022f <time+0x3>

000015c6 <.Loc.40>:
    15c6:	89 83       	std	Y+1, r24	; 0x01
    15c8:	9a 83       	std	Y+2, r25	; 0x02
    15ca:	ab 83       	std	Y+3, r26	; 0x03
    15cc:	bc 83       	std	Y+4, r27	; 0x04
    15ce:	80 90 88 02 	lds	r8, 0x0288	; 0x800288 <navigatie_executieTijd>
    15d2:	90 90 89 02 	lds	r9, 0x0289	; 0x800289 <navigatie_executieTijd+0x1>
    15d6:	a0 90 8a 02 	lds	r10, 0x028A	; 0x80028a <navigatie_executieTijd+0x2>
    15da:	b0 90 8b 02 	lds	r11, 0x028B	; 0x80028b <navigatie_executieTijd+0x3>
    15de:	a5 01       	movw	r20, r10
    15e0:	94 01       	movw	r18, r8
    15e2:	bc 01       	movw	r22, r24
    15e4:	cd 01       	movw	r24, r26

000015e6 <.Loc.41>:
    15e6:	0e 94 60 16 	call	0x2cc0	; 0x2cc0 <__subsf3>

000015ea <.LVL12>:
    15ea:	20 91 84 02 	lds	r18, 0x0284	; 0x800284 <lastRealSpeed.0>
    15ee:	30 91 85 02 	lds	r19, 0x0285	; 0x800285 <lastRealSpeed.0+0x1>
    15f2:	40 91 86 02 	lds	r20, 0x0286	; 0x800286 <lastRealSpeed.0+0x2>
    15f6:	50 91 87 02 	lds	r21, 0x0287	; 0x800287 <lastRealSpeed.0+0x3>
    15fa:	69 83       	std	Y+1, r22	; 0x01
    15fc:	7a 83       	std	Y+2, r23	; 0x02
    15fe:	8b 83       	std	Y+3, r24	; 0x03
    1600:	9c 83       	std	Y+4, r25	; 0x04
    1602:	69 81       	ldd	r22, Y+1	; 0x01
    1604:	7a 81       	ldd	r23, Y+2	; 0x02
    1606:	8b 81       	ldd	r24, Y+3	; 0x03
    1608:	9c 81       	ldd	r25, Y+4	; 0x04
    160a:	0e 94 31 18 	call	0x3062	; 0x3062 <__mulsf3>

0000160e <.LVL13>:
    160e:	26 2f       	mov	r18, r22
    1610:	37 2f       	mov	r19, r23
    1612:	48 2f       	mov	r20, r24
    1614:	59 2f       	mov	r21, r25
    1616:	60 91 74 02 	lds	r22, 0x0274	; 0x800274 <navigatie_afstandAfgelegd>
    161a:	70 91 75 02 	lds	r23, 0x0275	; 0x800275 <navigatie_afstandAfgelegd+0x1>
    161e:	80 91 76 02 	lds	r24, 0x0276	; 0x800276 <navigatie_afstandAfgelegd+0x2>
    1622:	90 91 77 02 	lds	r25, 0x0277	; 0x800277 <navigatie_afstandAfgelegd+0x3>
    1626:	0e 94 61 16 	call	0x2cc2	; 0x2cc2 <__addsf3>

0000162a <.LVL14>:
    162a:	60 93 74 02 	sts	0x0274, r22	; 0x800274 <navigatie_afstandAfgelegd>
    162e:	70 93 75 02 	sts	0x0275, r23	; 0x800275 <navigatie_afstandAfgelegd+0x1>
    1632:	80 93 76 02 	sts	0x0276, r24	; 0x800276 <navigatie_afstandAfgelegd+0x2>
    1636:	90 93 77 02 	sts	0x0277, r25	; 0x800277 <navigatie_afstandAfgelegd+0x3>

0000163a <.Loc.44>:
    if(navigatie_speedCurrent<navigatie_speedGoal){
    163a:	80 91 8c 02 	lds	r24, 0x028C	; 0x80028c <navigatie_speedCurrent>
    163e:	90 91 8d 02 	lds	r25, 0x028D	; 0x80028d <navigatie_speedCurrent+0x1>
    1642:	a0 91 8e 02 	lds	r26, 0x028E	; 0x80028e <navigatie_speedCurrent+0x2>
    1646:	b0 91 8f 02 	lds	r27, 0x028F	; 0x80028f <navigatie_speedCurrent+0x3>
    164a:	89 83       	std	Y+1, r24	; 0x01
    164c:	9a 83       	std	Y+2, r25	; 0x02
    164e:	ab 83       	std	Y+3, r26	; 0x03
    1650:	bc 83       	std	Y+4, r27	; 0x04
    1652:	40 90 80 02 	lds	r4, 0x0280	; 0x800280 <navigatie_speedGoal>
    1656:	50 90 81 02 	lds	r5, 0x0281	; 0x800281 <navigatie_speedGoal+0x1>
    165a:	60 90 82 02 	lds	r6, 0x0282	; 0x800282 <navigatie_speedGoal+0x2>
    165e:	70 90 83 02 	lds	r7, 0x0283	; 0x800283 <navigatie_speedGoal+0x3>

00001662 <.Loc.46>:
    1662:	a3 01       	movw	r20, r6
    1664:	92 01       	movw	r18, r4
    1666:	bc 01       	movw	r22, r24
    1668:	cd 01       	movw	r24, r26
    166a:	0e 94 cd 16 	call	0x2d9a	; 0x2d9a <__cmpsf2>

0000166e <.LVL15>:
    166e:	88 23       	and	r24, r24
    1670:	0c f0       	brlt	.+2      	; 0x1674 <.Loc.47>

00001672 <L0^A>:
    1672:	93 c0       	rjmp	.+294    	; 0x179a <.L45>

00001674 <.Loc.47>:
        navigatie_speedCurrent += navigatie_acceleratie*(time-navigatie_executieTijd);
    1674:	80 91 2c 02 	lds	r24, 0x022C	; 0x80022c <time>
    1678:	90 91 2d 02 	lds	r25, 0x022D	; 0x80022d <time+0x1>
    167c:	a0 91 2e 02 	lds	r26, 0x022E	; 0x80022e <time+0x2>
    1680:	b0 91 2f 02 	lds	r27, 0x022F	; 0x80022f <time+0x3>
    1684:	8d 83       	std	Y+5, r24	; 0x05
    1686:	9e 83       	std	Y+6, r25	; 0x06
    1688:	af 83       	std	Y+7, r26	; 0x07
    168a:	b8 87       	std	Y+8, r27	; 0x08
    168c:	a5 01       	movw	r20, r10
    168e:	94 01       	movw	r18, r8
    1690:	bc 01       	movw	r22, r24
    1692:	cd 01       	movw	r24, r26
    1694:	0e 94 60 16 	call	0x2cc0	; 0x2cc0 <__subsf3>

00001698 <.LVL16>:
    1698:	20 91 7c 02 	lds	r18, 0x027C	; 0x80027c <navigatie_acceleratie>
    169c:	30 91 7d 02 	lds	r19, 0x027D	; 0x80027d <navigatie_acceleratie+0x1>
    16a0:	40 91 7e 02 	lds	r20, 0x027E	; 0x80027e <navigatie_acceleratie+0x2>
    16a4:	50 91 7f 02 	lds	r21, 0x027F	; 0x80027f <navigatie_acceleratie+0x3>
    16a8:	6d 83       	std	Y+5, r22	; 0x05
    16aa:	7e 83       	std	Y+6, r23	; 0x06
    16ac:	8f 83       	std	Y+7, r24	; 0x07
    16ae:	98 87       	std	Y+8, r25	; 0x08
    16b0:	6d 81       	ldd	r22, Y+5	; 0x05
    16b2:	7e 81       	ldd	r23, Y+6	; 0x06
    16b4:	8f 81       	ldd	r24, Y+7	; 0x07
    16b6:	98 85       	ldd	r25, Y+8	; 0x08
    16b8:	0e 94 31 18 	call	0x3062	; 0x3062 <__mulsf3>

000016bc <.LVL17>:
    16bc:	29 81       	ldd	r18, Y+1	; 0x01
    16be:	3a 81       	ldd	r19, Y+2	; 0x02
    16c0:	4b 81       	ldd	r20, Y+3	; 0x03
    16c2:	5c 81       	ldd	r21, Y+4	; 0x04
    16c4:	69 83       	std	Y+1, r22	; 0x01
    16c6:	7a 83       	std	Y+2, r23	; 0x02
    16c8:	8b 83       	std	Y+3, r24	; 0x03
    16ca:	9c 83       	std	Y+4, r25	; 0x04
    16cc:	69 81       	ldd	r22, Y+1	; 0x01
    16ce:	7a 81       	ldd	r23, Y+2	; 0x02
    16d0:	8b 81       	ldd	r24, Y+3	; 0x03
    16d2:	9c 81       	ldd	r25, Y+4	; 0x04
    16d4:	0e 94 61 16 	call	0x2cc2	; 0x2cc2 <__addsf3>

000016d8 <.LVL18>:
    16d8:	a6 2e       	mov	r10, r22
    16da:	b7 2e       	mov	r11, r23
    16dc:	8d 83       	std	Y+5, r24	; 0x05
    16de:	99 83       	std	Y+1, r25	; 0x01

000016e0 <.Loc.51>:
        if(navigatie_speedCurrent>navigatie_speedGoal){
    16e0:	26 2f       	mov	r18, r22
    16e2:	37 2f       	mov	r19, r23
    16e4:	48 2f       	mov	r20, r24
    16e6:	59 2f       	mov	r21, r25
    16e8:	c3 01       	movw	r24, r6
    16ea:	b2 01       	movw	r22, r4
    16ec:	0e 94 cd 16 	call	0x2d9a	; 0x2d9a <__cmpsf2>

000016f0 <.LVL19>:
    16f0:	88 23       	and	r24, r24
    16f2:	0c f4       	brge	.+2      	; 0x16f6 <.Loc.53>

000016f4 <L0^A>:
    16f4:	49 c0       	rjmp	.+146    	; 0x1788 <.L10>

000016f6 <.Loc.53>:
        navigatie_speedCurrent += navigatie_acceleratie*(time-navigatie_executieTijd);
    16f6:	8a 2d       	mov	r24, r10
    16f8:	9b 2d       	mov	r25, r11
    16fa:	ad 81       	ldd	r26, Y+5	; 0x05
    16fc:	b9 81       	ldd	r27, Y+1	; 0x01
    16fe:	80 93 8c 02 	sts	0x028C, r24	; 0x80028c <navigatie_speedCurrent>
    1702:	90 93 8d 02 	sts	0x028D, r25	; 0x80028d <navigatie_speedCurrent+0x1>
    1706:	a0 93 8e 02 	sts	0x028E, r26	; 0x80028e <navigatie_speedCurrent+0x2>
    170a:	b0 93 8f 02 	sts	0x028F, r27	; 0x80028f <navigatie_speedCurrent+0x3>

0000170e <.L11>:
    navigatie_executieTijd = time;
    170e:	80 91 2c 02 	lds	r24, 0x022C	; 0x80022c <time>
    1712:	90 91 2d 02 	lds	r25, 0x022D	; 0x80022d <time+0x1>
    1716:	a0 91 2e 02 	lds	r26, 0x022E	; 0x80022e <time+0x2>
    171a:	b0 91 2f 02 	lds	r27, 0x022F	; 0x80022f <time+0x3>
    171e:	80 93 88 02 	sts	0x0288, r24	; 0x800288 <navigatie_executieTijd>
    1722:	90 93 89 02 	sts	0x0289, r25	; 0x800289 <navigatie_executieTijd+0x1>
    1726:	a0 93 8a 02 	sts	0x028A, r26	; 0x80028a <navigatie_executieTijd+0x2>
    172a:	b0 93 8b 02 	sts	0x028B, r27	; 0x80028b <navigatie_executieTijd+0x3>

0000172e <.Loc.56>:
    if(f_radiusCm<MIN_RADIUS){//limiteer radius
    172e:	ed 82       	std	Y+5, r14	; 0x05
    1730:	fe 82       	std	Y+6, r15	; 0x06
    1732:	ad 81       	ldd	r26, Y+5	; 0x05
    1734:	be 81       	ldd	r27, Y+6	; 0x06
    1736:	19 97       	sbiw	r26, 0x09	; 9
    1738:	24 f4       	brge	.+8      	; 0x1742 <.L14>
    173a:	89 e0       	ldi	r24, 0x09	; 9
    173c:	90 e0       	ldi	r25, 0x00	; 0
    173e:	9e 83       	std	Y+6, r25	; 0x06
    1740:	8d 83       	std	Y+5, r24	; 0x05

00001742 <.L14>:
    switch(f_draaiRichting){
    1742:	02 30       	cpi	r16, 0x02	; 2
    1744:	11 05       	cpc	r17, r1
    1746:	09 f4       	brne	.+2      	; 0x174a <L0^A+0x2>

00001748 <L0^A>:
    1748:	9a c1       	rjmp	.+820    	; 0x1a7e <.L15>
    174a:	03 30       	cpi	r16, 0x03	; 3
    174c:	11 05       	cpc	r17, r1
    174e:	09 f4       	brne	.+2      	; 0x1752 <L0^A+0x2>

00001750 <L0^A>:
    1750:	86 c2       	rjmp	.+1292   	; 0x1c5e <.L16>
    1752:	01 30       	cpi	r16, 0x01	; 1
    1754:	11 05       	cpc	r17, r1
    1756:	09 f4       	brne	.+2      	; 0x175a <.Loc.59>

00001758 <L0^A>:
    1758:	82 c0       	rjmp	.+260    	; 0x185e <.L52>

0000175a <.Loc.59>:
        stepperMotor1_setSpeed(0);
    175a:	60 e0       	ldi	r22, 0x00	; 0
    175c:	70 e0       	ldi	r23, 0x00	; 0
    175e:	cb 01       	movw	r24, r22
    1760:	0e 94 e3 12 	call	0x25c6	; 0x25c6 <stepperMotor1_setSpeed>

00001764 <.LVL21>:
        stepperMotor2_setSpeed(0);
    1764:	60 e0       	ldi	r22, 0x00	; 0
    1766:	70 e0       	ldi	r23, 0x00	; 0
    1768:	cb 01       	movw	r24, r22
    176a:	0e 94 aa 13 	call	0x2754	; 0x2754 <stepperMotor2_setSpeed>

0000176e <.LVL22>:
        navigatie_speedCurrent = 0;
    176e:	10 92 8c 02 	sts	0x028C, r1	; 0x80028c <navigatie_speedCurrent>
    1772:	10 92 8d 02 	sts	0x028D, r1	; 0x80028d <navigatie_speedCurrent+0x1>
    1776:	10 92 8e 02 	sts	0x028E, r1	; 0x80028e <navigatie_speedCurrent+0x2>
    177a:	10 92 8f 02 	sts	0x028F, r1	; 0x80028f <navigatie_speedCurrent+0x3>

0000177e <.Loc.63>:
        break;
    177e:	30 e0       	ldi	r19, 0x00	; 0
    1780:	20 e0       	ldi	r18, 0x00	; 0
    1782:	80 e0       	ldi	r24, 0x00	; 0
    1784:	90 e0       	ldi	r25, 0x00	; 0
    1786:	5a c1       	rjmp	.+692    	; 0x1a3c <.L22>

00001788 <.L10>:
            navigatie_speedCurrent = navigatie_speedGoal;
    1788:	40 92 8c 02 	sts	0x028C, r4	; 0x80028c <navigatie_speedCurrent>
    178c:	50 92 8d 02 	sts	0x028D, r5	; 0x80028d <navigatie_speedCurrent+0x1>
    1790:	60 92 8e 02 	sts	0x028E, r6	; 0x80028e <navigatie_speedCurrent+0x2>
    1794:	70 92 8f 02 	sts	0x028F, r7	; 0x80028f <navigatie_speedCurrent+0x3>
    1798:	ba cf       	rjmp	.-140    	; 0x170e <.L11>

0000179a <.L45>:
    else if(navigatie_speedCurrent>navigatie_speedGoal){
    179a:	a3 01       	movw	r20, r6
    179c:	92 01       	movw	r18, r4
    179e:	69 81       	ldd	r22, Y+1	; 0x01
    17a0:	7a 81       	ldd	r23, Y+2	; 0x02
    17a2:	8b 81       	ldd	r24, Y+3	; 0x03
    17a4:	9c 81       	ldd	r25, Y+4	; 0x04
    17a6:	0e 94 2c 18 	call	0x3058	; 0x3058 <__gesf2>

000017aa <.LVL24>:
    17aa:	18 16       	cp	r1, r24
    17ac:	0c f0       	brlt	.+2      	; 0x17b0 <.Loc.69>

000017ae <L0^A>:
    17ae:	af cf       	rjmp	.-162    	; 0x170e <.L11>

000017b0 <.Loc.69>:
        navigatie_speedCurrent -= navigatie_acceleratie*(time-navigatie_executieTijd);
    17b0:	80 91 2c 02 	lds	r24, 0x022C	; 0x80022c <time>
    17b4:	90 91 2d 02 	lds	r25, 0x022D	; 0x80022d <time+0x1>
    17b8:	a0 91 2e 02 	lds	r26, 0x022E	; 0x80022e <time+0x2>
    17bc:	b0 91 2f 02 	lds	r27, 0x022F	; 0x80022f <time+0x3>
    17c0:	8d 83       	std	Y+5, r24	; 0x05
    17c2:	9e 83       	std	Y+6, r25	; 0x06
    17c4:	af 83       	std	Y+7, r26	; 0x07
    17c6:	b8 87       	std	Y+8, r27	; 0x08
    17c8:	a5 01       	movw	r20, r10
    17ca:	94 01       	movw	r18, r8
    17cc:	bc 01       	movw	r22, r24
    17ce:	cd 01       	movw	r24, r26
    17d0:	0e 94 60 16 	call	0x2cc0	; 0x2cc0 <__subsf3>

000017d4 <.LVL25>:
    17d4:	20 91 7c 02 	lds	r18, 0x027C	; 0x80027c <navigatie_acceleratie>
    17d8:	30 91 7d 02 	lds	r19, 0x027D	; 0x80027d <navigatie_acceleratie+0x1>
    17dc:	40 91 7e 02 	lds	r20, 0x027E	; 0x80027e <navigatie_acceleratie+0x2>
    17e0:	50 91 7f 02 	lds	r21, 0x027F	; 0x80027f <navigatie_acceleratie+0x3>
    17e4:	6d 83       	std	Y+5, r22	; 0x05
    17e6:	7e 83       	std	Y+6, r23	; 0x06
    17e8:	8f 83       	std	Y+7, r24	; 0x07
    17ea:	98 87       	std	Y+8, r25	; 0x08
    17ec:	6d 81       	ldd	r22, Y+5	; 0x05
    17ee:	7e 81       	ldd	r23, Y+6	; 0x06
    17f0:	8f 81       	ldd	r24, Y+7	; 0x07
    17f2:	98 85       	ldd	r25, Y+8	; 0x08
    17f4:	0e 94 31 18 	call	0x3062	; 0x3062 <__mulsf3>

000017f8 <.LVL26>:
    17f8:	26 2f       	mov	r18, r22
    17fa:	37 2f       	mov	r19, r23
    17fc:	48 2f       	mov	r20, r24
    17fe:	59 2f       	mov	r21, r25
    1800:	69 81       	ldd	r22, Y+1	; 0x01
    1802:	7a 81       	ldd	r23, Y+2	; 0x02
    1804:	8b 81       	ldd	r24, Y+3	; 0x03
    1806:	9c 81       	ldd	r25, Y+4	; 0x04
    1808:	0e 94 60 16 	call	0x2cc0	; 0x2cc0 <__subsf3>

0000180c <.LVL27>:
    180c:	a6 2e       	mov	r10, r22
    180e:	b7 2e       	mov	r11, r23
    1810:	89 87       	std	Y+9, r24	; 0x09
    1812:	9d 83       	std	Y+5, r25	; 0x05

00001814 <.Loc.73>:
        if(navigatie_speedCurrent<0){
    1814:	20 e0       	ldi	r18, 0x00	; 0
    1816:	30 e0       	ldi	r19, 0x00	; 0
    1818:	a9 01       	movw	r20, r18
    181a:	69 83       	std	Y+1, r22	; 0x01
    181c:	7a 83       	std	Y+2, r23	; 0x02
    181e:	8b 83       	std	Y+3, r24	; 0x03
    1820:	9c 83       	std	Y+4, r25	; 0x04
    1822:	69 81       	ldd	r22, Y+1	; 0x01
    1824:	7a 81       	ldd	r23, Y+2	; 0x02
    1826:	8b 81       	ldd	r24, Y+3	; 0x03
    1828:	9c 81       	ldd	r25, Y+4	; 0x04
    182a:	0e 94 cd 16 	call	0x2d9a	; 0x2d9a <__cmpsf2>

0000182e <.LVL28>:
    182e:	88 23       	and	r24, r24
    1830:	6c f0       	brlt	.+26     	; 0x184c <.L13>

00001832 <.Loc.75>:
        navigatie_speedCurrent -= navigatie_acceleratie*(time-navigatie_executieTijd);
    1832:	8a 2d       	mov	r24, r10
    1834:	9b 2d       	mov	r25, r11
    1836:	a9 85       	ldd	r26, Y+9	; 0x09
    1838:	bd 81       	ldd	r27, Y+5	; 0x05
    183a:	80 93 8c 02 	sts	0x028C, r24	; 0x80028c <navigatie_speedCurrent>
    183e:	90 93 8d 02 	sts	0x028D, r25	; 0x80028d <navigatie_speedCurrent+0x1>
    1842:	a0 93 8e 02 	sts	0x028E, r26	; 0x80028e <navigatie_speedCurrent+0x2>
    1846:	b0 93 8f 02 	sts	0x028F, r27	; 0x80028f <navigatie_speedCurrent+0x3>
    184a:	61 cf       	rjmp	.-318    	; 0x170e <.L11>

0000184c <.L13>:
            navigatie_speedCurrent = 0;
    184c:	10 92 8c 02 	sts	0x028C, r1	; 0x80028c <navigatie_speedCurrent>
    1850:	10 92 8d 02 	sts	0x028D, r1	; 0x80028d <navigatie_speedCurrent+0x1>
    1854:	10 92 8e 02 	sts	0x028E, r1	; 0x80028e <navigatie_speedCurrent+0x2>
    1858:	10 92 8f 02 	sts	0x028F, r1	; 0x80028f <navigatie_speedCurrent+0x3>
    185c:	58 cf       	rjmp	.-336    	; 0x170e <.L11>

0000185e <.L52>:
        stepperMotor1_setSpeed(MOTORCONSTANT*((2*f_radiusCm-AGV_WIDTH)/(2*f_radiusCm+AGV_WIDTH))*navigatie_speedCurrent*((navigatie_reverse)?-1:1));
    185e:	ad 81       	ldd	r26, Y+5	; 0x05
    1860:	be 81       	ldd	r27, Y+6	; 0x06
    1862:	aa 0f       	add	r26, r26
    1864:	bb 1f       	adc	r27, r27
    1866:	cd 01       	movw	r24, r26

00001868 <.Loc.80>:
    1868:	09 2e       	mov	r0, r25
    186a:	00 0c       	add	r0, r0
    186c:	aa 0b       	sbc	r26, r26
    186e:	bb 0b       	sbc	r27, r27
    1870:	89 83       	std	Y+1, r24	; 0x01
    1872:	9a 83       	std	Y+2, r25	; 0x02
    1874:	ab 83       	std	Y+3, r26	; 0x03
    1876:	bc 83       	std	Y+4, r27	; 0x04
    1878:	bc 01       	movw	r22, r24
    187a:	cd 01       	movw	r24, r26
    187c:	0e 94 7c 17 	call	0x2ef8	; 0x2ef8 <__floatsisf>

00001880 <.LVL30>:
    1880:	06 2f       	mov	r16, r22
    1882:	17 2f       	mov	r17, r23
    1884:	89 87       	std	Y+9, r24	; 0x09
    1886:	9d 83       	std	Y+5, r25	; 0x05

00001888 <.Loc.81>:
    1888:	20 e0       	ldi	r18, 0x00	; 0
    188a:	30 e0       	ldi	r19, 0x00	; 0
    188c:	44 e9       	ldi	r20, 0x94	; 148
    188e:	51 e4       	ldi	r21, 0x41	; 65
    1890:	69 83       	std	Y+1, r22	; 0x01
    1892:	7a 83       	std	Y+2, r23	; 0x02
    1894:	8b 83       	std	Y+3, r24	; 0x03
    1896:	9c 83       	std	Y+4, r25	; 0x04
    1898:	69 81       	ldd	r22, Y+1	; 0x01
    189a:	7a 81       	ldd	r23, Y+2	; 0x02
    189c:	8b 81       	ldd	r24, Y+3	; 0x03
    189e:	9c 81       	ldd	r25, Y+4	; 0x04
    18a0:	0e 94 61 16 	call	0x2cc2	; 0x2cc2 <__addsf3>

000018a4 <.LVL32>:
    18a4:	a6 2e       	mov	r10, r22
    18a6:	b7 2e       	mov	r11, r23
    18a8:	e8 2e       	mov	r14, r24
    18aa:	f9 2e       	mov	r15, r25

000018ac <.Loc.82>:
    18ac:	20 e0       	ldi	r18, 0x00	; 0
    18ae:	30 e0       	ldi	r19, 0x00	; 0
    18b0:	44 e9       	ldi	r20, 0x94	; 148
    18b2:	51 e4       	ldi	r21, 0x41	; 65
    18b4:	69 81       	ldd	r22, Y+1	; 0x01
    18b6:	7a 81       	ldd	r23, Y+2	; 0x02
    18b8:	8b 81       	ldd	r24, Y+3	; 0x03
    18ba:	9c 81       	ldd	r25, Y+4	; 0x04
    18bc:	0e 94 60 16 	call	0x2cc0	; 0x2cc0 <__subsf3>

000018c0 <.LVL33>:
    18c0:	2a 2d       	mov	r18, r10
    18c2:	3b 2d       	mov	r19, r11
    18c4:	4e 2d       	mov	r20, r14
    18c6:	5f 2d       	mov	r21, r15
    18c8:	69 83       	std	Y+1, r22	; 0x01
    18ca:	7a 83       	std	Y+2, r23	; 0x02
    18cc:	8b 83       	std	Y+3, r24	; 0x03
    18ce:	9c 83       	std	Y+4, r25	; 0x04
    18d0:	69 81       	ldd	r22, Y+1	; 0x01
    18d2:	7a 81       	ldd	r23, Y+2	; 0x02
    18d4:	8b 81       	ldd	r24, Y+3	; 0x03
    18d6:	9c 81       	ldd	r25, Y+4	; 0x04
    18d8:	0e 94 d2 16 	call	0x2da4	; 0x2da4 <__divsf3>

000018dc <.LVL34>:
    18dc:	20 e0       	ldi	r18, 0x00	; 0
    18de:	30 e8       	ldi	r19, 0x80	; 128
    18e0:	44 ed       	ldi	r20, 0xD4	; 212
    18e2:	53 e4       	ldi	r21, 0x43	; 67
    18e4:	69 83       	std	Y+1, r22	; 0x01
    18e6:	7a 83       	std	Y+2, r23	; 0x02
    18e8:	8b 83       	std	Y+3, r24	; 0x03
    18ea:	9c 83       	std	Y+4, r25	; 0x04
    18ec:	69 81       	ldd	r22, Y+1	; 0x01
    18ee:	7a 81       	ldd	r23, Y+2	; 0x02
    18f0:	8b 81       	ldd	r24, Y+3	; 0x03
    18f2:	9c 81       	ldd	r25, Y+4	; 0x04
    18f4:	0e 94 31 18 	call	0x3062	; 0x3062 <__mulsf3>

000018f8 <.LVL35>:
    18f8:	20 91 8c 02 	lds	r18, 0x028C	; 0x80028c <navigatie_speedCurrent>
    18fc:	30 91 8d 02 	lds	r19, 0x028D	; 0x80028d <navigatie_speedCurrent+0x1>
    1900:	40 91 8e 02 	lds	r20, 0x028E	; 0x80028e <navigatie_speedCurrent+0x2>
    1904:	50 91 8f 02 	lds	r21, 0x028F	; 0x80028f <navigatie_speedCurrent+0x3>
    1908:	69 83       	std	Y+1, r22	; 0x01
    190a:	7a 83       	std	Y+2, r23	; 0x02
    190c:	8b 83       	std	Y+3, r24	; 0x03
    190e:	9c 83       	std	Y+4, r25	; 0x04
    1910:	69 81       	ldd	r22, Y+1	; 0x01
    1912:	7a 81       	ldd	r23, Y+2	; 0x02
    1914:	8b 81       	ldd	r24, Y+3	; 0x03
    1916:	9c 81       	ldd	r25, Y+4	; 0x04
    1918:	0e 94 31 18 	call	0x3062	; 0x3062 <__mulsf3>

0000191c <.LVL36>:
    191c:	66 2e       	mov	r6, r22
    191e:	77 2e       	mov	r7, r23
    1920:	88 2e       	mov	r8, r24
    1922:	99 2e       	mov	r9, r25

00001924 <.Loc.86>:
    1924:	20 e0       	ldi	r18, 0x00	; 0
    1926:	30 e0       	ldi	r19, 0x00	; 0
    1928:	a9 01       	movw	r20, r18
    192a:	60 91 78 02 	lds	r22, 0x0278	; 0x800278 <navigatie_reverse>
    192e:	70 91 79 02 	lds	r23, 0x0279	; 0x800279 <navigatie_reverse+0x1>
    1932:	80 91 7a 02 	lds	r24, 0x027A	; 0x80027a <navigatie_reverse+0x2>
    1936:	90 91 7b 02 	lds	r25, 0x027B	; 0x80027b <navigatie_reverse+0x3>
    193a:	0e 94 cd 16 	call	0x2d9a	; 0x2d9a <__cmpsf2>

0000193e <.LVL37>:
    193e:	20 e0       	ldi	r18, 0x00	; 0
    1940:	30 e0       	ldi	r19, 0x00	; 0
    1942:	40 e8       	ldi	r20, 0x80	; 128
    1944:	5f eb       	ldi	r21, 0xBF	; 191
    1946:	81 11       	cpse	r24, r1
    1948:	04 c0       	rjmp	.+8      	; 0x1952 <.L18>
    194a:	20 e0       	ldi	r18, 0x00	; 0
    194c:	30 e0       	ldi	r19, 0x00	; 0
    194e:	40 e8       	ldi	r20, 0x80	; 128
    1950:	5f e3       	ldi	r21, 0x3F	; 63

00001952 <.L18>:
    1952:	69 82       	std	Y+1, r6	; 0x01
    1954:	7a 82       	std	Y+2, r7	; 0x02
    1956:	8b 82       	std	Y+3, r8	; 0x03
    1958:	9c 82       	std	Y+4, r9	; 0x04
    195a:	69 81       	ldd	r22, Y+1	; 0x01
    195c:	7a 81       	ldd	r23, Y+2	; 0x02
    195e:	8b 81       	ldd	r24, Y+3	; 0x03
    1960:	9c 81       	ldd	r25, Y+4	; 0x04
    1962:	0e 94 31 18 	call	0x3062	; 0x3062 <__mulsf3>

00001966 <.LVL38>:
    1966:	69 83       	std	Y+1, r22	; 0x01
    1968:	7a 83       	std	Y+2, r23	; 0x02
    196a:	8b 83       	std	Y+3, r24	; 0x03
    196c:	9c 83       	std	Y+4, r25	; 0x04
    196e:	69 81       	ldd	r22, Y+1	; 0x01
    1970:	7a 81       	ldd	r23, Y+2	; 0x02
    1972:	8b 81       	ldd	r24, Y+3	; 0x03
    1974:	9c 81       	ldd	r25, Y+4	; 0x04
    1976:	0e 94 e3 12 	call	0x25c6	; 0x25c6 <stepperMotor1_setSpeed>

0000197a <.LVL39>:
        stepperMotor2_setSpeed(MOTORCONSTANT*navigatie_speedCurrent*((navigatie_reverse)?-1:1));
    197a:	20 e0       	ldi	r18, 0x00	; 0
    197c:	30 e8       	ldi	r19, 0x80	; 128
    197e:	44 ed       	ldi	r20, 0xD4	; 212
    1980:	53 e4       	ldi	r21, 0x43	; 67
    1982:	60 91 8c 02 	lds	r22, 0x028C	; 0x80028c <navigatie_speedCurrent>
    1986:	70 91 8d 02 	lds	r23, 0x028D	; 0x80028d <navigatie_speedCurrent+0x1>
    198a:	80 91 8e 02 	lds	r24, 0x028E	; 0x80028e <navigatie_speedCurrent+0x2>
    198e:	90 91 8f 02 	lds	r25, 0x028F	; 0x80028f <navigatie_speedCurrent+0x3>
    1992:	0e 94 31 18 	call	0x3062	; 0x3062 <__mulsf3>

00001996 <.LVL40>:
    1996:	66 2e       	mov	r6, r22
    1998:	77 2e       	mov	r7, r23
    199a:	88 2e       	mov	r8, r24
    199c:	99 2e       	mov	r9, r25

0000199e <.Loc.91>:
    199e:	20 e0       	ldi	r18, 0x00	; 0
    19a0:	30 e0       	ldi	r19, 0x00	; 0
    19a2:	a9 01       	movw	r20, r18
    19a4:	60 91 78 02 	lds	r22, 0x0278	; 0x800278 <navigatie_reverse>
    19a8:	70 91 79 02 	lds	r23, 0x0279	; 0x800279 <navigatie_reverse+0x1>
    19ac:	80 91 7a 02 	lds	r24, 0x027A	; 0x80027a <navigatie_reverse+0x2>
    19b0:	90 91 7b 02 	lds	r25, 0x027B	; 0x80027b <navigatie_reverse+0x3>
    19b4:	0e 94 cd 16 	call	0x2d9a	; 0x2d9a <__cmpsf2>

000019b8 <.LVL41>:
    19b8:	20 e0       	ldi	r18, 0x00	; 0
    19ba:	30 e0       	ldi	r19, 0x00	; 0
    19bc:	40 e8       	ldi	r20, 0x80	; 128
    19be:	5f eb       	ldi	r21, 0xBF	; 191
    19c0:	81 11       	cpse	r24, r1
    19c2:	04 c0       	rjmp	.+8      	; 0x19cc <.L20>

000019c4 <.Loc.92>:
    19c4:	20 e0       	ldi	r18, 0x00	; 0
    19c6:	30 e0       	ldi	r19, 0x00	; 0
    19c8:	40 e8       	ldi	r20, 0x80	; 128
    19ca:	5f e3       	ldi	r21, 0x3F	; 63

000019cc <.L20>:
    19cc:	69 82       	std	Y+1, r6	; 0x01
    19ce:	7a 82       	std	Y+2, r7	; 0x02
    19d0:	8b 82       	std	Y+3, r8	; 0x03
    19d2:	9c 82       	std	Y+4, r9	; 0x04
    19d4:	69 81       	ldd	r22, Y+1	; 0x01
    19d6:	7a 81       	ldd	r23, Y+2	; 0x02
    19d8:	8b 81       	ldd	r24, Y+3	; 0x03
    19da:	9c 81       	ldd	r25, Y+4	; 0x04
    19dc:	0e 94 31 18 	call	0x3062	; 0x3062 <__mulsf3>

000019e0 <.LVL42>:
    19e0:	69 83       	std	Y+1, r22	; 0x01
    19e2:	7a 83       	std	Y+2, r23	; 0x02
    19e4:	8b 83       	std	Y+3, r24	; 0x03
    19e6:	9c 83       	std	Y+4, r25	; 0x04
    19e8:	69 81       	ldd	r22, Y+1	; 0x01
    19ea:	7a 81       	ldd	r23, Y+2	; 0x02
    19ec:	8b 81       	ldd	r24, Y+3	; 0x03
    19ee:	9c 81       	ldd	r25, Y+4	; 0x04
    19f0:	0e 94 aa 13 	call	0x2754	; 0x2754 <stepperMotor2_setSpeed>

000019f4 <.LVL43>:
        lastRealSpeed = ((2*f_radiusCm)/(2*f_radiusCm+AGV_WIDTH))*navigatie_speedCurrent;
    19f4:	2a 2d       	mov	r18, r10
    19f6:	3b 2d       	mov	r19, r11
    19f8:	4e 2d       	mov	r20, r14
    19fa:	5f 2d       	mov	r21, r15
    19fc:	09 83       	std	Y+1, r16	; 0x01
    19fe:	1a 83       	std	Y+2, r17	; 0x02
    1a00:	b9 85       	ldd	r27, Y+9	; 0x09
    1a02:	bb 83       	std	Y+3, r27	; 0x03
    1a04:	8d 81       	ldd	r24, Y+5	; 0x05
    1a06:	8c 83       	std	Y+4, r24	; 0x04
    1a08:	69 81       	ldd	r22, Y+1	; 0x01
    1a0a:	7a 81       	ldd	r23, Y+2	; 0x02
    1a0c:	8b 81       	ldd	r24, Y+3	; 0x03
    1a0e:	9c 81       	ldd	r25, Y+4	; 0x04
    1a10:	0e 94 d2 16 	call	0x2da4	; 0x2da4 <__divsf3>

00001a14 <.LVL44>:
    1a14:	20 91 8c 02 	lds	r18, 0x028C	; 0x80028c <navigatie_speedCurrent>
    1a18:	30 91 8d 02 	lds	r19, 0x028D	; 0x80028d <navigatie_speedCurrent+0x1>
    1a1c:	40 91 8e 02 	lds	r20, 0x028E	; 0x80028e <navigatie_speedCurrent+0x2>
    1a20:	50 91 8f 02 	lds	r21, 0x028F	; 0x80028f <navigatie_speedCurrent+0x3>
    1a24:	69 83       	std	Y+1, r22	; 0x01
    1a26:	7a 83       	std	Y+2, r23	; 0x02
    1a28:	8b 83       	std	Y+3, r24	; 0x03
    1a2a:	9c 83       	std	Y+4, r25	; 0x04
    1a2c:	69 81       	ldd	r22, Y+1	; 0x01
    1a2e:	7a 81       	ldd	r23, Y+2	; 0x02
    1a30:	8b 81       	ldd	r24, Y+3	; 0x03
    1a32:	9c 81       	ldd	r25, Y+4	; 0x04
    1a34:	0e 94 31 18 	call	0x3062	; 0x3062 <__mulsf3>

00001a38 <.LVL45>:
    1a38:	36 2f       	mov	r19, r22
    1a3a:	27 2f       	mov	r18, r23

00001a3c <.L22>:
    1a3c:	43 2f       	mov	r20, r19
    1a3e:	52 2f       	mov	r21, r18
    1a40:	68 2f       	mov	r22, r24
    1a42:	79 2f       	mov	r23, r25
    1a44:	40 93 84 02 	sts	0x0284, r20	; 0x800284 <lastRealSpeed.0>
    1a48:	50 93 85 02 	sts	0x0285, r21	; 0x800285 <lastRealSpeed.0+0x1>
    1a4c:	60 93 86 02 	sts	0x0286, r22	; 0x800286 <lastRealSpeed.0+0x2>
    1a50:	70 93 87 02 	sts	0x0287, r23	; 0x800287 <lastRealSpeed.0+0x3>

00001a54 <.Loc.99>:
}
    1a54:	29 96       	adiw	r28, 0x09	; 9
    1a56:	0f b6       	in	r0, 0x3f	; 63
    1a58:	f8 94       	cli
    1a5a:	de bf       	out	0x3e, r29	; 62
    1a5c:	0f be       	out	0x3f, r0	; 63
    1a5e:	cd bf       	out	0x3d, r28	; 61
    1a60:	df 91       	pop	r29
    1a62:	cf 91       	pop	r28
    1a64:	1f 91       	pop	r17
    1a66:	0f 91       	pop	r16
    1a68:	ff 90       	pop	r15
    1a6a:	ef 90       	pop	r14
    1a6c:	bf 90       	pop	r11
    1a6e:	af 90       	pop	r10
    1a70:	9f 90       	pop	r9
    1a72:	8f 90       	pop	r8
    1a74:	7f 90       	pop	r7
    1a76:	6f 90       	pop	r6
    1a78:	5f 90       	pop	r5
    1a7a:	4f 90       	pop	r4
    1a7c:	08 95       	ret

00001a7e <.L15>:
        stepperMotor1_setSpeed(MOTORCONSTANT*navigatie_speedCurrent*((navigatie_reverse)?-1:1));
    1a7e:	20 e0       	ldi	r18, 0x00	; 0
    1a80:	30 e8       	ldi	r19, 0x80	; 128
    1a82:	44 ed       	ldi	r20, 0xD4	; 212
    1a84:	53 e4       	ldi	r21, 0x43	; 67
    1a86:	60 91 8c 02 	lds	r22, 0x028C	; 0x80028c <navigatie_speedCurrent>
    1a8a:	70 91 8d 02 	lds	r23, 0x028D	; 0x80028d <navigatie_speedCurrent+0x1>
    1a8e:	80 91 8e 02 	lds	r24, 0x028E	; 0x80028e <navigatie_speedCurrent+0x2>
    1a92:	90 91 8f 02 	lds	r25, 0x028F	; 0x80028f <navigatie_speedCurrent+0x3>
    1a96:	0e 94 31 18 	call	0x3062	; 0x3062 <__mulsf3>

00001a9a <.LVL47>:
    1a9a:	e6 2e       	mov	r14, r22
    1a9c:	f7 2e       	mov	r15, r23
    1a9e:	08 2f       	mov	r16, r24
    1aa0:	19 2f       	mov	r17, r25

00001aa2 <.Loc.102>:
    1aa2:	20 e0       	ldi	r18, 0x00	; 0
    1aa4:	30 e0       	ldi	r19, 0x00	; 0
    1aa6:	a9 01       	movw	r20, r18
    1aa8:	60 91 78 02 	lds	r22, 0x0278	; 0x800278 <navigatie_reverse>
    1aac:	70 91 79 02 	lds	r23, 0x0279	; 0x800279 <navigatie_reverse+0x1>
    1ab0:	80 91 7a 02 	lds	r24, 0x027A	; 0x80027a <navigatie_reverse+0x2>
    1ab4:	90 91 7b 02 	lds	r25, 0x027B	; 0x80027b <navigatie_reverse+0x3>
    1ab8:	0e 94 cd 16 	call	0x2d9a	; 0x2d9a <__cmpsf2>

00001abc <.LVL48>:
    1abc:	20 e0       	ldi	r18, 0x00	; 0
    1abe:	30 e0       	ldi	r19, 0x00	; 0
    1ac0:	40 e8       	ldi	r20, 0x80	; 128
    1ac2:	5f eb       	ldi	r21, 0xBF	; 191
    1ac4:	81 11       	cpse	r24, r1
    1ac6:	04 c0       	rjmp	.+8      	; 0x1ad0 <.L23>
    1ac8:	20 e0       	ldi	r18, 0x00	; 0
    1aca:	30 e0       	ldi	r19, 0x00	; 0
    1acc:	40 e8       	ldi	r20, 0x80	; 128
    1ace:	5f e3       	ldi	r21, 0x3F	; 63

00001ad0 <.L23>:
    1ad0:	e9 82       	std	Y+1, r14	; 0x01
    1ad2:	fa 82       	std	Y+2, r15	; 0x02
    1ad4:	0b 83       	std	Y+3, r16	; 0x03
    1ad6:	1c 83       	std	Y+4, r17	; 0x04
    1ad8:	69 81       	ldd	r22, Y+1	; 0x01
    1ada:	7a 81       	ldd	r23, Y+2	; 0x02
    1adc:	8b 81       	ldd	r24, Y+3	; 0x03
    1ade:	9c 81       	ldd	r25, Y+4	; 0x04
    1ae0:	0e 94 31 18 	call	0x3062	; 0x3062 <__mulsf3>

00001ae4 <.LVL49>:
    1ae4:	69 83       	std	Y+1, r22	; 0x01
    1ae6:	7a 83       	std	Y+2, r23	; 0x02
    1ae8:	8b 83       	std	Y+3, r24	; 0x03
    1aea:	9c 83       	std	Y+4, r25	; 0x04
    1aec:	69 81       	ldd	r22, Y+1	; 0x01
    1aee:	7a 81       	ldd	r23, Y+2	; 0x02
    1af0:	8b 81       	ldd	r24, Y+3	; 0x03
    1af2:	9c 81       	ldd	r25, Y+4	; 0x04
    1af4:	0e 94 e3 12 	call	0x25c6	; 0x25c6 <stepperMotor1_setSpeed>

00001af8 <.LVL50>:
        stepperMotor2_setSpeed(MOTORCONSTANT*(((2*f_radiusCm-AGV_WIDTH)/(2*f_radiusCm+AGV_WIDTH))*navigatie_speedCurrent)*((navigatie_reverse)?-1:1));
    1af8:	ad 81       	ldd	r26, Y+5	; 0x05
    1afa:	be 81       	ldd	r27, Y+6	; 0x06
    1afc:	aa 0f       	add	r26, r26
    1afe:	bb 1f       	adc	r27, r27
    1b00:	cd 01       	movw	r24, r26

00001b02 <.Loc.106>:
    1b02:	09 2e       	mov	r0, r25
    1b04:	00 0c       	add	r0, r0
    1b06:	aa 0b       	sbc	r26, r26
    1b08:	bb 0b       	sbc	r27, r27
    1b0a:	89 83       	std	Y+1, r24	; 0x01
    1b0c:	9a 83       	std	Y+2, r25	; 0x02
    1b0e:	ab 83       	std	Y+3, r26	; 0x03
    1b10:	bc 83       	std	Y+4, r27	; 0x04
    1b12:	bc 01       	movw	r22, r24
    1b14:	cd 01       	movw	r24, r26
    1b16:	0e 94 7c 17 	call	0x2ef8	; 0x2ef8 <__floatsisf>

00001b1a <.LVL51>:
    1b1a:	06 2f       	mov	r16, r22
    1b1c:	17 2f       	mov	r17, r23
    1b1e:	89 87       	std	Y+9, r24	; 0x09
    1b20:	9d 83       	std	Y+5, r25	; 0x05

00001b22 <.Loc.107>:
    1b22:	20 e0       	ldi	r18, 0x00	; 0
    1b24:	30 e0       	ldi	r19, 0x00	; 0
    1b26:	44 e9       	ldi	r20, 0x94	; 148
    1b28:	51 e4       	ldi	r21, 0x41	; 65
    1b2a:	69 83       	std	Y+1, r22	; 0x01
    1b2c:	7a 83       	std	Y+2, r23	; 0x02
    1b2e:	8b 83       	std	Y+3, r24	; 0x03
    1b30:	9c 83       	std	Y+4, r25	; 0x04
    1b32:	69 81       	ldd	r22, Y+1	; 0x01
    1b34:	7a 81       	ldd	r23, Y+2	; 0x02
    1b36:	8b 81       	ldd	r24, Y+3	; 0x03
    1b38:	9c 81       	ldd	r25, Y+4	; 0x04
    1b3a:	0e 94 61 16 	call	0x2cc2	; 0x2cc2 <__addsf3>

00001b3e <.LVL53>:
    1b3e:	a6 2e       	mov	r10, r22
    1b40:	b7 2e       	mov	r11, r23
    1b42:	e8 2e       	mov	r14, r24
    1b44:	f9 2e       	mov	r15, r25

00001b46 <.Loc.108>:
    1b46:	20 e0       	ldi	r18, 0x00	; 0
    1b48:	30 e0       	ldi	r19, 0x00	; 0
    1b4a:	44 e9       	ldi	r20, 0x94	; 148
    1b4c:	51 e4       	ldi	r21, 0x41	; 65
    1b4e:	69 81       	ldd	r22, Y+1	; 0x01
    1b50:	7a 81       	ldd	r23, Y+2	; 0x02
    1b52:	8b 81       	ldd	r24, Y+3	; 0x03
    1b54:	9c 81       	ldd	r25, Y+4	; 0x04
    1b56:	0e 94 60 16 	call	0x2cc0	; 0x2cc0 <__subsf3>

00001b5a <.LVL54>:
    1b5a:	2a 2d       	mov	r18, r10
    1b5c:	3b 2d       	mov	r19, r11
    1b5e:	4e 2d       	mov	r20, r14
    1b60:	5f 2d       	mov	r21, r15
    1b62:	69 83       	std	Y+1, r22	; 0x01
    1b64:	7a 83       	std	Y+2, r23	; 0x02
    1b66:	8b 83       	std	Y+3, r24	; 0x03
    1b68:	9c 83       	std	Y+4, r25	; 0x04
    1b6a:	69 81       	ldd	r22, Y+1	; 0x01
    1b6c:	7a 81       	ldd	r23, Y+2	; 0x02
    1b6e:	8b 81       	ldd	r24, Y+3	; 0x03
    1b70:	9c 81       	ldd	r25, Y+4	; 0x04
    1b72:	0e 94 d2 16 	call	0x2da4	; 0x2da4 <__divsf3>

00001b76 <.LVL55>:
    1b76:	20 91 8c 02 	lds	r18, 0x028C	; 0x80028c <navigatie_speedCurrent>
    1b7a:	30 91 8d 02 	lds	r19, 0x028D	; 0x80028d <navigatie_speedCurrent+0x1>
    1b7e:	40 91 8e 02 	lds	r20, 0x028E	; 0x80028e <navigatie_speedCurrent+0x2>
    1b82:	50 91 8f 02 	lds	r21, 0x028F	; 0x80028f <navigatie_speedCurrent+0x3>
    1b86:	69 83       	std	Y+1, r22	; 0x01
    1b88:	7a 83       	std	Y+2, r23	; 0x02
    1b8a:	8b 83       	std	Y+3, r24	; 0x03
    1b8c:	9c 83       	std	Y+4, r25	; 0x04
    1b8e:	69 81       	ldd	r22, Y+1	; 0x01
    1b90:	7a 81       	ldd	r23, Y+2	; 0x02
    1b92:	8b 81       	ldd	r24, Y+3	; 0x03
    1b94:	9c 81       	ldd	r25, Y+4	; 0x04
    1b96:	0e 94 31 18 	call	0x3062	; 0x3062 <__mulsf3>

00001b9a <.LVL56>:
    1b9a:	20 e0       	ldi	r18, 0x00	; 0
    1b9c:	30 e8       	ldi	r19, 0x80	; 128
    1b9e:	44 ed       	ldi	r20, 0xD4	; 212
    1ba0:	53 e4       	ldi	r21, 0x43	; 67
    1ba2:	69 83       	std	Y+1, r22	; 0x01
    1ba4:	7a 83       	std	Y+2, r23	; 0x02
    1ba6:	8b 83       	std	Y+3, r24	; 0x03
    1ba8:	9c 83       	std	Y+4, r25	; 0x04
    1baa:	69 81       	ldd	r22, Y+1	; 0x01
    1bac:	7a 81       	ldd	r23, Y+2	; 0x02
    1bae:	8b 81       	ldd	r24, Y+3	; 0x03
    1bb0:	9c 81       	ldd	r25, Y+4	; 0x04
    1bb2:	0e 94 31 18 	call	0x3062	; 0x3062 <__mulsf3>

00001bb6 <.LVL57>:
    1bb6:	66 2e       	mov	r6, r22
    1bb8:	77 2e       	mov	r7, r23
    1bba:	88 2e       	mov	r8, r24
    1bbc:	99 2e       	mov	r9, r25

00001bbe <.Loc.112>:
    1bbe:	20 e0       	ldi	r18, 0x00	; 0
    1bc0:	30 e0       	ldi	r19, 0x00	; 0
    1bc2:	a9 01       	movw	r20, r18
    1bc4:	60 91 78 02 	lds	r22, 0x0278	; 0x800278 <navigatie_reverse>
    1bc8:	70 91 79 02 	lds	r23, 0x0279	; 0x800279 <navigatie_reverse+0x1>
    1bcc:	80 91 7a 02 	lds	r24, 0x027A	; 0x80027a <navigatie_reverse+0x2>
    1bd0:	90 91 7b 02 	lds	r25, 0x027B	; 0x80027b <navigatie_reverse+0x3>
    1bd4:	0e 94 cd 16 	call	0x2d9a	; 0x2d9a <__cmpsf2>

00001bd8 <.LVL58>:
    1bd8:	20 e0       	ldi	r18, 0x00	; 0
    1bda:	30 e0       	ldi	r19, 0x00	; 0
    1bdc:	40 e8       	ldi	r20, 0x80	; 128
    1bde:	5f eb       	ldi	r21, 0xBF	; 191
    1be0:	81 11       	cpse	r24, r1
    1be2:	04 c0       	rjmp	.+8      	; 0x1bec <.L25>

00001be4 <.Loc.113>:
    1be4:	20 e0       	ldi	r18, 0x00	; 0
    1be6:	30 e0       	ldi	r19, 0x00	; 0
    1be8:	40 e8       	ldi	r20, 0x80	; 128
    1bea:	5f e3       	ldi	r21, 0x3F	; 63

00001bec <.L25>:
    1bec:	69 82       	std	Y+1, r6	; 0x01
    1bee:	7a 82       	std	Y+2, r7	; 0x02
    1bf0:	8b 82       	std	Y+3, r8	; 0x03
    1bf2:	9c 82       	std	Y+4, r9	; 0x04
    1bf4:	69 81       	ldd	r22, Y+1	; 0x01
    1bf6:	7a 81       	ldd	r23, Y+2	; 0x02
    1bf8:	8b 81       	ldd	r24, Y+3	; 0x03
    1bfa:	9c 81       	ldd	r25, Y+4	; 0x04
    1bfc:	0e 94 31 18 	call	0x3062	; 0x3062 <__mulsf3>

00001c00 <.LVL59>:
    1c00:	69 83       	std	Y+1, r22	; 0x01
    1c02:	7a 83       	std	Y+2, r23	; 0x02
    1c04:	8b 83       	std	Y+3, r24	; 0x03
    1c06:	9c 83       	std	Y+4, r25	; 0x04
    1c08:	69 81       	ldd	r22, Y+1	; 0x01
    1c0a:	7a 81       	ldd	r23, Y+2	; 0x02
    1c0c:	8b 81       	ldd	r24, Y+3	; 0x03
    1c0e:	9c 81       	ldd	r25, Y+4	; 0x04
    1c10:	0e 94 aa 13 	call	0x2754	; 0x2754 <stepperMotor2_setSpeed>

00001c14 <.LVL60>:
        lastRealSpeed = ((2*f_radiusCm)/(2*f_radiusCm+AGV_WIDTH))*navigatie_speedCurrent;
    1c14:	2a 2d       	mov	r18, r10
    1c16:	3b 2d       	mov	r19, r11
    1c18:	4e 2d       	mov	r20, r14
    1c1a:	5f 2d       	mov	r21, r15
    1c1c:	09 83       	std	Y+1, r16	; 0x01
    1c1e:	1a 83       	std	Y+2, r17	; 0x02
    1c20:	b9 85       	ldd	r27, Y+9	; 0x09
    1c22:	bb 83       	std	Y+3, r27	; 0x03
    1c24:	8d 81       	ldd	r24, Y+5	; 0x05
    1c26:	8c 83       	std	Y+4, r24	; 0x04
    1c28:	69 81       	ldd	r22, Y+1	; 0x01
    1c2a:	7a 81       	ldd	r23, Y+2	; 0x02
    1c2c:	8b 81       	ldd	r24, Y+3	; 0x03
    1c2e:	9c 81       	ldd	r25, Y+4	; 0x04
    1c30:	0e 94 d2 16 	call	0x2da4	; 0x2da4 <__divsf3>

00001c34 <.LVL61>:
    1c34:	20 91 8c 02 	lds	r18, 0x028C	; 0x80028c <navigatie_speedCurrent>
    1c38:	30 91 8d 02 	lds	r19, 0x028D	; 0x80028d <navigatie_speedCurrent+0x1>
    1c3c:	40 91 8e 02 	lds	r20, 0x028E	; 0x80028e <navigatie_speedCurrent+0x2>
    1c40:	50 91 8f 02 	lds	r21, 0x028F	; 0x80028f <navigatie_speedCurrent+0x3>
    1c44:	69 83       	std	Y+1, r22	; 0x01
    1c46:	7a 83       	std	Y+2, r23	; 0x02
    1c48:	8b 83       	std	Y+3, r24	; 0x03
    1c4a:	9c 83       	std	Y+4, r25	; 0x04
    1c4c:	69 81       	ldd	r22, Y+1	; 0x01
    1c4e:	7a 81       	ldd	r23, Y+2	; 0x02
    1c50:	8b 81       	ldd	r24, Y+3	; 0x03
    1c52:	9c 81       	ldd	r25, Y+4	; 0x04
    1c54:	0e 94 31 18 	call	0x3062	; 0x3062 <__mulsf3>

00001c58 <.LVL62>:
    1c58:	36 2f       	mov	r19, r22
    1c5a:	27 2f       	mov	r18, r23

00001c5c <.Loc.119>:
        break;
    1c5c:	ef ce       	rjmp	.-546    	; 0x1a3c <.L22>

00001c5e <.L16>:
        stepperMotor1_setSpeed(MOTORCONSTANT*navigatie_speedCurrent*((navigatie_reverse)?-1:1));
    1c5e:	20 e0       	ldi	r18, 0x00	; 0
    1c60:	30 e8       	ldi	r19, 0x80	; 128
    1c62:	44 ed       	ldi	r20, 0xD4	; 212
    1c64:	53 e4       	ldi	r21, 0x43	; 67
    1c66:	60 91 8c 02 	lds	r22, 0x028C	; 0x80028c <navigatie_speedCurrent>
    1c6a:	70 91 8d 02 	lds	r23, 0x028D	; 0x80028d <navigatie_speedCurrent+0x1>
    1c6e:	80 91 8e 02 	lds	r24, 0x028E	; 0x80028e <navigatie_speedCurrent+0x2>
    1c72:	90 91 8f 02 	lds	r25, 0x028F	; 0x80028f <navigatie_speedCurrent+0x3>
    1c76:	0e 94 31 18 	call	0x3062	; 0x3062 <__mulsf3>

00001c7a <.LVL64>:
    1c7a:	06 2f       	mov	r16, r22
    1c7c:	17 2f       	mov	r17, r23
    1c7e:	89 87       	std	Y+9, r24	; 0x09
    1c80:	9d 83       	std	Y+5, r25	; 0x05

00001c82 <.Loc.122>:
    1c82:	20 e0       	ldi	r18, 0x00	; 0
    1c84:	30 e0       	ldi	r19, 0x00	; 0
    1c86:	a9 01       	movw	r20, r18
    1c88:	60 91 78 02 	lds	r22, 0x0278	; 0x800278 <navigatie_reverse>
    1c8c:	70 91 79 02 	lds	r23, 0x0279	; 0x800279 <navigatie_reverse+0x1>
    1c90:	80 91 7a 02 	lds	r24, 0x027A	; 0x80027a <navigatie_reverse+0x2>
    1c94:	90 91 7b 02 	lds	r25, 0x027B	; 0x80027b <navigatie_reverse+0x3>
    1c98:	0e 94 cd 16 	call	0x2d9a	; 0x2d9a <__cmpsf2>

00001c9c <.LVL66>:
    1c9c:	20 e0       	ldi	r18, 0x00	; 0
    1c9e:	30 e0       	ldi	r19, 0x00	; 0
    1ca0:	40 e8       	ldi	r20, 0x80	; 128
    1ca2:	5f eb       	ldi	r21, 0xBF	; 191
    1ca4:	81 11       	cpse	r24, r1
    1ca6:	04 c0       	rjmp	.+8      	; 0x1cb0 <.L27>
    1ca8:	20 e0       	ldi	r18, 0x00	; 0
    1caa:	30 e0       	ldi	r19, 0x00	; 0
    1cac:	40 e8       	ldi	r20, 0x80	; 128
    1cae:	5f e3       	ldi	r21, 0x3F	; 63

00001cb0 <.L27>:
    1cb0:	09 83       	std	Y+1, r16	; 0x01
    1cb2:	1a 83       	std	Y+2, r17	; 0x02
    1cb4:	99 85       	ldd	r25, Y+9	; 0x09
    1cb6:	9b 83       	std	Y+3, r25	; 0x03
    1cb8:	ad 81       	ldd	r26, Y+5	; 0x05
    1cba:	ac 83       	std	Y+4, r26	; 0x04
    1cbc:	69 81       	ldd	r22, Y+1	; 0x01
    1cbe:	7a 81       	ldd	r23, Y+2	; 0x02
    1cc0:	8b 81       	ldd	r24, Y+3	; 0x03
    1cc2:	9c 81       	ldd	r25, Y+4	; 0x04
    1cc4:	0e 94 31 18 	call	0x3062	; 0x3062 <__mulsf3>

00001cc8 <.LVL67>:
    1cc8:	69 83       	std	Y+1, r22	; 0x01
    1cca:	7a 83       	std	Y+2, r23	; 0x02
    1ccc:	8b 83       	std	Y+3, r24	; 0x03
    1cce:	9c 83       	std	Y+4, r25	; 0x04
    1cd0:	69 81       	ldd	r22, Y+1	; 0x01
    1cd2:	7a 81       	ldd	r23, Y+2	; 0x02
    1cd4:	8b 81       	ldd	r24, Y+3	; 0x03
    1cd6:	9c 81       	ldd	r25, Y+4	; 0x04
    1cd8:	0e 94 e3 12 	call	0x25c6	; 0x25c6 <stepperMotor1_setSpeed>

00001cdc <.LVL68>:
        stepperMotor2_setSpeed(MOTORCONSTANT*navigatie_speedCurrent*((navigatie_reverse)?-1:1));
    1cdc:	20 e0       	ldi	r18, 0x00	; 0
    1cde:	30 e8       	ldi	r19, 0x80	; 128
    1ce0:	44 ed       	ldi	r20, 0xD4	; 212
    1ce2:	53 e4       	ldi	r21, 0x43	; 67
    1ce4:	60 91 8c 02 	lds	r22, 0x028C	; 0x80028c <navigatie_speedCurrent>
    1ce8:	70 91 8d 02 	lds	r23, 0x028D	; 0x80028d <navigatie_speedCurrent+0x1>
    1cec:	80 91 8e 02 	lds	r24, 0x028E	; 0x80028e <navigatie_speedCurrent+0x2>
    1cf0:	90 91 8f 02 	lds	r25, 0x028F	; 0x80028f <navigatie_speedCurrent+0x3>
    1cf4:	0e 94 31 18 	call	0x3062	; 0x3062 <__mulsf3>

00001cf8 <.LVL69>:
    1cf8:	06 2f       	mov	r16, r22
    1cfa:	17 2f       	mov	r17, r23
    1cfc:	89 87       	std	Y+9, r24	; 0x09
    1cfe:	9d 83       	std	Y+5, r25	; 0x05

00001d00 <.Loc.126>:
    1d00:	20 e0       	ldi	r18, 0x00	; 0
    1d02:	30 e0       	ldi	r19, 0x00	; 0
    1d04:	a9 01       	movw	r20, r18
    1d06:	60 91 78 02 	lds	r22, 0x0278	; 0x800278 <navigatie_reverse>
    1d0a:	70 91 79 02 	lds	r23, 0x0279	; 0x800279 <navigatie_reverse+0x1>
    1d0e:	80 91 7a 02 	lds	r24, 0x027A	; 0x80027a <navigatie_reverse+0x2>
    1d12:	90 91 7b 02 	lds	r25, 0x027B	; 0x80027b <navigatie_reverse+0x3>
    1d16:	0e 94 cd 16 	call	0x2d9a	; 0x2d9a <__cmpsf2>

00001d1a <.LVL70>:
    1d1a:	20 e0       	ldi	r18, 0x00	; 0
    1d1c:	30 e0       	ldi	r19, 0x00	; 0
    1d1e:	40 e8       	ldi	r20, 0x80	; 128
    1d20:	5f eb       	ldi	r21, 0xBF	; 191
    1d22:	81 11       	cpse	r24, r1
    1d24:	04 c0       	rjmp	.+8      	; 0x1d2e <.L29>

00001d26 <.Loc.127>:
    1d26:	20 e0       	ldi	r18, 0x00	; 0
    1d28:	30 e0       	ldi	r19, 0x00	; 0
    1d2a:	40 e8       	ldi	r20, 0x80	; 128
    1d2c:	5f e3       	ldi	r21, 0x3F	; 63

00001d2e <.L29>:
    1d2e:	09 83       	std	Y+1, r16	; 0x01
    1d30:	1a 83       	std	Y+2, r17	; 0x02
    1d32:	b9 85       	ldd	r27, Y+9	; 0x09
    1d34:	bb 83       	std	Y+3, r27	; 0x03
    1d36:	8d 81       	ldd	r24, Y+5	; 0x05
    1d38:	8c 83       	std	Y+4, r24	; 0x04
    1d3a:	69 81       	ldd	r22, Y+1	; 0x01
    1d3c:	7a 81       	ldd	r23, Y+2	; 0x02
    1d3e:	8b 81       	ldd	r24, Y+3	; 0x03
    1d40:	9c 81       	ldd	r25, Y+4	; 0x04
    1d42:	0e 94 31 18 	call	0x3062	; 0x3062 <__mulsf3>

00001d46 <.LVL71>:
    1d46:	69 83       	std	Y+1, r22	; 0x01
    1d48:	7a 83       	std	Y+2, r23	; 0x02
    1d4a:	8b 83       	std	Y+3, r24	; 0x03
    1d4c:	9c 83       	std	Y+4, r25	; 0x04
    1d4e:	69 81       	ldd	r22, Y+1	; 0x01
    1d50:	7a 81       	ldd	r23, Y+2	; 0x02
    1d52:	8b 81       	ldd	r24, Y+3	; 0x03
    1d54:	9c 81       	ldd	r25, Y+4	; 0x04
    1d56:	0e 94 aa 13 	call	0x2754	; 0x2754 <stepperMotor2_setSpeed>

00001d5a <.LVL72>:
        lastRealSpeed = navigatie_speedCurrent;
    1d5a:	30 91 8c 02 	lds	r19, 0x028C	; 0x80028c <navigatie_speedCurrent>
    1d5e:	20 91 8d 02 	lds	r18, 0x028D	; 0x80028d <navigatie_speedCurrent+0x1>
    1d62:	80 91 8e 02 	lds	r24, 0x028E	; 0x80028e <navigatie_speedCurrent+0x2>
    1d66:	90 91 8f 02 	lds	r25, 0x028F	; 0x80028f <navigatie_speedCurrent+0x3>

00001d6a <.Loc.131>:
        break;
    1d6a:	68 ce       	rjmp	.-816    	; 0x1a3c <.L22>

00001d6c <navigatie_navigeerPad>:
void navigatie_navigeerPad(){
    1d6c:	cf 92       	push	r12
    1d6e:	df 92       	push	r13
    1d70:	ef 92       	push	r14
    1d72:	ff 92       	push	r15
    1d74:	0f 93       	push	r16
    1d76:	1f 93       	push	r17
    1d78:	cf 93       	push	r28
    1d7a:	df 93       	push	r29
    1d7c:	00 d0       	rcall	.+0      	; 0x1d7e <L0^A>

00001d7e <L0^A>:
    1d7e:	00 d0       	rcall	.+0      	; 0x1d80 <L0^A>

00001d80 <L0^A>:
    1d80:	cd b7       	in	r28, 0x3d	; 61
    1d82:	de b7       	in	r29, 0x3e	; 62

00001d84 <.Loc.133>:
    float afstand_links = ultrasoon_getDistance_L();
    1d84:	0e 94 5d 15 	call	0x2aba	; 0x2aba <ultrasoon_getDistance_L>

00001d88 <.LVL73>:
    1d88:	06 2f       	mov	r16, r22
    1d8a:	17 2f       	mov	r17, r23
    1d8c:	8e 83       	std	Y+6, r24	; 0x06
    1d8e:	9d 83       	std	Y+5, r25	; 0x05

00001d90 <.Loc.135>:
    float afstand_rechts = ultrasoon_getDistance_R();
    1d90:	0e 94 d3 15 	call	0x2ba6	; 0x2ba6 <ultrasoon_getDistance_R>

00001d94 <.LVL75>:
    1d94:	c6 2e       	mov	r12, r22
    1d96:	d7 2e       	mov	r13, r23
    1d98:	e8 2e       	mov	r14, r24
    1d9a:	f9 2e       	mov	r15, r25

00001d9c <.Loc.138>:
    if(afstand_rechts > afstand_links+PAD_TURNDEADZONE){//draai naar rechts
    1d9c:	20 e0       	ldi	r18, 0x00	; 0
    1d9e:	30 e0       	ldi	r19, 0x00	; 0
    1da0:	40 e0       	ldi	r20, 0x00	; 0
    1da2:	5f e3       	ldi	r21, 0x3F	; 63
    1da4:	09 83       	std	Y+1, r16	; 0x01
    1da6:	1a 83       	std	Y+2, r17	; 0x02
    1da8:	8e 81       	ldd	r24, Y+6	; 0x06
    1daa:	8b 83       	std	Y+3, r24	; 0x03
    1dac:	8d 81       	ldd	r24, Y+5	; 0x05
    1dae:	8c 83       	std	Y+4, r24	; 0x04
    1db0:	69 81       	ldd	r22, Y+1	; 0x01
    1db2:	7a 81       	ldd	r23, Y+2	; 0x02
    1db4:	8b 81       	ldd	r24, Y+3	; 0x03
    1db6:	9c 81       	ldd	r25, Y+4	; 0x04
    1db8:	0e 94 61 16 	call	0x2cc2	; 0x2cc2 <__addsf3>

00001dbc <.LVL77>:
    1dbc:	2c 2d       	mov	r18, r12
    1dbe:	3d 2d       	mov	r19, r13
    1dc0:	4e 2d       	mov	r20, r14
    1dc2:	5f 2d       	mov	r21, r15
    1dc4:	69 83       	std	Y+1, r22	; 0x01
    1dc6:	7a 83       	std	Y+2, r23	; 0x02
    1dc8:	8b 83       	std	Y+3, r24	; 0x03
    1dca:	9c 83       	std	Y+4, r25	; 0x04
    1dcc:	69 81       	ldd	r22, Y+1	; 0x01
    1dce:	7a 81       	ldd	r23, Y+2	; 0x02
    1dd0:	8b 81       	ldd	r24, Y+3	; 0x03
    1dd2:	9c 81       	ldd	r25, Y+4	; 0x04
    1dd4:	0e 94 cd 16 	call	0x2d9a	; 0x2d9a <__cmpsf2>

00001dd8 <.LVL78>:
    1dd8:	88 23       	and	r24, r24
    1dda:	0c f4       	brge	.+2      	; 0x1dde <.Loc.141>

00001ddc <L0^A>:
    1ddc:	56 c0       	rjmp	.+172    	; 0x1e8a <.L63>

00001dde <.Loc.141>:
    else if(afstand_links > afstand_rechts+PAD_TURNDEADZONE){//draai naar links
    1dde:	20 e0       	ldi	r18, 0x00	; 0
    1de0:	30 e0       	ldi	r19, 0x00	; 0
    1de2:	40 e0       	ldi	r20, 0x00	; 0
    1de4:	5f e3       	ldi	r21, 0x3F	; 63
    1de6:	c9 82       	std	Y+1, r12	; 0x01
    1de8:	da 82       	std	Y+2, r13	; 0x02
    1dea:	eb 82       	std	Y+3, r14	; 0x03
    1dec:	fc 82       	std	Y+4, r15	; 0x04
    1dee:	69 81       	ldd	r22, Y+1	; 0x01
    1df0:	7a 81       	ldd	r23, Y+2	; 0x02
    1df2:	8b 81       	ldd	r24, Y+3	; 0x03
    1df4:	9c 81       	ldd	r25, Y+4	; 0x04
    1df6:	0e 94 61 16 	call	0x2cc2	; 0x2cc2 <__addsf3>

00001dfa <.LVL79>:
    1dfa:	20 2f       	mov	r18, r16
    1dfc:	31 2f       	mov	r19, r17
    1dfe:	4e 81       	ldd	r20, Y+6	; 0x06
    1e00:	5d 81       	ldd	r21, Y+5	; 0x05
    1e02:	69 83       	std	Y+1, r22	; 0x01
    1e04:	7a 83       	std	Y+2, r23	; 0x02
    1e06:	8b 83       	std	Y+3, r24	; 0x03
    1e08:	9c 83       	std	Y+4, r25	; 0x04
    1e0a:	69 81       	ldd	r22, Y+1	; 0x01
    1e0c:	7a 81       	ldd	r23, Y+2	; 0x02
    1e0e:	8b 81       	ldd	r24, Y+3	; 0x03
    1e10:	9c 81       	ldd	r25, Y+4	; 0x04
    1e12:	0e 94 cd 16 	call	0x2d9a	; 0x2d9a <__cmpsf2>

00001e16 <.LVL80>:
    1e16:	88 23       	and	r24, r24
    1e18:	0c f0       	brlt	.+2      	; 0x1e1c <.Loc.144>

00001e1a <L0^A>:
    1e1a:	5e c0       	rjmp	.+188    	; 0x1ed8 <.L62>

00001e1c <.Loc.144>:
        navigatie_navigeerBocht(e_links,(1.0/(afstand_links-afstand_rechts))*TURNCONSTANT);
    1e1c:	2c 2d       	mov	r18, r12
    1e1e:	3d 2d       	mov	r19, r13
    1e20:	4e 2d       	mov	r20, r14
    1e22:	5f 2d       	mov	r21, r15
    1e24:	09 83       	std	Y+1, r16	; 0x01
    1e26:	1a 83       	std	Y+2, r17	; 0x02
    1e28:	8e 81       	ldd	r24, Y+6	; 0x06
    1e2a:	8b 83       	std	Y+3, r24	; 0x03
    1e2c:	8d 81       	ldd	r24, Y+5	; 0x05
    1e2e:	8c 83       	std	Y+4, r24	; 0x04
    1e30:	69 81       	ldd	r22, Y+1	; 0x01
    1e32:	7a 81       	ldd	r23, Y+2	; 0x02
    1e34:	8b 81       	ldd	r24, Y+3	; 0x03
    1e36:	9c 81       	ldd	r25, Y+4	; 0x04
    1e38:	0e 94 60 16 	call	0x2cc0	; 0x2cc0 <__subsf3>

00001e3c <.LVL81>:
    1e3c:	26 2f       	mov	r18, r22
    1e3e:	37 2f       	mov	r19, r23
    1e40:	48 2f       	mov	r20, r24
    1e42:	59 2f       	mov	r21, r25
    1e44:	60 e0       	ldi	r22, 0x00	; 0
    1e46:	70 e0       	ldi	r23, 0x00	; 0
    1e48:	80 e8       	ldi	r24, 0x80	; 128
    1e4a:	9f e3       	ldi	r25, 0x3F	; 63
    1e4c:	0e 94 d2 16 	call	0x2da4	; 0x2da4 <__divsf3>

00001e50 <.LVL82>:
    1e50:	69 83       	std	Y+1, r22	; 0x01
    1e52:	7a 83       	std	Y+2, r23	; 0x02
    1e54:	8b 83       	std	Y+3, r24	; 0x03
    1e56:	9c 83       	std	Y+4, r25	; 0x04
    1e58:	69 81       	ldd	r22, Y+1	; 0x01
    1e5a:	7a 81       	ldd	r23, Y+2	; 0x02
    1e5c:	8b 81       	ldd	r24, Y+3	; 0x03
    1e5e:	9c 81       	ldd	r25, Y+4	; 0x04
    1e60:	0e 94 44 17 	call	0x2e88	; 0x2e88 <__fixsfsi>

00001e64 <.LVL83>:
    1e64:	81 e0       	ldi	r24, 0x01	; 1
    1e66:	90 e0       	ldi	r25, 0x00	; 0
    1e68:	0e 94 c4 0a 	call	0x1588	; 0x1588 <navigatie_navigeerBocht>

00001e6c <.L53>:
}
    1e6c:	0f 90       	pop	r0
    1e6e:	0f 90       	pop	r0
    1e70:	0f 90       	pop	r0
    1e72:	0f 90       	pop	r0
    1e74:	0f 90       	pop	r0
    1e76:	0f 90       	pop	r0
    1e78:	df 91       	pop	r29
    1e7a:	cf 91       	pop	r28
    1e7c:	1f 91       	pop	r17

00001e7e <.Loc.149>:
    1e7e:	0f 91       	pop	r16

00001e80 <.Loc.150>:
    1e80:	ff 90       	pop	r15

00001e82 <.Loc.151>:
    1e82:	ef 90       	pop	r14

00001e84 <.Loc.152>:
    1e84:	df 90       	pop	r13

00001e86 <.Loc.153>:
    1e86:	cf 90       	pop	r12

00001e88 <.Loc.154>:
    1e88:	08 95       	ret

00001e8a <.L63>:
        navigatie_navigeerBocht(e_rechts,(1.0/(afstand_rechts-afstand_links))*TURNCONSTANT);
    1e8a:	20 2f       	mov	r18, r16
    1e8c:	31 2f       	mov	r19, r17
    1e8e:	4e 81       	ldd	r20, Y+6	; 0x06
    1e90:	5d 81       	ldd	r21, Y+5	; 0x05
    1e92:	c9 82       	std	Y+1, r12	; 0x01
    1e94:	da 82       	std	Y+2, r13	; 0x02
    1e96:	eb 82       	std	Y+3, r14	; 0x03
    1e98:	fc 82       	std	Y+4, r15	; 0x04
    1e9a:	69 81       	ldd	r22, Y+1	; 0x01
    1e9c:	7a 81       	ldd	r23, Y+2	; 0x02
    1e9e:	8b 81       	ldd	r24, Y+3	; 0x03
    1ea0:	9c 81       	ldd	r25, Y+4	; 0x04
    1ea2:	0e 94 60 16 	call	0x2cc0	; 0x2cc0 <__subsf3>

00001ea6 <.LVL88>:
    1ea6:	26 2f       	mov	r18, r22
    1ea8:	37 2f       	mov	r19, r23
    1eaa:	48 2f       	mov	r20, r24
    1eac:	59 2f       	mov	r21, r25
    1eae:	60 e0       	ldi	r22, 0x00	; 0
    1eb0:	70 e0       	ldi	r23, 0x00	; 0
    1eb2:	80 e8       	ldi	r24, 0x80	; 128
    1eb4:	9f e3       	ldi	r25, 0x3F	; 63
    1eb6:	0e 94 d2 16 	call	0x2da4	; 0x2da4 <__divsf3>

00001eba <.LVL89>:
    1eba:	69 83       	std	Y+1, r22	; 0x01
    1ebc:	7a 83       	std	Y+2, r23	; 0x02
    1ebe:	8b 83       	std	Y+3, r24	; 0x03
    1ec0:	9c 83       	std	Y+4, r25	; 0x04
    1ec2:	69 81       	ldd	r22, Y+1	; 0x01
    1ec4:	7a 81       	ldd	r23, Y+2	; 0x02
    1ec6:	8b 81       	ldd	r24, Y+3	; 0x03
    1ec8:	9c 81       	ldd	r25, Y+4	; 0x04
    1eca:	0e 94 44 17 	call	0x2e88	; 0x2e88 <__fixsfsi>

00001ece <.LVL90>:
    1ece:	82 e0       	ldi	r24, 0x02	; 2
    1ed0:	90 e0       	ldi	r25, 0x00	; 0
    1ed2:	0e 94 c4 0a 	call	0x1588	; 0x1588 <navigatie_navigeerBocht>

00001ed6 <.LVL91>:
    1ed6:	ca cf       	rjmp	.-108    	; 0x1e6c <.L53>

00001ed8 <.L62>:
        navigatie_navigeerBocht(e_vooruit,0);
    1ed8:	60 e0       	ldi	r22, 0x00	; 0
    1eda:	70 e0       	ldi	r23, 0x00	; 0
    1edc:	83 e0       	ldi	r24, 0x03	; 3
    1ede:	90 e0       	ldi	r25, 0x00	; 0
    1ee0:	0e 94 c4 0a 	call	0x1588	; 0x1588 <navigatie_navigeerBocht>

00001ee4 <.LVL92>:
}
    1ee4:	c3 cf       	rjmp	.-122    	; 0x1e6c <.L53>

00001ee6 <navigatie_navigeerMuurL>:
void navigatie_navigeerMuurL(float afstand){
    1ee6:	cf 92       	push	r12
    1ee8:	df 92       	push	r13
    1eea:	ef 92       	push	r14
    1eec:	ff 92       	push	r15
    1eee:	0f 93       	push	r16
    1ef0:	1f 93       	push	r17
    1ef2:	cf 93       	push	r28
    1ef4:	df 93       	push	r29
    1ef6:	00 d0       	rcall	.+0      	; 0x1ef8 <L0^A>

00001ef8 <L0^A>:
    1ef8:	00 d0       	rcall	.+0      	; 0x1efa <L0^A>

00001efa <L0^A>:
    1efa:	cd b7       	in	r28, 0x3d	; 61
    1efc:	de b7       	in	r29, 0x3e	; 62
    1efe:	c6 2e       	mov	r12, r22
    1f00:	d7 2e       	mov	r13, r23
    1f02:	e8 2e       	mov	r14, r24
    1f04:	f9 2e       	mov	r15, r25

00001f06 <.Loc.163>:
    float afstand_links = ultrasoon_getDistance_L();
    1f06:	0e 94 5d 15 	call	0x2aba	; 0x2aba <ultrasoon_getDistance_L>

00001f0a <.LVL94>:
    1f0a:	06 2f       	mov	r16, r22
    1f0c:	17 2f       	mov	r17, r23
    1f0e:	8e 83       	std	Y+6, r24	; 0x06
    1f10:	9d 83       	std	Y+5, r25	; 0x05

00001f12 <.Loc.166>:
    float afstand_rechts = afstand+(afstand-afstand_links);
    1f12:	26 2f       	mov	r18, r22
    1f14:	37 2f       	mov	r19, r23
    1f16:	48 2f       	mov	r20, r24
    1f18:	59 2f       	mov	r21, r25
    1f1a:	c9 82       	std	Y+1, r12	; 0x01
    1f1c:	da 82       	std	Y+2, r13	; 0x02
    1f1e:	eb 82       	std	Y+3, r14	; 0x03
    1f20:	fc 82       	std	Y+4, r15	; 0x04
    1f22:	69 81       	ldd	r22, Y+1	; 0x01
    1f24:	7a 81       	ldd	r23, Y+2	; 0x02
    1f26:	8b 81       	ldd	r24, Y+3	; 0x03
    1f28:	9c 81       	ldd	r25, Y+4	; 0x04
    1f2a:	0e 94 60 16 	call	0x2cc0	; 0x2cc0 <__subsf3>

00001f2e <.LVL96>:
    1f2e:	2c 2d       	mov	r18, r12
    1f30:	3d 2d       	mov	r19, r13
    1f32:	4e 2d       	mov	r20, r14
    1f34:	5f 2d       	mov	r21, r15
    1f36:	69 83       	std	Y+1, r22	; 0x01
    1f38:	7a 83       	std	Y+2, r23	; 0x02
    1f3a:	8b 83       	std	Y+3, r24	; 0x03
    1f3c:	9c 83       	std	Y+4, r25	; 0x04
    1f3e:	69 81       	ldd	r22, Y+1	; 0x01
    1f40:	7a 81       	ldd	r23, Y+2	; 0x02
    1f42:	8b 81       	ldd	r24, Y+3	; 0x03
    1f44:	9c 81       	ldd	r25, Y+4	; 0x04
    1f46:	0e 94 61 16 	call	0x2cc2	; 0x2cc2 <__addsf3>

00001f4a <.LVL97>:
    1f4a:	c6 2e       	mov	r12, r22
    1f4c:	d7 2e       	mov	r13, r23
    1f4e:	e8 2e       	mov	r14, r24
    1f50:	f9 2e       	mov	r15, r25

00001f52 <.Loc.169>:
    if(afstand_rechts > afstand_links+PAD_TURNDEADZONE){//draai naar rechts
    1f52:	20 e0       	ldi	r18, 0x00	; 0
    1f54:	30 e0       	ldi	r19, 0x00	; 0
    1f56:	40 e0       	ldi	r20, 0x00	; 0
    1f58:	5f e3       	ldi	r21, 0x3F	; 63
    1f5a:	09 83       	std	Y+1, r16	; 0x01
    1f5c:	1a 83       	std	Y+2, r17	; 0x02
    1f5e:	8e 81       	ldd	r24, Y+6	; 0x06
    1f60:	8b 83       	std	Y+3, r24	; 0x03
    1f62:	8d 81       	ldd	r24, Y+5	; 0x05
    1f64:	8c 83       	std	Y+4, r24	; 0x04
    1f66:	69 81       	ldd	r22, Y+1	; 0x01
    1f68:	7a 81       	ldd	r23, Y+2	; 0x02
    1f6a:	8b 81       	ldd	r24, Y+3	; 0x03
    1f6c:	9c 81       	ldd	r25, Y+4	; 0x04
    1f6e:	0e 94 61 16 	call	0x2cc2	; 0x2cc2 <__addsf3>

00001f72 <.LVL99>:
    1f72:	2c 2d       	mov	r18, r12
    1f74:	3d 2d       	mov	r19, r13
    1f76:	4e 2d       	mov	r20, r14
    1f78:	5f 2d       	mov	r21, r15
    1f7a:	69 83       	std	Y+1, r22	; 0x01
    1f7c:	7a 83       	std	Y+2, r23	; 0x02
    1f7e:	8b 83       	std	Y+3, r24	; 0x03
    1f80:	9c 83       	std	Y+4, r25	; 0x04
    1f82:	69 81       	ldd	r22, Y+1	; 0x01
    1f84:	7a 81       	ldd	r23, Y+2	; 0x02
    1f86:	8b 81       	ldd	r24, Y+3	; 0x03
    1f88:	9c 81       	ldd	r25, Y+4	; 0x04
    1f8a:	0e 94 cd 16 	call	0x2d9a	; 0x2d9a <__cmpsf2>

00001f8e <.LVL100>:
    1f8e:	88 23       	and	r24, r24
    1f90:	0c f4       	brge	.+2      	; 0x1f94 <.Loc.172>

00001f92 <L0^A>:
    1f92:	56 c0       	rjmp	.+172    	; 0x2040 <.L74>

00001f94 <.Loc.172>:
    else if(afstand_links > afstand_rechts+PAD_TURNDEADZONE){//draai naar links
    1f94:	20 e0       	ldi	r18, 0x00	; 0
    1f96:	30 e0       	ldi	r19, 0x00	; 0
    1f98:	40 e0       	ldi	r20, 0x00	; 0
    1f9a:	5f e3       	ldi	r21, 0x3F	; 63
    1f9c:	c9 82       	std	Y+1, r12	; 0x01
    1f9e:	da 82       	std	Y+2, r13	; 0x02
    1fa0:	eb 82       	std	Y+3, r14	; 0x03
    1fa2:	fc 82       	std	Y+4, r15	; 0x04
    1fa4:	69 81       	ldd	r22, Y+1	; 0x01
    1fa6:	7a 81       	ldd	r23, Y+2	; 0x02
    1fa8:	8b 81       	ldd	r24, Y+3	; 0x03
    1faa:	9c 81       	ldd	r25, Y+4	; 0x04
    1fac:	0e 94 61 16 	call	0x2cc2	; 0x2cc2 <__addsf3>

00001fb0 <.LVL101>:
    1fb0:	20 2f       	mov	r18, r16
    1fb2:	31 2f       	mov	r19, r17
    1fb4:	4e 81       	ldd	r20, Y+6	; 0x06
    1fb6:	5d 81       	ldd	r21, Y+5	; 0x05
    1fb8:	69 83       	std	Y+1, r22	; 0x01
    1fba:	7a 83       	std	Y+2, r23	; 0x02
    1fbc:	8b 83       	std	Y+3, r24	; 0x03
    1fbe:	9c 83       	std	Y+4, r25	; 0x04
    1fc0:	69 81       	ldd	r22, Y+1	; 0x01
    1fc2:	7a 81       	ldd	r23, Y+2	; 0x02
    1fc4:	8b 81       	ldd	r24, Y+3	; 0x03
    1fc6:	9c 81       	ldd	r25, Y+4	; 0x04
    1fc8:	0e 94 cd 16 	call	0x2d9a	; 0x2d9a <__cmpsf2>

00001fcc <.LVL102>:
    1fcc:	88 23       	and	r24, r24
    1fce:	0c f0       	brlt	.+2      	; 0x1fd2 <.Loc.175>

00001fd0 <L0^A>:
    1fd0:	5e c0       	rjmp	.+188    	; 0x208e <.L73>

00001fd2 <.Loc.175>:
        navigatie_navigeerBocht(e_links,(1.0/(afstand_links-afstand_rechts))*TURNCONSTANT);
    1fd2:	2c 2d       	mov	r18, r12
    1fd4:	3d 2d       	mov	r19, r13
    1fd6:	4e 2d       	mov	r20, r14
    1fd8:	5f 2d       	mov	r21, r15
    1fda:	09 83       	std	Y+1, r16	; 0x01
    1fdc:	1a 83       	std	Y+2, r17	; 0x02
    1fde:	8e 81       	ldd	r24, Y+6	; 0x06
    1fe0:	8b 83       	std	Y+3, r24	; 0x03
    1fe2:	8d 81       	ldd	r24, Y+5	; 0x05
    1fe4:	8c 83       	std	Y+4, r24	; 0x04
    1fe6:	69 81       	ldd	r22, Y+1	; 0x01
    1fe8:	7a 81       	ldd	r23, Y+2	; 0x02
    1fea:	8b 81       	ldd	r24, Y+3	; 0x03
    1fec:	9c 81       	ldd	r25, Y+4	; 0x04
    1fee:	0e 94 60 16 	call	0x2cc0	; 0x2cc0 <__subsf3>

00001ff2 <.LVL103>:
    1ff2:	26 2f       	mov	r18, r22
    1ff4:	37 2f       	mov	r19, r23
    1ff6:	48 2f       	mov	r20, r24
    1ff8:	59 2f       	mov	r21, r25
    1ffa:	60 e0       	ldi	r22, 0x00	; 0
    1ffc:	70 e0       	ldi	r23, 0x00	; 0
    1ffe:	80 e8       	ldi	r24, 0x80	; 128
    2000:	9f e3       	ldi	r25, 0x3F	; 63
    2002:	0e 94 d2 16 	call	0x2da4	; 0x2da4 <__divsf3>

00002006 <.LVL104>:
    2006:	69 83       	std	Y+1, r22	; 0x01
    2008:	7a 83       	std	Y+2, r23	; 0x02
    200a:	8b 83       	std	Y+3, r24	; 0x03
    200c:	9c 83       	std	Y+4, r25	; 0x04
    200e:	69 81       	ldd	r22, Y+1	; 0x01
    2010:	7a 81       	ldd	r23, Y+2	; 0x02
    2012:	8b 81       	ldd	r24, Y+3	; 0x03
    2014:	9c 81       	ldd	r25, Y+4	; 0x04
    2016:	0e 94 44 17 	call	0x2e88	; 0x2e88 <__fixsfsi>

0000201a <.LVL105>:
    201a:	81 e0       	ldi	r24, 0x01	; 1
    201c:	90 e0       	ldi	r25, 0x00	; 0
    201e:	0e 94 c4 0a 	call	0x1588	; 0x1588 <navigatie_navigeerBocht>

00002022 <.L64>:
}
    2022:	0f 90       	pop	r0
    2024:	0f 90       	pop	r0
    2026:	0f 90       	pop	r0
    2028:	0f 90       	pop	r0
    202a:	0f 90       	pop	r0
    202c:	0f 90       	pop	r0
    202e:	df 91       	pop	r29
    2030:	cf 91       	pop	r28
    2032:	1f 91       	pop	r17

00002034 <.Loc.180>:
    2034:	0f 91       	pop	r16

00002036 <.Loc.181>:
    2036:	ff 90       	pop	r15

00002038 <.Loc.182>:
    2038:	ef 90       	pop	r14

0000203a <.Loc.183>:
    203a:	df 90       	pop	r13

0000203c <.Loc.184>:
    203c:	cf 90       	pop	r12

0000203e <.Loc.185>:
    203e:	08 95       	ret

00002040 <.L74>:
        navigatie_navigeerBocht(e_rechts,(1.0/(afstand_rechts-afstand_links))*TURNCONSTANT);
    2040:	20 2f       	mov	r18, r16
    2042:	31 2f       	mov	r19, r17
    2044:	4e 81       	ldd	r20, Y+6	; 0x06
    2046:	5d 81       	ldd	r21, Y+5	; 0x05
    2048:	c9 82       	std	Y+1, r12	; 0x01
    204a:	da 82       	std	Y+2, r13	; 0x02
    204c:	eb 82       	std	Y+3, r14	; 0x03
    204e:	fc 82       	std	Y+4, r15	; 0x04
    2050:	69 81       	ldd	r22, Y+1	; 0x01
    2052:	7a 81       	ldd	r23, Y+2	; 0x02
    2054:	8b 81       	ldd	r24, Y+3	; 0x03
    2056:	9c 81       	ldd	r25, Y+4	; 0x04
    2058:	0e 94 60 16 	call	0x2cc0	; 0x2cc0 <__subsf3>

0000205c <.LVL110>:
    205c:	26 2f       	mov	r18, r22
    205e:	37 2f       	mov	r19, r23
    2060:	48 2f       	mov	r20, r24
    2062:	59 2f       	mov	r21, r25
    2064:	60 e0       	ldi	r22, 0x00	; 0
    2066:	70 e0       	ldi	r23, 0x00	; 0
    2068:	80 e8       	ldi	r24, 0x80	; 128
    206a:	9f e3       	ldi	r25, 0x3F	; 63
    206c:	0e 94 d2 16 	call	0x2da4	; 0x2da4 <__divsf3>

00002070 <.LVL111>:
    2070:	69 83       	std	Y+1, r22	; 0x01
    2072:	7a 83       	std	Y+2, r23	; 0x02
    2074:	8b 83       	std	Y+3, r24	; 0x03
    2076:	9c 83       	std	Y+4, r25	; 0x04
    2078:	69 81       	ldd	r22, Y+1	; 0x01
    207a:	7a 81       	ldd	r23, Y+2	; 0x02
    207c:	8b 81       	ldd	r24, Y+3	; 0x03
    207e:	9c 81       	ldd	r25, Y+4	; 0x04
    2080:	0e 94 44 17 	call	0x2e88	; 0x2e88 <__fixsfsi>

00002084 <.LVL112>:
    2084:	82 e0       	ldi	r24, 0x02	; 2
    2086:	90 e0       	ldi	r25, 0x00	; 0
    2088:	0e 94 c4 0a 	call	0x1588	; 0x1588 <navigatie_navigeerBocht>

0000208c <.LVL113>:
    208c:	ca cf       	rjmp	.-108    	; 0x2022 <.L64>

0000208e <.L73>:
        navigatie_navigeerBocht(e_vooruit,0);
    208e:	60 e0       	ldi	r22, 0x00	; 0
    2090:	70 e0       	ldi	r23, 0x00	; 0
    2092:	83 e0       	ldi	r24, 0x03	; 3
    2094:	90 e0       	ldi	r25, 0x00	; 0
    2096:	0e 94 c4 0a 	call	0x1588	; 0x1588 <navigatie_navigeerBocht>

0000209a <.LVL114>:
}
    209a:	c3 cf       	rjmp	.-122    	; 0x2022 <.L64>

0000209c <navigatie_navigeerMuurR>:
void navigatie_navigeerMuurR(float afstand){
    209c:	cf 92       	push	r12
    209e:	df 92       	push	r13
    20a0:	ef 92       	push	r14
    20a2:	ff 92       	push	r15
    20a4:	0f 93       	push	r16
    20a6:	1f 93       	push	r17
    20a8:	cf 93       	push	r28
    20aa:	df 93       	push	r29
    20ac:	00 d0       	rcall	.+0      	; 0x20ae <L0^A>

000020ae <L0^A>:
    20ae:	00 d0       	rcall	.+0      	; 0x20b0 <L0^A>

000020b0 <L0^A>:
    20b0:	cd b7       	in	r28, 0x3d	; 61
    20b2:	de b7       	in	r29, 0x3e	; 62
    20b4:	c6 2e       	mov	r12, r22
    20b6:	d7 2e       	mov	r13, r23
    20b8:	e8 2e       	mov	r14, r24
    20ba:	f9 2e       	mov	r15, r25

000020bc <.Loc.194>:
    float afstand_rechts = ultrasoon_getDistance_R();
    20bc:	0e 94 d3 15 	call	0x2ba6	; 0x2ba6 <ultrasoon_getDistance_R>

000020c0 <.LVL116>:
    20c0:	06 2f       	mov	r16, r22
    20c2:	17 2f       	mov	r17, r23
    20c4:	8e 83       	std	Y+6, r24	; 0x06
    20c6:	9d 83       	std	Y+5, r25	; 0x05

000020c8 <.Loc.197>:
    float afstand_links = afstand+(afstand-afstand_rechts);
    20c8:	26 2f       	mov	r18, r22
    20ca:	37 2f       	mov	r19, r23
    20cc:	48 2f       	mov	r20, r24
    20ce:	59 2f       	mov	r21, r25
    20d0:	c9 82       	std	Y+1, r12	; 0x01
    20d2:	da 82       	std	Y+2, r13	; 0x02
    20d4:	eb 82       	std	Y+3, r14	; 0x03
    20d6:	fc 82       	std	Y+4, r15	; 0x04
    20d8:	69 81       	ldd	r22, Y+1	; 0x01
    20da:	7a 81       	ldd	r23, Y+2	; 0x02
    20dc:	8b 81       	ldd	r24, Y+3	; 0x03
    20de:	9c 81       	ldd	r25, Y+4	; 0x04
    20e0:	0e 94 60 16 	call	0x2cc0	; 0x2cc0 <__subsf3>

000020e4 <.LVL118>:
    20e4:	2c 2d       	mov	r18, r12
    20e6:	3d 2d       	mov	r19, r13
    20e8:	4e 2d       	mov	r20, r14
    20ea:	5f 2d       	mov	r21, r15
    20ec:	69 83       	std	Y+1, r22	; 0x01
    20ee:	7a 83       	std	Y+2, r23	; 0x02
    20f0:	8b 83       	std	Y+3, r24	; 0x03
    20f2:	9c 83       	std	Y+4, r25	; 0x04
    20f4:	69 81       	ldd	r22, Y+1	; 0x01
    20f6:	7a 81       	ldd	r23, Y+2	; 0x02
    20f8:	8b 81       	ldd	r24, Y+3	; 0x03
    20fa:	9c 81       	ldd	r25, Y+4	; 0x04
    20fc:	0e 94 61 16 	call	0x2cc2	; 0x2cc2 <__addsf3>

00002100 <.LVL119>:
    2100:	c6 2e       	mov	r12, r22
    2102:	d7 2e       	mov	r13, r23
    2104:	e8 2e       	mov	r14, r24
    2106:	f9 2e       	mov	r15, r25

00002108 <.Loc.200>:
    if(afstand_rechts > afstand_links+PAD_TURNDEADZONE){//draai naar rechts
    2108:	20 e0       	ldi	r18, 0x00	; 0
    210a:	30 e0       	ldi	r19, 0x00	; 0
    210c:	40 e0       	ldi	r20, 0x00	; 0
    210e:	5f e3       	ldi	r21, 0x3F	; 63
    2110:	69 83       	std	Y+1, r22	; 0x01
    2112:	7a 83       	std	Y+2, r23	; 0x02
    2114:	8b 83       	std	Y+3, r24	; 0x03
    2116:	9c 83       	std	Y+4, r25	; 0x04
    2118:	69 81       	ldd	r22, Y+1	; 0x01
    211a:	7a 81       	ldd	r23, Y+2	; 0x02
    211c:	8b 81       	ldd	r24, Y+3	; 0x03
    211e:	9c 81       	ldd	r25, Y+4	; 0x04
    2120:	0e 94 61 16 	call	0x2cc2	; 0x2cc2 <__addsf3>

00002124 <.LVL121>:
    2124:	20 2f       	mov	r18, r16
    2126:	31 2f       	mov	r19, r17
    2128:	4e 81       	ldd	r20, Y+6	; 0x06
    212a:	5d 81       	ldd	r21, Y+5	; 0x05
    212c:	69 83       	std	Y+1, r22	; 0x01
    212e:	7a 83       	std	Y+2, r23	; 0x02
    2130:	8b 83       	std	Y+3, r24	; 0x03
    2132:	9c 83       	std	Y+4, r25	; 0x04
    2134:	69 81       	ldd	r22, Y+1	; 0x01
    2136:	7a 81       	ldd	r23, Y+2	; 0x02
    2138:	8b 81       	ldd	r24, Y+3	; 0x03
    213a:	9c 81       	ldd	r25, Y+4	; 0x04
    213c:	0e 94 cd 16 	call	0x2d9a	; 0x2d9a <__cmpsf2>

00002140 <.LVL122>:
    2140:	88 23       	and	r24, r24
    2142:	0c f4       	brge	.+2      	; 0x2146 <.Loc.203>

00002144 <L0^A>:
    2144:	56 c0       	rjmp	.+172    	; 0x21f2 <.L85>

00002146 <.Loc.203>:
    else if(afstand_links > afstand_rechts+PAD_TURNDEADZONE){//draai naar links
    2146:	20 e0       	ldi	r18, 0x00	; 0
    2148:	30 e0       	ldi	r19, 0x00	; 0
    214a:	40 e0       	ldi	r20, 0x00	; 0
    214c:	5f e3       	ldi	r21, 0x3F	; 63
    214e:	09 83       	std	Y+1, r16	; 0x01
    2150:	1a 83       	std	Y+2, r17	; 0x02
    2152:	8e 81       	ldd	r24, Y+6	; 0x06
    2154:	8b 83       	std	Y+3, r24	; 0x03
    2156:	8d 81       	ldd	r24, Y+5	; 0x05
    2158:	8c 83       	std	Y+4, r24	; 0x04
    215a:	69 81       	ldd	r22, Y+1	; 0x01
    215c:	7a 81       	ldd	r23, Y+2	; 0x02
    215e:	8b 81       	ldd	r24, Y+3	; 0x03
    2160:	9c 81       	ldd	r25, Y+4	; 0x04
    2162:	0e 94 61 16 	call	0x2cc2	; 0x2cc2 <__addsf3>

00002166 <.LVL123>:
    2166:	2c 2d       	mov	r18, r12
    2168:	3d 2d       	mov	r19, r13
    216a:	4e 2d       	mov	r20, r14
    216c:	5f 2d       	mov	r21, r15
    216e:	69 83       	std	Y+1, r22	; 0x01
    2170:	7a 83       	std	Y+2, r23	; 0x02
    2172:	8b 83       	std	Y+3, r24	; 0x03
    2174:	9c 83       	std	Y+4, r25	; 0x04
    2176:	69 81       	ldd	r22, Y+1	; 0x01
    2178:	7a 81       	ldd	r23, Y+2	; 0x02
    217a:	8b 81       	ldd	r24, Y+3	; 0x03
    217c:	9c 81       	ldd	r25, Y+4	; 0x04
    217e:	0e 94 cd 16 	call	0x2d9a	; 0x2d9a <__cmpsf2>

00002182 <.LVL124>:
    2182:	88 23       	and	r24, r24
    2184:	0c f0       	brlt	.+2      	; 0x2188 <.Loc.206>

00002186 <L0^A>:
    2186:	5e c0       	rjmp	.+188    	; 0x2244 <.L84>

00002188 <.Loc.206>:
        navigatie_navigeerBocht(e_links,(1.0/(afstand_links-afstand_rechts))*TURNCONSTANT);
    2188:	20 2f       	mov	r18, r16
    218a:	31 2f       	mov	r19, r17
    218c:	4e 81       	ldd	r20, Y+6	; 0x06
    218e:	5d 81       	ldd	r21, Y+5	; 0x05
    2190:	c9 82       	std	Y+1, r12	; 0x01
    2192:	da 82       	std	Y+2, r13	; 0x02
    2194:	eb 82       	std	Y+3, r14	; 0x03
    2196:	fc 82       	std	Y+4, r15	; 0x04
    2198:	69 81       	ldd	r22, Y+1	; 0x01
    219a:	7a 81       	ldd	r23, Y+2	; 0x02
    219c:	8b 81       	ldd	r24, Y+3	; 0x03
    219e:	9c 81       	ldd	r25, Y+4	; 0x04
    21a0:	0e 94 60 16 	call	0x2cc0	; 0x2cc0 <__subsf3>

000021a4 <.LVL125>:
    21a4:	26 2f       	mov	r18, r22
    21a6:	37 2f       	mov	r19, r23
    21a8:	48 2f       	mov	r20, r24
    21aa:	59 2f       	mov	r21, r25
    21ac:	60 e0       	ldi	r22, 0x00	; 0
    21ae:	70 e0       	ldi	r23, 0x00	; 0
    21b0:	80 e8       	ldi	r24, 0x80	; 128
    21b2:	9f e3       	ldi	r25, 0x3F	; 63
    21b4:	0e 94 d2 16 	call	0x2da4	; 0x2da4 <__divsf3>

000021b8 <.LVL126>:
    21b8:	69 83       	std	Y+1, r22	; 0x01
    21ba:	7a 83       	std	Y+2, r23	; 0x02
    21bc:	8b 83       	std	Y+3, r24	; 0x03
    21be:	9c 83       	std	Y+4, r25	; 0x04
    21c0:	69 81       	ldd	r22, Y+1	; 0x01
    21c2:	7a 81       	ldd	r23, Y+2	; 0x02
    21c4:	8b 81       	ldd	r24, Y+3	; 0x03
    21c6:	9c 81       	ldd	r25, Y+4	; 0x04
    21c8:	0e 94 44 17 	call	0x2e88	; 0x2e88 <__fixsfsi>

000021cc <.LVL127>:
    21cc:	81 e0       	ldi	r24, 0x01	; 1
    21ce:	90 e0       	ldi	r25, 0x00	; 0
    21d0:	0e 94 c4 0a 	call	0x1588	; 0x1588 <navigatie_navigeerBocht>

000021d4 <.L75>:
}
    21d4:	0f 90       	pop	r0
    21d6:	0f 90       	pop	r0
    21d8:	0f 90       	pop	r0
    21da:	0f 90       	pop	r0
    21dc:	0f 90       	pop	r0
    21de:	0f 90       	pop	r0
    21e0:	df 91       	pop	r29
    21e2:	cf 91       	pop	r28
    21e4:	1f 91       	pop	r17

000021e6 <.Loc.211>:
    21e6:	0f 91       	pop	r16

000021e8 <.Loc.212>:
    21e8:	ff 90       	pop	r15

000021ea <.Loc.213>:
    21ea:	ef 90       	pop	r14

000021ec <.Loc.214>:
    21ec:	df 90       	pop	r13

000021ee <.Loc.215>:
    21ee:	cf 90       	pop	r12

000021f0 <.Loc.216>:
    21f0:	08 95       	ret

000021f2 <.L85>:
        navigatie_navigeerBocht(e_rechts,(1.0/(afstand_rechts-afstand_links))*TURNCONSTANT);
    21f2:	2c 2d       	mov	r18, r12
    21f4:	3d 2d       	mov	r19, r13
    21f6:	4e 2d       	mov	r20, r14
    21f8:	5f 2d       	mov	r21, r15
    21fa:	09 83       	std	Y+1, r16	; 0x01
    21fc:	1a 83       	std	Y+2, r17	; 0x02
    21fe:	8e 81       	ldd	r24, Y+6	; 0x06
    2200:	8b 83       	std	Y+3, r24	; 0x03
    2202:	8d 81       	ldd	r24, Y+5	; 0x05
    2204:	8c 83       	std	Y+4, r24	; 0x04
    2206:	69 81       	ldd	r22, Y+1	; 0x01
    2208:	7a 81       	ldd	r23, Y+2	; 0x02
    220a:	8b 81       	ldd	r24, Y+3	; 0x03
    220c:	9c 81       	ldd	r25, Y+4	; 0x04
    220e:	0e 94 60 16 	call	0x2cc0	; 0x2cc0 <__subsf3>

00002212 <.LVL132>:
    2212:	26 2f       	mov	r18, r22
    2214:	37 2f       	mov	r19, r23
    2216:	48 2f       	mov	r20, r24
    2218:	59 2f       	mov	r21, r25
    221a:	60 e0       	ldi	r22, 0x00	; 0
    221c:	70 e0       	ldi	r23, 0x00	; 0
    221e:	80 e8       	ldi	r24, 0x80	; 128
    2220:	9f e3       	ldi	r25, 0x3F	; 63
    2222:	0e 94 d2 16 	call	0x2da4	; 0x2da4 <__divsf3>

00002226 <.LVL133>:
    2226:	69 83       	std	Y+1, r22	; 0x01
    2228:	7a 83       	std	Y+2, r23	; 0x02
    222a:	8b 83       	std	Y+3, r24	; 0x03
    222c:	9c 83       	std	Y+4, r25	; 0x04
    222e:	69 81       	ldd	r22, Y+1	; 0x01
    2230:	7a 81       	ldd	r23, Y+2	; 0x02
    2232:	8b 81       	ldd	r24, Y+3	; 0x03
    2234:	9c 81       	ldd	r25, Y+4	; 0x04
    2236:	0e 94 44 17 	call	0x2e88	; 0x2e88 <__fixsfsi>

0000223a <.LVL134>:
    223a:	82 e0       	ldi	r24, 0x02	; 2
    223c:	90 e0       	ldi	r25, 0x00	; 0
    223e:	0e 94 c4 0a 	call	0x1588	; 0x1588 <navigatie_navigeerBocht>

00002242 <.LVL135>:
    2242:	c8 cf       	rjmp	.-112    	; 0x21d4 <.L75>

00002244 <.L84>:
        navigatie_navigeerBocht(e_vooruit,0);
    2244:	60 e0       	ldi	r22, 0x00	; 0
    2246:	70 e0       	ldi	r23, 0x00	; 0
    2248:	83 e0       	ldi	r24, 0x03	; 3
    224a:	90 e0       	ldi	r25, 0x00	; 0
    224c:	0e 94 c4 0a 	call	0x1588	; 0x1588 <navigatie_navigeerBocht>

00002250 <.LVL136>:
}
    2250:	c1 cf       	rjmp	.-126    	; 0x21d4 <.L75>

00002252 <navigatie_setSpeed>:
void navigatie_setSpeed(float f_speed){
    2252:	0f 93       	push	r16
    2254:	1f 93       	push	r17
    2256:	cf 93       	push	r28
    2258:	df 93       	push	r29
    225a:	00 d0       	rcall	.+0      	; 0x225c <L0^A>

0000225c <L0^A>:
    225c:	00 d0       	rcall	.+0      	; 0x225e <L0^A>

0000225e <L0^A>:
    225e:	cd b7       	in	r28, 0x3d	; 61
    2260:	de b7       	in	r29, 0x3e	; 62
    2262:	06 2f       	mov	r16, r22
    2264:	17 2f       	mov	r17, r23
    2266:	8e 83       	std	Y+6, r24	; 0x06
    2268:	9d 83       	std	Y+5, r25	; 0x05

0000226a <.Loc.225>:
    navigatie_speedGoal = (f_speed<MAX_SPEED)?((f_speed<0)?0:f_speed):MAX_SPEED;
    226a:	2d ec       	ldi	r18, 0xCD	; 205
    226c:	3c ec       	ldi	r19, 0xCC	; 204
    226e:	4c e4       	ldi	r20, 0x4C	; 76
    2270:	5e e3       	ldi	r21, 0x3E	; 62
    2272:	69 83       	std	Y+1, r22	; 0x01
    2274:	7a 83       	std	Y+2, r23	; 0x02
    2276:	8b 83       	std	Y+3, r24	; 0x03
    2278:	9c 83       	std	Y+4, r25	; 0x04
    227a:	69 81       	ldd	r22, Y+1	; 0x01
    227c:	7a 81       	ldd	r23, Y+2	; 0x02
    227e:	8b 81       	ldd	r24, Y+3	; 0x03
    2280:	9c 81       	ldd	r25, Y+4	; 0x04

00002282 <.Loc.227>:
    2282:	0e 94 cd 16 	call	0x2d9a	; 0x2d9a <__cmpsf2>

00002286 <.LVL139>:
    2286:	88 23       	and	r24, r24
    2288:	84 f4       	brge	.+32     	; 0x22aa <.L93>

0000228a <.Loc.228>:
    228a:	20 e0       	ldi	r18, 0x00	; 0
    228c:	30 e0       	ldi	r19, 0x00	; 0
    228e:	a9 01       	movw	r20, r18
    2290:	69 81       	ldd	r22, Y+1	; 0x01
    2292:	7a 81       	ldd	r23, Y+2	; 0x02
    2294:	8b 81       	ldd	r24, Y+3	; 0x03
    2296:	9c 81       	ldd	r25, Y+4	; 0x04
    2298:	0e 94 cd 16 	call	0x2d9a	; 0x2d9a <__cmpsf2>

0000229c <.LVL140>:
    229c:	88 23       	and	r24, r24
    229e:	5c f4       	brge	.+22     	; 0x22b6 <.L87>

000022a0 <.Loc.229>:
    22a0:	00 e0       	ldi	r16, 0x00	; 0
    22a2:	10 e0       	ldi	r17, 0x00	; 0
    22a4:	1e 82       	std	Y+6, r1	; 0x06
    22a6:	1d 82       	std	Y+5, r1	; 0x05
    22a8:	06 c0       	rjmp	.+12     	; 0x22b6 <.L87>

000022aa <.L93>:
    22aa:	0d ec       	ldi	r16, 0xCD	; 205
    22ac:	1c ec       	ldi	r17, 0xCC	; 204
    22ae:	8c e4       	ldi	r24, 0x4C	; 76
    22b0:	8e 83       	std	Y+6, r24	; 0x06
    22b2:	8e e3       	ldi	r24, 0x3E	; 62
    22b4:	8d 83       	std	Y+5, r24	; 0x05

000022b6 <.L87>:
    22b6:	80 2f       	mov	r24, r16
    22b8:	91 2f       	mov	r25, r17
    22ba:	ae 81       	ldd	r26, Y+6	; 0x06
    22bc:	bd 81       	ldd	r27, Y+5	; 0x05
    22be:	80 93 80 02 	sts	0x0280, r24	; 0x800280 <navigatie_speedGoal>
    22c2:	90 93 81 02 	sts	0x0281, r25	; 0x800281 <navigatie_speedGoal+0x1>
    22c6:	a0 93 82 02 	sts	0x0282, r26	; 0x800282 <navigatie_speedGoal+0x2>
    22ca:	b0 93 83 02 	sts	0x0283, r27	; 0x800283 <navigatie_speedGoal+0x3>

000022ce <.Loc.231>:
}
    22ce:	0f 90       	pop	r0
    22d0:	0f 90       	pop	r0
    22d2:	0f 90       	pop	r0
    22d4:	0f 90       	pop	r0
    22d6:	0f 90       	pop	r0
    22d8:	0f 90       	pop	r0
    22da:	df 91       	pop	r29
    22dc:	cf 91       	pop	r28
    22de:	1f 91       	pop	r17
    22e0:	0f 91       	pop	r16
    22e2:	08 95       	ret

000022e4 <navigatie_setAcceleratie>:

void navigatie_setAcceleratie(float f_Acceleratie){
    22e4:	0f 93       	push	r16
    22e6:	1f 93       	push	r17
    22e8:	cf 93       	push	r28
    22ea:	df 93       	push	r29
    22ec:	00 d0       	rcall	.+0      	; 0x22ee <L0^A>

000022ee <L0^A>:
    22ee:	00 d0       	rcall	.+0      	; 0x22f0 <L0^A>

000022f0 <L0^A>:
    22f0:	cd b7       	in	r28, 0x3d	; 61
    22f2:	de b7       	in	r29, 0x3e	; 62
    22f4:	06 2f       	mov	r16, r22
    22f6:	17 2f       	mov	r17, r23
    22f8:	8e 83       	std	Y+6, r24	; 0x06
    22fa:	9d 83       	std	Y+5, r25	; 0x05

000022fc <.Loc.234>:
    navigatie_acceleratie = (f_Acceleratie<MAX_ACCELERATIE)?((f_Acceleratie<0)?0:f_Acceleratie):MAX_ACCELERATIE;
    22fc:	20 e0       	ldi	r18, 0x00	; 0
    22fe:	30 e0       	ldi	r19, 0x00	; 0
    2300:	40 e8       	ldi	r20, 0x80	; 128
    2302:	5f e3       	ldi	r21, 0x3F	; 63
    2304:	69 83       	std	Y+1, r22	; 0x01
    2306:	7a 83       	std	Y+2, r23	; 0x02
    2308:	8b 83       	std	Y+3, r24	; 0x03
    230a:	9c 83       	std	Y+4, r25	; 0x04
    230c:	69 81       	ldd	r22, Y+1	; 0x01
    230e:	7a 81       	ldd	r23, Y+2	; 0x02
    2310:	8b 81       	ldd	r24, Y+3	; 0x03
    2312:	9c 81       	ldd	r25, Y+4	; 0x04

00002314 <.Loc.236>:
    2314:	0e 94 cd 16 	call	0x2d9a	; 0x2d9a <__cmpsf2>

00002318 <.LVL143>:
    2318:	88 23       	and	r24, r24
    231a:	ec f0       	brlt	.+58     	; 0x2356 <.L102>
    231c:	00 e0       	ldi	r16, 0x00	; 0
    231e:	10 e0       	ldi	r17, 0x00	; 0
    2320:	80 e8       	ldi	r24, 0x80	; 128
    2322:	8e 83       	std	Y+6, r24	; 0x06
    2324:	8f e3       	ldi	r24, 0x3F	; 63
    2326:	8d 83       	std	Y+5, r24	; 0x05

00002328 <.L95>:
    2328:	80 2f       	mov	r24, r16
    232a:	91 2f       	mov	r25, r17
    232c:	ae 81       	ldd	r26, Y+6	; 0x06
    232e:	bd 81       	ldd	r27, Y+5	; 0x05
    2330:	80 93 7c 02 	sts	0x027C, r24	; 0x80027c <navigatie_acceleratie>
    2334:	90 93 7d 02 	sts	0x027D, r25	; 0x80027d <navigatie_acceleratie+0x1>
    2338:	a0 93 7e 02 	sts	0x027E, r26	; 0x80027e <navigatie_acceleratie+0x2>
    233c:	b0 93 7f 02 	sts	0x027F, r27	; 0x80027f <navigatie_acceleratie+0x3>

00002340 <.Loc.238>:
}
    2340:	0f 90       	pop	r0
    2342:	0f 90       	pop	r0
    2344:	0f 90       	pop	r0
    2346:	0f 90       	pop	r0
    2348:	0f 90       	pop	r0
    234a:	0f 90       	pop	r0
    234c:	df 91       	pop	r29
    234e:	cf 91       	pop	r28
    2350:	1f 91       	pop	r17
    2352:	0f 91       	pop	r16
    2354:	08 95       	ret

00002356 <.L102>:
    navigatie_acceleratie = (f_Acceleratie<MAX_ACCELERATIE)?((f_Acceleratie<0)?0:f_Acceleratie):MAX_ACCELERATIE;
    2356:	20 e0       	ldi	r18, 0x00	; 0
    2358:	30 e0       	ldi	r19, 0x00	; 0
    235a:	a9 01       	movw	r20, r18
    235c:	69 81       	ldd	r22, Y+1	; 0x01
    235e:	7a 81       	ldd	r23, Y+2	; 0x02
    2360:	8b 81       	ldd	r24, Y+3	; 0x03
    2362:	9c 81       	ldd	r25, Y+4	; 0x04
    2364:	0e 94 cd 16 	call	0x2d9a	; 0x2d9a <__cmpsf2>

00002368 <.LVL144>:
    2368:	88 23       	and	r24, r24
    236a:	f4 f6       	brge	.-68     	; 0x2328 <.L95>

0000236c <.Loc.240>:
    236c:	00 e0       	ldi	r16, 0x00	; 0
    236e:	10 e0       	ldi	r17, 0x00	; 0
    2370:	1e 82       	std	Y+6, r1	; 0x06
    2372:	1d 82       	std	Y+5, r1	; 0x05
    2374:	d9 cf       	rjmp	.-78     	; 0x2328 <.L95>

00002376 <noodstop_Setup>:
enum enum_operatingState{e_eStop, e_reset, e_idle, e_pad, e_bocht, e_end};
typedef enum enum_operatingState t_operatingState;
extern t_operatingState operatingState;

void noodstop_Setup(){
    noodstop_DDR &= ~noodstop_BIT;
    2376:	22 98       	cbi	0x04, 2	; 4

00002378 <.Loc.3>:
    noodstop_PORT |= noodstop_BIT;
    2378:	2a 9a       	sbi	0x05, 2	; 5

0000237a <.Loc.5>:
    EICRA |= ISC20|ISC21;
    237a:	e9 e6       	ldi	r30, 0x69	; 105
    237c:	f0 e0       	ldi	r31, 0x00	; 0
    237e:	80 81       	ld	r24, Z

00002380 <.Loc.6>:
    2380:	85 60       	ori	r24, 0x05	; 5
    2382:	80 83       	st	Z, r24

00002384 <.Loc.7>:
    EIMSK |= INT2;
    2384:	e9 9a       	sbi	0x1d, 1	; 29

00002386 <.Loc.9>:
    sei();
    2386:	78 94       	sei

00002388 <.Loc.10>:
}
    2388:	08 95       	ret

0000238a <noodstop_ingedrukt>:

int noodstop_ingedrukt(){
    238a:	cf 92       	push	r12
    238c:	df 92       	push	r13
    238e:	ef 92       	push	r14
    2390:	ff 92       	push	r15
    2392:	cf 93       	push	r28
    2394:	df 93       	push	r29
    2396:	00 d0       	rcall	.+0      	; 0x2398 <L0^A>

00002398 <L0^A>:
    2398:	0f 92       	push	r0
    239a:	cd b7       	in	r28, 0x3d	; 61
    239c:	de b7       	in	r29, 0x3e	; 62

0000239e <.Loc.12>:
    static int knopIngedrukt = 0;
    static float knopTijd = 0;
    if(knopTijd>time){
    239e:	20 91 2c 02 	lds	r18, 0x022C	; 0x80022c <time>
    23a2:	30 91 2d 02 	lds	r19, 0x022D	; 0x80022d <time+0x1>
    23a6:	40 91 2e 02 	lds	r20, 0x022E	; 0x80022e <time+0x2>
    23aa:	50 91 2f 02 	lds	r21, 0x022F	; 0x80022f <time+0x3>

000023ae <.Loc.16>:
    23ae:	60 91 92 02 	lds	r22, 0x0292	; 0x800292 <knopTijd.1>
    23b2:	70 91 93 02 	lds	r23, 0x0293	; 0x800293 <knopTijd.1+0x1>
    23b6:	80 91 94 02 	lds	r24, 0x0294	; 0x800294 <knopTijd.1+0x2>
    23ba:	90 91 95 02 	lds	r25, 0x0295	; 0x800295 <knopTijd.1+0x3>
    23be:	0e 94 2c 18 	call	0x3058	; 0x3058 <__gesf2>

000023c2 <.LVL0>:
    23c2:	18 16       	cp	r1, r24
    23c4:	44 f4       	brge	.+16     	; 0x23d6 <.L3>

000023c6 <.Loc.17>:
        knopTijd = 0;
    23c6:	10 92 92 02 	sts	0x0292, r1	; 0x800292 <knopTijd.1>
    23ca:	10 92 93 02 	sts	0x0293, r1	; 0x800293 <knopTijd.1+0x1>
    23ce:	10 92 94 02 	sts	0x0294, r1	; 0x800294 <knopTijd.1+0x2>
    23d2:	10 92 95 02 	sts	0x0295, r1	; 0x800295 <knopTijd.1+0x3>

000023d6 <.L3>:
    }

    if((!(noodstop_PIN&noodstop_BIT))&&(!knopIngedrukt)&&((knopTijd+DEBOUNCETIME_S)<time)){
    23d6:	1a 99       	sbic	0x03, 2	; 3
    23d8:	43 c0       	rjmp	.+134    	; 0x2460 <.L5>

000023da <.Loc.21>:
    23da:	80 91 90 02 	lds	r24, 0x0290	; 0x800290 <knopIngedrukt.0>
    23de:	90 91 91 02 	lds	r25, 0x0291	; 0x800291 <knopIngedrukt.0+0x1>
    23e2:	89 2b       	or	r24, r25
    23e4:	09 f0       	breq	.+2      	; 0x23e8 <.Loc.22>

000023e6 <L0^A>:
    23e6:	53 c0       	rjmp	.+166    	; 0x248e <.L6>

000023e8 <.Loc.22>:
    23e8:	c0 90 2c 02 	lds	r12, 0x022C	; 0x80022c <time>
    23ec:	d0 90 2d 02 	lds	r13, 0x022D	; 0x80022d <time+0x1>
    23f0:	e0 90 2e 02 	lds	r14, 0x022E	; 0x80022e <time+0x2>
    23f4:	f0 90 2f 02 	lds	r15, 0x022F	; 0x80022f <time+0x3>

000023f8 <.Loc.23>:
    23f8:	2b e0       	ldi	r18, 0x0B	; 11
    23fa:	37 ed       	ldi	r19, 0xD7	; 215
    23fc:	43 ea       	ldi	r20, 0xA3	; 163
    23fe:	5c e3       	ldi	r21, 0x3C	; 60
    2400:	60 91 92 02 	lds	r22, 0x0292	; 0x800292 <knopTijd.1>
    2404:	70 91 93 02 	lds	r23, 0x0293	; 0x800293 <knopTijd.1+0x1>
    2408:	80 91 94 02 	lds	r24, 0x0294	; 0x800294 <knopTijd.1+0x2>
    240c:	90 91 95 02 	lds	r25, 0x0295	; 0x800295 <knopTijd.1+0x3>
    2410:	0e 94 61 16 	call	0x2cc2	; 0x2cc2 <__addsf3>

00002414 <.LVL1>:
    2414:	a7 01       	movw	r20, r14
    2416:	96 01       	movw	r18, r12
    2418:	69 83       	std	Y+1, r22	; 0x01
    241a:	7a 83       	std	Y+2, r23	; 0x02
    241c:	8b 83       	std	Y+3, r24	; 0x03
    241e:	9c 83       	std	Y+4, r25	; 0x04
    2420:	69 81       	ldd	r22, Y+1	; 0x01
    2422:	7a 81       	ldd	r23, Y+2	; 0x02
    2424:	8b 81       	ldd	r24, Y+3	; 0x03
    2426:	9c 81       	ldd	r25, Y+4	; 0x04
    2428:	0e 94 cd 16 	call	0x2d9a	; 0x2d9a <__cmpsf2>

0000242c <.LVL2>:
    242c:	88 23       	and	r24, r24
    242e:	0c f0       	brlt	.+2      	; 0x2432 <.Loc.25>

00002430 <L0^A>:
    2430:	69 c0       	rjmp	.+210    	; 0x2504 <.L15>

00002432 <.Loc.25>:
        knopIngedrukt = 1;
    2432:	81 e0       	ldi	r24, 0x01	; 1
    2434:	90 e0       	ldi	r25, 0x00	; 0
    2436:	90 93 91 02 	sts	0x0291, r25	; 0x800291 <knopIngedrukt.0+0x1>
    243a:	80 93 90 02 	sts	0x0290, r24	; 0x800290 <knopIngedrukt.0>

0000243e <.Loc.27>:
        knopTijd = time;
    243e:	80 91 2c 02 	lds	r24, 0x022C	; 0x80022c <time>
    2442:	90 91 2d 02 	lds	r25, 0x022D	; 0x80022d <time+0x1>
    2446:	a0 91 2e 02 	lds	r26, 0x022E	; 0x80022e <time+0x2>
    244a:	b0 91 2f 02 	lds	r27, 0x022F	; 0x80022f <time+0x3>
    244e:	80 93 92 02 	sts	0x0292, r24	; 0x800292 <knopTijd.1>
    2452:	90 93 93 02 	sts	0x0293, r25	; 0x800293 <knopTijd.1+0x1>
    2456:	a0 93 94 02 	sts	0x0294, r26	; 0x800294 <knopTijd.1+0x2>
    245a:	b0 93 95 02 	sts	0x0295, r27	; 0x800295 <knopTijd.1+0x3>
    245e:	08 c0       	rjmp	.+16     	; 0x2470 <.L9>

00002460 <.L5>:
    }
    else if((noodstop_PIN&noodstop_BIT)&&(knopIngedrukt)&&((knopTijd+DEBOUNCETIME_S)<time)){
    2460:	1a 9b       	sbis	0x03, 2	; 3
    2462:	06 c0       	rjmp	.+12     	; 0x2470 <.L9>

00002464 <.Loc.31>:
    2464:	80 91 90 02 	lds	r24, 0x0290	; 0x800290 <knopIngedrukt.0>
    2468:	90 91 91 02 	lds	r25, 0x0291	; 0x800291 <knopIngedrukt.0+0x1>
    246c:	89 2b       	or	r24, r25
    246e:	89 f4       	brne	.+34     	; 0x2492 <.L11>

00002470 <.L9>:
        knopIngedrukt = 0;
        knopTijd = time;
    }

    return knopIngedrukt;
    2470:	80 91 90 02 	lds	r24, 0x0290	; 0x800290 <knopIngedrukt.0>
    2474:	90 91 91 02 	lds	r25, 0x0291	; 0x800291 <knopIngedrukt.0+0x1>

00002478 <.Loc.34>:
}
    2478:	0f 90       	pop	r0
    247a:	0f 90       	pop	r0
    247c:	0f 90       	pop	r0
    247e:	0f 90       	pop	r0
    2480:	df 91       	pop	r29
    2482:	cf 91       	pop	r28
    2484:	ff 90       	pop	r15
    2486:	ef 90       	pop	r14
    2488:	df 90       	pop	r13
    248a:	cf 90       	pop	r12
    248c:	08 95       	ret

0000248e <.L6>:
    else if((noodstop_PIN&noodstop_BIT)&&(knopIngedrukt)&&((knopTijd+DEBOUNCETIME_S)<time)){
    248e:	1a 9b       	sbis	0x03, 2	; 3
    2490:	ef cf       	rjmp	.-34     	; 0x2470 <.L9>

00002492 <.L11>:
    2492:	c0 90 2c 02 	lds	r12, 0x022C	; 0x80022c <time>
    2496:	d0 90 2d 02 	lds	r13, 0x022D	; 0x80022d <time+0x1>
    249a:	e0 90 2e 02 	lds	r14, 0x022E	; 0x80022e <time+0x2>
    249e:	f0 90 2f 02 	lds	r15, 0x022F	; 0x80022f <time+0x3>

000024a2 <.Loc.38>:
    24a2:	2b e0       	ldi	r18, 0x0B	; 11
    24a4:	37 ed       	ldi	r19, 0xD7	; 215
    24a6:	43 ea       	ldi	r20, 0xA3	; 163
    24a8:	5c e3       	ldi	r21, 0x3C	; 60
    24aa:	60 91 92 02 	lds	r22, 0x0292	; 0x800292 <knopTijd.1>
    24ae:	70 91 93 02 	lds	r23, 0x0293	; 0x800293 <knopTijd.1+0x1>
    24b2:	80 91 94 02 	lds	r24, 0x0294	; 0x800294 <knopTijd.1+0x2>
    24b6:	90 91 95 02 	lds	r25, 0x0295	; 0x800295 <knopTijd.1+0x3>
    24ba:	0e 94 61 16 	call	0x2cc2	; 0x2cc2 <__addsf3>

000024be <.LVL3>:
    24be:	a7 01       	movw	r20, r14
    24c0:	96 01       	movw	r18, r12
    24c2:	69 83       	std	Y+1, r22	; 0x01
    24c4:	7a 83       	std	Y+2, r23	; 0x02
    24c6:	8b 83       	std	Y+3, r24	; 0x03
    24c8:	9c 83       	std	Y+4, r25	; 0x04
    24ca:	69 81       	ldd	r22, Y+1	; 0x01
    24cc:	7a 81       	ldd	r23, Y+2	; 0x02
    24ce:	8b 81       	ldd	r24, Y+3	; 0x03
    24d0:	9c 81       	ldd	r25, Y+4	; 0x04
    24d2:	0e 94 cd 16 	call	0x2d9a	; 0x2d9a <__cmpsf2>

000024d6 <.LVL4>:
    24d6:	88 23       	and	r24, r24
    24d8:	5c f6       	brge	.-106    	; 0x2470 <.L9>

000024da <.Loc.40>:
        knopIngedrukt = 0;
    24da:	10 92 91 02 	sts	0x0291, r1	; 0x800291 <knopIngedrukt.0+0x1>
    24de:	10 92 90 02 	sts	0x0290, r1	; 0x800290 <knopIngedrukt.0>

000024e2 <.Loc.42>:
        knopTijd = time;
    24e2:	80 91 2c 02 	lds	r24, 0x022C	; 0x80022c <time>
    24e6:	90 91 2d 02 	lds	r25, 0x022D	; 0x80022d <time+0x1>
    24ea:	a0 91 2e 02 	lds	r26, 0x022E	; 0x80022e <time+0x2>
    24ee:	b0 91 2f 02 	lds	r27, 0x022F	; 0x80022f <time+0x3>
    24f2:	80 93 92 02 	sts	0x0292, r24	; 0x800292 <knopTijd.1>
    24f6:	90 93 93 02 	sts	0x0293, r25	; 0x800293 <knopTijd.1+0x1>
    24fa:	a0 93 94 02 	sts	0x0294, r26	; 0x800294 <knopTijd.1+0x2>
    24fe:	b0 93 95 02 	sts	0x0295, r27	; 0x800295 <knopTijd.1+0x3>
    2502:	b6 cf       	rjmp	.-148    	; 0x2470 <.L9>

00002504 <.L15>:
    else if((noodstop_PIN&noodstop_BIT)&&(knopIngedrukt)&&((knopTijd+DEBOUNCETIME_S)<time)){
    2504:	83 b1       	in	r24, 0x03	; 3
    2506:	b4 cf       	rjmp	.-152    	; 0x2470 <.L9>

00002508 <__vector_3>:


ISR(INT2_vect){
    2508:	1f 92       	push	r1
    250a:	1f b6       	in	r1, 0x3f	; 63
    250c:	1f 92       	push	r1
    250e:	11 24       	eor	r1, r1

00002510 <.Loc.47>:
    operatingState = e_eStop;
    2510:	10 92 25 02 	sts	0x0225, r1	; 0x800225 <operatingState+0x1>
    2514:	10 92 24 02 	sts	0x0224, r1	; 0x800224 <operatingState>

00002518 <.Loc.49>:

}
    2518:	1f 90       	pop	r1
    251a:	1f be       	out	0x3f, r1	; 63
    251c:	1f 90       	pop	r1
    251e:	18 95       	reti

00002520 <telPakketten>:


void telPakketten(){
    {//links
        static int IRActief = 0;
        if(!IRActief&&IRSensor_links()){
    2520:	80 91 9a 02 	lds	r24, 0x029A	; 0x80029a <IRActief.1>
    2524:	90 91 9b 02 	lds	r25, 0x029B	; 0x80029b <IRActief.1+0x1>
    2528:	89 2b       	or	r24, r25
    252a:	49 f0       	breq	.+18     	; 0x253e <.L8>

0000252c <.L2>:
            IRActief = 1;
            aantalPakketten++;
        }
        else if(IRActief&&!IRSensor_links()){
    252c:	0e 94 91 02 	call	0x522	; 0x522 <IRSensor_links>

00002530 <.LVL0>:
    2530:	89 2b       	or	r24, r25
    2532:	f9 f4       	brne	.+62     	; 0x2572 <.L4>

00002534 <.Loc.6>:
            IRActief = 0;
    2534:	10 92 9b 02 	sts	0x029B, r1	; 0x80029b <IRActief.1+0x1>
    2538:	10 92 9a 02 	sts	0x029A, r1	; 0x80029a <IRActief.1>
    253c:	1a c0       	rjmp	.+52     	; 0x2572 <.L4>

0000253e <.L8>:
        if(!IRActief&&IRSensor_links()){
    253e:	0e 94 91 02 	call	0x522	; 0x522 <IRSensor_links>

00002542 <.LVL1>:
    2542:	89 2b       	or	r24, r25
    2544:	81 f0       	breq	.+32     	; 0x2566 <.L3>

00002546 <.Loc.10>:
            IRActief = 1;
    2546:	81 e0       	ldi	r24, 0x01	; 1
    2548:	90 e0       	ldi	r25, 0x00	; 0
    254a:	90 93 9b 02 	sts	0x029B, r25	; 0x80029b <IRActief.1+0x1>
    254e:	80 93 9a 02 	sts	0x029A, r24	; 0x80029a <IRActief.1>

00002552 <.Loc.12>:
            aantalPakketten++;
    2552:	80 91 96 02 	lds	r24, 0x0296	; 0x800296 <aantalPakketten>
    2556:	90 91 97 02 	lds	r25, 0x0297	; 0x800297 <aantalPakketten+0x1>
    255a:	01 96       	adiw	r24, 0x01	; 1
    255c:	90 93 97 02 	sts	0x0297, r25	; 0x800297 <aantalPakketten+0x1>
    2560:	80 93 96 02 	sts	0x0296, r24	; 0x800296 <aantalPakketten>
    2564:	06 c0       	rjmp	.+12     	; 0x2572 <.L4>

00002566 <.L3>:
        else if(IRActief&&!IRSensor_links()){
    2566:	80 91 9a 02 	lds	r24, 0x029A	; 0x80029a <IRActief.1>
    256a:	90 91 9b 02 	lds	r25, 0x029B	; 0x80029b <IRActief.1+0x1>
    256e:	89 2b       	or	r24, r25
    2570:	e9 f6       	brne	.-70     	; 0x252c <.L2>

00002572 <.L4>:
        }

    }
    {//rechts
        static int IRActief = 0;
        if(!IRActief&&IRSensor_rechts()){
    2572:	80 91 98 02 	lds	r24, 0x0298	; 0x800298 <IRActief.0>
    2576:	90 91 99 02 	lds	r25, 0x0299	; 0x800299 <IRActief.0+0x1>
    257a:	89 2b       	or	r24, r25
    257c:	49 f0       	breq	.+18     	; 0x2590 <.L9>

0000257e <.L5>:
            IRActief = 1;
            aantalPakketten++;
        }
        else if(IRActief&&!IRSensor_rechts()){
    257e:	0e 94 57 03 	call	0x6ae	; 0x6ae <IRSensor_rechts>

00002582 <.LVL2>:
    2582:	89 2b       	or	r24, r25
    2584:	f9 f4       	brne	.+62     	; 0x25c4 <.L1>

00002586 <.Loc.21>:
            IRActief = 0;
    2586:	10 92 99 02 	sts	0x0299, r1	; 0x800299 <IRActief.0+0x1>
    258a:	10 92 98 02 	sts	0x0298, r1	; 0x800298 <IRActief.0>

0000258e <.Loc.23>:
        }

    }


}
    258e:	1a c0       	rjmp	.+52     	; 0x25c4 <.L1>

00002590 <.L9>:
        if(!IRActief&&IRSensor_rechts()){
    2590:	0e 94 57 03 	call	0x6ae	; 0x6ae <IRSensor_rechts>

00002594 <.LVL3>:
    2594:	89 2b       	or	r24, r25
    2596:	81 f0       	breq	.+32     	; 0x25b8 <.L6>

00002598 <.Loc.26>:
            IRActief = 1;
    2598:	81 e0       	ldi	r24, 0x01	; 1
    259a:	90 e0       	ldi	r25, 0x00	; 0
    259c:	90 93 99 02 	sts	0x0299, r25	; 0x800299 <IRActief.0+0x1>
    25a0:	80 93 98 02 	sts	0x0298, r24	; 0x800298 <IRActief.0>

000025a4 <.Loc.28>:
            aantalPakketten++;
    25a4:	80 91 96 02 	lds	r24, 0x0296	; 0x800296 <aantalPakketten>
    25a8:	90 91 97 02 	lds	r25, 0x0297	; 0x800297 <aantalPakketten+0x1>
    25ac:	01 96       	adiw	r24, 0x01	; 1
    25ae:	90 93 97 02 	sts	0x0297, r25	; 0x800297 <aantalPakketten+0x1>
    25b2:	80 93 96 02 	sts	0x0296, r24	; 0x800296 <aantalPakketten>
    25b6:	08 95       	ret

000025b8 <.L6>:
        else if(IRActief&&!IRSensor_rechts()){
    25b8:	80 91 98 02 	lds	r24, 0x0298	; 0x800298 <IRActief.0>
    25bc:	90 91 99 02 	lds	r25, 0x0299	; 0x800299 <IRActief.0+0x1>
    25c0:	89 2b       	or	r24, r25
    25c2:	e9 f6       	brne	.-70     	; 0x257e <.L5>

000025c4 <.L1>:
}
    25c4:	08 95       	ret

000025c6 <stepperMotor1_setSpeed>:
    stepperMotor2_setSpeed(0);
}



void stepperMotor1_setSpeed(float speed){
    25c6:	cf 93       	push	r28
    25c8:	df 93       	push	r29
    25ca:	00 d0       	rcall	.+0      	; 0x25cc <L0^A>

000025cc <L0^A>:
    25cc:	0f 92       	push	r0
    25ce:	cd b7       	in	r28, 0x3d	; 61
    25d0:	de b7       	in	r29, 0x3e	; 62
    25d2:	46 2f       	mov	r20, r22
    25d4:	57 2f       	mov	r21, r23
    25d6:	68 2f       	mov	r22, r24

000025d8 <.Loc.2>:
    25d8:	79 2f       	mov	r23, r25
    25da:	49 83       	std	Y+1, r20	; 0x01
    25dc:	5a 83       	std	Y+2, r21	; 0x02
    25de:	6b 83       	std	Y+3, r22	; 0x03
    25e0:	7c 83       	std	Y+4, r23	; 0x04

000025e2 <.Loc.3>:
    //limiteer speed waarde
    speed = (speed>100)?100:speed;
    25e2:	20 e0       	ldi	r18, 0x00	; 0
    25e4:	30 e0       	ldi	r19, 0x00	; 0
    25e6:	48 ec       	ldi	r20, 0xC8	; 200
    25e8:	52 e4       	ldi	r21, 0x42	; 66
    25ea:	69 81       	ldd	r22, Y+1	; 0x01
    25ec:	7a 81       	ldd	r23, Y+2	; 0x02
    25ee:	8b 81       	ldd	r24, Y+3	; 0x03
    25f0:	9c 81       	ldd	r25, Y+4	; 0x04
    25f2:	0e 94 2c 18 	call	0x3058	; 0x3058 <__gesf2>

000025f6 <.LVL2>:
    25f6:	18 16       	cp	r1, r24
    25f8:	5c f1       	brlt	.+86     	; 0x2650 <.L10>

000025fa <.Loc.5>:
    speed = (speed<-100)?-100:speed;
    25fa:	20 e0       	ldi	r18, 0x00	; 0
    25fc:	30 e0       	ldi	r19, 0x00	; 0
    25fe:	48 ec       	ldi	r20, 0xC8	; 200
    2600:	52 ec       	ldi	r21, 0xC2	; 194
    2602:	69 81       	ldd	r22, Y+1	; 0x01
    2604:	7a 81       	ldd	r23, Y+2	; 0x02
    2606:	8b 81       	ldd	r24, Y+3	; 0x03
    2608:	9c 81       	ldd	r25, Y+4	; 0x04
    260a:	0e 94 cd 16 	call	0x2d9a	; 0x2d9a <__cmpsf2>

0000260e <.LVL4>:
    260e:	88 23       	and	r24, r24
    2610:	9c f4       	brge	.+38     	; 0x2638 <.L14>

00002612 <.Loc.7>:
    2612:	80 e0       	ldi	r24, 0x00	; 0
    2614:	90 e0       	ldi	r25, 0x00	; 0
    2616:	a8 ec       	ldi	r26, 0xC8	; 200
    2618:	b2 ec       	ldi	r27, 0xC2	; 194
    261a:	89 83       	std	Y+1, r24	; 0x01
    261c:	9a 83       	std	Y+2, r25	; 0x02
    261e:	ab 83       	std	Y+3, r26	; 0x03
    2620:	bc 83       	std	Y+4, r27	; 0x04

00002622 <.L3>:

    //zet richting
    if(speed<0) {//achteruit
        motor1_dir_port &= ~motor1_dir_bit;
    2622:	2d 98       	cbi	0x05, 5	; 5

00002624 <.Loc.10>:
        speed*=-1;
    2624:	89 81       	ldd	r24, Y+1	; 0x01
    2626:	9a 81       	ldd	r25, Y+2	; 0x02
    2628:	ab 81       	ldd	r26, Y+3	; 0x03
    262a:	bc 81       	ldd	r27, Y+4	; 0x04
    262c:	b0 58       	subi	r27, 0x80	; 128
    262e:	89 83       	std	Y+1, r24	; 0x01
    2630:	9a 83       	std	Y+2, r25	; 0x02
    2632:	ab 83       	std	Y+3, r26	; 0x03
    2634:	bc 83       	std	Y+4, r27	; 0x04

00002636 <.Loc.12>:
    2636:	15 c0       	rjmp	.+42     	; 0x2662 <.L5>

00002638 <.L14>:
    if(speed<0) {//achteruit
    2638:	20 e0       	ldi	r18, 0x00	; 0
    263a:	30 e0       	ldi	r19, 0x00	; 0
    263c:	a9 01       	movw	r20, r18
    263e:	69 81       	ldd	r22, Y+1	; 0x01
    2640:	7a 81       	ldd	r23, Y+2	; 0x02
    2642:	8b 81       	ldd	r24, Y+3	; 0x03
    2644:	9c 81       	ldd	r25, Y+4	; 0x04
    2646:	0e 94 cd 16 	call	0x2d9a	; 0x2d9a <__cmpsf2>

0000264a <.LVL8>:
    264a:	88 23       	and	r24, r24
    264c:	4c f4       	brge	.+18     	; 0x2660 <.L2>
    264e:	e9 cf       	rjmp	.-46     	; 0x2622 <.L3>

00002650 <.L10>:
    speed = (speed>100)?100:speed;
    2650:	80 e0       	ldi	r24, 0x00	; 0
    2652:	90 e0       	ldi	r25, 0x00	; 0
    2654:	a8 ec       	ldi	r26, 0xC8	; 200
    2656:	b2 e4       	ldi	r27, 0x42	; 66
    2658:	89 83       	std	Y+1, r24	; 0x01
    265a:	9a 83       	std	Y+2, r25	; 0x02
    265c:	ab 83       	std	Y+3, r26	; 0x03
    265e:	bc 83       	std	Y+4, r27	; 0x04

00002660 <.L2>:
    }
    else {//vooruit
        motor1_dir_port |= motor1_dir_bit;
    2660:	2d 9a       	sbi	0x05, 5	; 5

00002662 <.L5>:
    }


    //als waarde te klein zet motor uit
    if(speed < 7){
    2662:	20 e0       	ldi	r18, 0x00	; 0
    2664:	30 e0       	ldi	r19, 0x00	; 0
    2666:	40 ee       	ldi	r20, 0xE0	; 224
    2668:	50 e4       	ldi	r21, 0x40	; 64
    266a:	69 81       	ldd	r22, Y+1	; 0x01
    266c:	7a 81       	ldd	r23, Y+2	; 0x02
    266e:	8b 81       	ldd	r24, Y+3	; 0x03
    2670:	9c 81       	ldd	r25, Y+4	; 0x04
    2672:	0e 94 cd 16 	call	0x2d9a	; 0x2d9a <__cmpsf2>

00002676 <.LVL12>:
    2676:	88 23       	and	r24, r24
    2678:	3c f4       	brge	.+14     	; 0x2688 <.L13>

0000267a <.Loc.20>:
        OCR1A = 3;
    267a:	83 e0       	ldi	r24, 0x03	; 3
    267c:	90 e0       	ldi	r25, 0x00	; 0
    267e:	90 93 89 00 	sts	0x0089, r25	; 0x800089 <__TEXT_REGION_LENGTH__+0x700089>
    2682:	80 93 88 00 	sts	0x0088, r24	; 0x800088 <__TEXT_REGION_LENGTH__+0x700088>

00002686 <.Loc.22>:
    2686:	38 c0       	rjmp	.+112    	; 0x26f8 <.L1>

00002688 <.L13>:
    }
    else{
        //bereken top waarde
        unsigned int ocr1Val = 100/(((double)1/65536)+((double)1/(1+OCR1val_min)-(double)1/65536)*speed);
    2688:	28 e1       	ldi	r18, 0x18	; 24
    268a:	34 e1       	ldi	r19, 0x14	; 20
    268c:	46 e7       	ldi	r20, 0x76	; 118
    268e:	59 e3       	ldi	r21, 0x39	; 57
    2690:	69 81       	ldd	r22, Y+1	; 0x01
    2692:	7a 81       	ldd	r23, Y+2	; 0x02
    2694:	8b 81       	ldd	r24, Y+3	; 0x03
    2696:	9c 81       	ldd	r25, Y+4	; 0x04
    2698:	0e 94 31 18 	call	0x3062	; 0x3062 <__mulsf3>

0000269c <.LVL15>:
    269c:	20 e0       	ldi	r18, 0x00	; 0
    269e:	30 e0       	ldi	r19, 0x00	; 0
    26a0:	40 e8       	ldi	r20, 0x80	; 128
    26a2:	57 e3       	ldi	r21, 0x37	; 55
    26a4:	69 83       	std	Y+1, r22	; 0x01

000026a6 <.Loc.27>:
    26a6:	7a 83       	std	Y+2, r23	; 0x02
    26a8:	8b 83       	std	Y+3, r24	; 0x03
    26aa:	9c 83       	std	Y+4, r25	; 0x04
    26ac:	69 81       	ldd	r22, Y+1	; 0x01
    26ae:	7a 81       	ldd	r23, Y+2	; 0x02
    26b0:	8b 81       	ldd	r24, Y+3	; 0x03
    26b2:	9c 81       	ldd	r25, Y+4	; 0x04
    26b4:	0e 94 61 16 	call	0x2cc2	; 0x2cc2 <__addsf3>

000026b8 <.LVL17>:
    26b8:	26 2f       	mov	r18, r22
    26ba:	37 2f       	mov	r19, r23
    26bc:	48 2f       	mov	r20, r24
    26be:	59 2f       	mov	r21, r25
    26c0:	60 e0       	ldi	r22, 0x00	; 0
    26c2:	70 e0       	ldi	r23, 0x00	; 0
    26c4:	88 ec       	ldi	r24, 0xC8	; 200
    26c6:	92 e4       	ldi	r25, 0x42	; 66
    26c8:	0e 94 d2 16 	call	0x2da4	; 0x2da4 <__divsf3>

000026cc <.LVL18>:
    26cc:	69 83       	std	Y+1, r22	; 0x01
    26ce:	7a 83       	std	Y+2, r23	; 0x02
    26d0:	8b 83       	std	Y+3, r24	; 0x03
    26d2:	9c 83       	std	Y+4, r25	; 0x04
    26d4:	69 81       	ldd	r22, Y+1	; 0x01
    26d6:	7a 81       	ldd	r23, Y+2	; 0x02
    26d8:	8b 81       	ldd	r24, Y+3	; 0x03
    26da:	9c 81       	ldd	r25, Y+4	; 0x04
    26dc:	0e 94 4b 17 	call	0x2e96	; 0x2e96 <__fixunssfsi>

000026e0 <.LVL19>:
    26e0:	86 2f       	mov	r24, r22
    26e2:	97 2f       	mov	r25, r23

000026e4 <.Loc.30>:

        //zet snelheid (clamp to min)
        OCR1A = (ocr1Val<OCR1val_min)?OCR1val_min:ocr1Val;
    26e4:	80 3a       	cpi	r24, 0xA0	; 160
    26e6:	af e0       	ldi	r26, 0x0F	; 15
    26e8:	9a 07       	cpc	r25, r26
    26ea:	10 f4       	brcc	.+4      	; 0x26f0 <.L9>
    26ec:	80 ea       	ldi	r24, 0xA0	; 160
    26ee:	9f e0       	ldi	r25, 0x0F	; 15

000026f0 <.L9>:
    26f0:	90 93 89 00 	sts	0x0089, r25	; 0x800089 <__TEXT_REGION_LENGTH__+0x700089>
    26f4:	80 93 88 00 	sts	0x0088, r24	; 0x800088 <__TEXT_REGION_LENGTH__+0x700088>

000026f8 <.L1>:
    }
}
    26f8:	0f 90       	pop	r0
    26fa:	0f 90       	pop	r0
    26fc:	0f 90       	pop	r0
    26fe:	0f 90       	pop	r0
    2700:	df 91       	pop	r29
    2702:	cf 91       	pop	r28
    2704:	08 95       	ret

00002706 <stepperMotor1_init>:
    TCCR1B &= ~(1<<CS10);//stop clock
    2706:	e1 e8       	ldi	r30, 0x81	; 129
    2708:	f0 e0       	ldi	r31, 0x00	; 0
    270a:	80 81       	ld	r24, Z
    270c:	8e 7f       	andi	r24, 0xFE	; 254
    270e:	80 83       	st	Z, r24

00002710 <.Loc.37>:
    motor1_step_DDR |= motor1_step_bit;
    2710:	26 9a       	sbi	0x04, 6	; 4

00002712 <.Loc.39>:
    TCCR1A |= (1<<WGM10)|(1<<WGM11);
    2712:	a0 e8       	ldi	r26, 0x80	; 128
    2714:	b0 e0       	ldi	r27, 0x00	; 0
    2716:	8c 91       	ld	r24, X

00002718 <.Loc.40>:
    2718:	83 60       	ori	r24, 0x03	; 3
    271a:	8c 93       	st	X, r24

0000271c <.Loc.41>:
    TCCR1B |= (1<<WGM12)|(1<<WGM13);
    271c:	80 81       	ld	r24, Z

0000271e <.Loc.42>:
    271e:	88 61       	ori	r24, 0x18	; 24
    2720:	80 83       	st	Z, r24

00002722 <.Loc.43>:
    TCCR1A |= (1<<COM1B1);
    2722:	8c 91       	ld	r24, X

00002724 <.Loc.44>:
    2724:	80 62       	ori	r24, 0x20	; 32
    2726:	8c 93       	st	X, r24

00002728 <.Loc.45>:
    TCCR1B |= (1<<CS10);
    2728:	80 81       	ld	r24, Z

0000272a <.Loc.46>:
    272a:	81 60       	ori	r24, 0x01	; 1
    272c:	80 83       	st	Z, r24

0000272e <.Loc.47>:
    OCR1A = OCR1val_min;
    272e:	80 ea       	ldi	r24, 0xA0	; 160
    2730:	9f e0       	ldi	r25, 0x0F	; 15
    2732:	90 93 89 00 	sts	0x0089, r25	; 0x800089 <__TEXT_REGION_LENGTH__+0x700089>
    2736:	80 93 88 00 	sts	0x0088, r24	; 0x800088 <__TEXT_REGION_LENGTH__+0x700088>

0000273a <.Loc.49>:
    OCR1B = 32;
    273a:	80 e2       	ldi	r24, 0x20	; 32
    273c:	90 e0       	ldi	r25, 0x00	; 0
    273e:	90 93 8b 00 	sts	0x008B, r25	; 0x80008b <__TEXT_REGION_LENGTH__+0x70008b>
    2742:	80 93 8a 00 	sts	0x008A, r24	; 0x80008a <__TEXT_REGION_LENGTH__+0x70008a>

00002746 <.Loc.51>:
    motor1_dir_DDR |= motor1_dir_bit;
    2746:	25 9a       	sbi	0x04, 5	; 4

00002748 <.Loc.53>:
    stepperMotor1_setSpeed(0);
    2748:	60 e0       	ldi	r22, 0x00	; 0
    274a:	70 e0       	ldi	r23, 0x00	; 0
    274c:	cb 01       	movw	r24, r22
    274e:	0e 94 e3 12 	call	0x25c6	; 0x25c6 <stepperMotor1_setSpeed>

00002752 <.LVL21>:
}
    2752:	08 95       	ret

00002754 <stepperMotor2_setSpeed>:

void stepperMotor2_setSpeed(float speed){
    2754:	cf 93       	push	r28
    2756:	df 93       	push	r29
    2758:	00 d0       	rcall	.+0      	; 0x275a <L0^A>

0000275a <L0^A>:
    275a:	0f 92       	push	r0
    275c:	cd b7       	in	r28, 0x3d	; 61
    275e:	de b7       	in	r29, 0x3e	; 62
    2760:	46 2f       	mov	r20, r22
    2762:	57 2f       	mov	r21, r23
    2764:	68 2f       	mov	r22, r24

00002766 <.Loc.57>:
    2766:	79 2f       	mov	r23, r25
    2768:	49 83       	std	Y+1, r20	; 0x01
    276a:	5a 83       	std	Y+2, r21	; 0x02
    276c:	6b 83       	std	Y+3, r22	; 0x03
    276e:	7c 83       	std	Y+4, r23	; 0x04

00002770 <.Loc.58>:
    //limiteer speed waarde
    speed = (speed>100)?100:speed;
    2770:	20 e0       	ldi	r18, 0x00	; 0
    2772:	30 e0       	ldi	r19, 0x00	; 0
    2774:	48 ec       	ldi	r20, 0xC8	; 200
    2776:	52 e4       	ldi	r21, 0x42	; 66
    2778:	69 81       	ldd	r22, Y+1	; 0x01
    277a:	7a 81       	ldd	r23, Y+2	; 0x02
    277c:	8b 81       	ldd	r24, Y+3	; 0x03
    277e:	9c 81       	ldd	r25, Y+4	; 0x04
    2780:	0e 94 2c 18 	call	0x3058	; 0x3058 <__gesf2>

00002784 <.LVL24>:
    2784:	18 16       	cp	r1, r24
    2786:	5c f1       	brlt	.+86     	; 0x27de <.L25>

00002788 <.Loc.60>:
    speed = (speed<-100)?-100:speed;
    2788:	20 e0       	ldi	r18, 0x00	; 0
    278a:	30 e0       	ldi	r19, 0x00	; 0
    278c:	48 ec       	ldi	r20, 0xC8	; 200
    278e:	52 ec       	ldi	r21, 0xC2	; 194
    2790:	69 81       	ldd	r22, Y+1	; 0x01
    2792:	7a 81       	ldd	r23, Y+2	; 0x02
    2794:	8b 81       	ldd	r24, Y+3	; 0x03
    2796:	9c 81       	ldd	r25, Y+4	; 0x04
    2798:	0e 94 cd 16 	call	0x2d9a	; 0x2d9a <__cmpsf2>

0000279c <.LVL26>:
    279c:	88 23       	and	r24, r24
    279e:	9c f4       	brge	.+38     	; 0x27c6 <.L29>

000027a0 <.Loc.62>:
    27a0:	80 e0       	ldi	r24, 0x00	; 0
    27a2:	90 e0       	ldi	r25, 0x00	; 0
    27a4:	a8 ec       	ldi	r26, 0xC8	; 200
    27a6:	b2 ec       	ldi	r27, 0xC2	; 194
    27a8:	89 83       	std	Y+1, r24	; 0x01
    27aa:	9a 83       	std	Y+2, r25	; 0x02
    27ac:	ab 83       	std	Y+3, r26	; 0x03
    27ae:	bc 83       	std	Y+4, r27	; 0x04

000027b0 <.L18>:

    //zet richting
    if(speed<0){//achteruit
        motor2_dir_port &= ~motor2_dir_bit;
    27b0:	75 98       	cbi	0x0e, 5	; 14

000027b2 <.Loc.65>:
        speed*=-1;
    27b2:	89 81       	ldd	r24, Y+1	; 0x01
    27b4:	9a 81       	ldd	r25, Y+2	; 0x02
    27b6:	ab 81       	ldd	r26, Y+3	; 0x03
    27b8:	bc 81       	ldd	r27, Y+4	; 0x04
    27ba:	b0 58       	subi	r27, 0x80	; 128
    27bc:	89 83       	std	Y+1, r24	; 0x01
    27be:	9a 83       	std	Y+2, r25	; 0x02
    27c0:	ab 83       	std	Y+3, r26	; 0x03
    27c2:	bc 83       	std	Y+4, r27	; 0x04

000027c4 <.Loc.67>:
    27c4:	15 c0       	rjmp	.+42     	; 0x27f0 <.L20>

000027c6 <.L29>:
    if(speed<0){//achteruit
    27c6:	20 e0       	ldi	r18, 0x00	; 0
    27c8:	30 e0       	ldi	r19, 0x00	; 0
    27ca:	a9 01       	movw	r20, r18
    27cc:	69 81       	ldd	r22, Y+1	; 0x01
    27ce:	7a 81       	ldd	r23, Y+2	; 0x02
    27d0:	8b 81       	ldd	r24, Y+3	; 0x03
    27d2:	9c 81       	ldd	r25, Y+4	; 0x04
    27d4:	0e 94 cd 16 	call	0x2d9a	; 0x2d9a <__cmpsf2>

000027d8 <.LVL30>:
    27d8:	88 23       	and	r24, r24
    27da:	4c f4       	brge	.+18     	; 0x27ee <.L17>
    27dc:	e9 cf       	rjmp	.-46     	; 0x27b0 <.L18>

000027de <.L25>:
    speed = (speed>100)?100:speed;
    27de:	80 e0       	ldi	r24, 0x00	; 0
    27e0:	90 e0       	ldi	r25, 0x00	; 0
    27e2:	a8 ec       	ldi	r26, 0xC8	; 200
    27e4:	b2 e4       	ldi	r27, 0x42	; 66
    27e6:	89 83       	std	Y+1, r24	; 0x01
    27e8:	9a 83       	std	Y+2, r25	; 0x02
    27ea:	ab 83       	std	Y+3, r26	; 0x03
    27ec:	bc 83       	std	Y+4, r27	; 0x04

000027ee <.L17>:
    }
    else{//vooruit
        motor2_dir_port |= motor2_dir_bit;
    27ee:	75 9a       	sbi	0x0e, 5	; 14

000027f0 <.L20>:
    }

    //als waarde te klein zet motor uit
    if(speed < 7){
    27f0:	20 e0       	ldi	r18, 0x00	; 0
    27f2:	30 e0       	ldi	r19, 0x00	; 0
    27f4:	40 ee       	ldi	r20, 0xE0	; 224
    27f6:	50 e4       	ldi	r21, 0x40	; 64
    27f8:	69 81       	ldd	r22, Y+1	; 0x01
    27fa:	7a 81       	ldd	r23, Y+2	; 0x02
    27fc:	8b 81       	ldd	r24, Y+3	; 0x03
    27fe:	9c 81       	ldd	r25, Y+4	; 0x04
    2800:	0e 94 cd 16 	call	0x2d9a	; 0x2d9a <__cmpsf2>

00002804 <.LVL34>:
    2804:	88 23       	and	r24, r24
    2806:	3c f4       	brge	.+14     	; 0x2816 <.L28>

00002808 <.Loc.75>:
        OCR3A = 3;
    2808:	83 e0       	ldi	r24, 0x03	; 3
    280a:	90 e0       	ldi	r25, 0x00	; 0
    280c:	90 93 99 00 	sts	0x0099, r25	; 0x800099 <__TEXT_REGION_LENGTH__+0x700099>
    2810:	80 93 98 00 	sts	0x0098, r24	; 0x800098 <__TEXT_REGION_LENGTH__+0x700098>

00002814 <.Loc.77>:
    2814:	38 c0       	rjmp	.+112    	; 0x2886 <.L16>

00002816 <.L28>:
    }
    else{
        //bereken top waarde
        unsigned int ocr3Val = 100/(((double)1/65536)+((double)1/(1+OCR1val_min)-(double)1/65536)*speed);
    2816:	28 e1       	ldi	r18, 0x18	; 24
    2818:	34 e1       	ldi	r19, 0x14	; 20
    281a:	46 e7       	ldi	r20, 0x76	; 118
    281c:	59 e3       	ldi	r21, 0x39	; 57
    281e:	69 81       	ldd	r22, Y+1	; 0x01
    2820:	7a 81       	ldd	r23, Y+2	; 0x02
    2822:	8b 81       	ldd	r24, Y+3	; 0x03
    2824:	9c 81       	ldd	r25, Y+4	; 0x04
    2826:	0e 94 31 18 	call	0x3062	; 0x3062 <__mulsf3>

0000282a <.LVL37>:
    282a:	20 e0       	ldi	r18, 0x00	; 0
    282c:	30 e0       	ldi	r19, 0x00	; 0
    282e:	40 e8       	ldi	r20, 0x80	; 128
    2830:	57 e3       	ldi	r21, 0x37	; 55
    2832:	69 83       	std	Y+1, r22	; 0x01

00002834 <.Loc.82>:
    2834:	7a 83       	std	Y+2, r23	; 0x02
    2836:	8b 83       	std	Y+3, r24	; 0x03
    2838:	9c 83       	std	Y+4, r25	; 0x04
    283a:	69 81       	ldd	r22, Y+1	; 0x01
    283c:	7a 81       	ldd	r23, Y+2	; 0x02
    283e:	8b 81       	ldd	r24, Y+3	; 0x03
    2840:	9c 81       	ldd	r25, Y+4	; 0x04
    2842:	0e 94 61 16 	call	0x2cc2	; 0x2cc2 <__addsf3>

00002846 <.LVL39>:
    2846:	26 2f       	mov	r18, r22
    2848:	37 2f       	mov	r19, r23
    284a:	48 2f       	mov	r20, r24
    284c:	59 2f       	mov	r21, r25
    284e:	60 e0       	ldi	r22, 0x00	; 0
    2850:	70 e0       	ldi	r23, 0x00	; 0
    2852:	88 ec       	ldi	r24, 0xC8	; 200
    2854:	92 e4       	ldi	r25, 0x42	; 66
    2856:	0e 94 d2 16 	call	0x2da4	; 0x2da4 <__divsf3>

0000285a <.LVL40>:
    285a:	69 83       	std	Y+1, r22	; 0x01
    285c:	7a 83       	std	Y+2, r23	; 0x02
    285e:	8b 83       	std	Y+3, r24	; 0x03
    2860:	9c 83       	std	Y+4, r25	; 0x04
    2862:	69 81       	ldd	r22, Y+1	; 0x01
    2864:	7a 81       	ldd	r23, Y+2	; 0x02
    2866:	8b 81       	ldd	r24, Y+3	; 0x03
    2868:	9c 81       	ldd	r25, Y+4	; 0x04
    286a:	0e 94 4b 17 	call	0x2e96	; 0x2e96 <__fixunssfsi>

0000286e <.LVL41>:
    286e:	86 2f       	mov	r24, r22
    2870:	97 2f       	mov	r25, r23

00002872 <.Loc.85>:

        //zet snelheid (clamp to min)
        OCR3A = (ocr3Val<OCR3val_min)?OCR3val_min:ocr3Val;
    2872:	80 3a       	cpi	r24, 0xA0	; 160
    2874:	af e0       	ldi	r26, 0x0F	; 15
    2876:	9a 07       	cpc	r25, r26
    2878:	10 f4       	brcc	.+4      	; 0x287e <.L24>
    287a:	80 ea       	ldi	r24, 0xA0	; 160
    287c:	9f e0       	ldi	r25, 0x0F	; 15

0000287e <.L24>:
    287e:	90 93 99 00 	sts	0x0099, r25	; 0x800099 <__TEXT_REGION_LENGTH__+0x700099>
    2882:	80 93 98 00 	sts	0x0098, r24	; 0x800098 <__TEXT_REGION_LENGTH__+0x700098>

00002886 <.L16>:
    }
}
    2886:	0f 90       	pop	r0
    2888:	0f 90       	pop	r0
    288a:	0f 90       	pop	r0
    288c:	0f 90       	pop	r0
    288e:	df 91       	pop	r29
    2890:	cf 91       	pop	r28
    2892:	08 95       	ret

00002894 <stepperMotor2_init>:
    TCCR3B &= ~(1<<CS30);//stop clock
    2894:	e1 e9       	ldi	r30, 0x91	; 145
    2896:	f0 e0       	ldi	r31, 0x00	; 0
    2898:	80 81       	ld	r24, Z
    289a:	8e 7f       	andi	r24, 0xFE	; 254
    289c:	80 83       	st	Z, r24

0000289e <.Loc.92>:
    motor2_step_DDR |= motor2_step_bit;
    289e:	6c 9a       	sbi	0x0d, 4	; 13

000028a0 <.Loc.94>:
    TCCR3A |= (1<<WGM30)|(1<<WGM31);
    28a0:	a0 e9       	ldi	r26, 0x90	; 144
    28a2:	b0 e0       	ldi	r27, 0x00	; 0
    28a4:	8c 91       	ld	r24, X

000028a6 <.Loc.95>:
    28a6:	83 60       	ori	r24, 0x03	; 3
    28a8:	8c 93       	st	X, r24

000028aa <.Loc.96>:
    TCCR3B |= (1<<WGM32)|(1<<WGM33);
    28aa:	80 81       	ld	r24, Z

000028ac <.Loc.97>:
    28ac:	88 61       	ori	r24, 0x18	; 24
    28ae:	80 83       	st	Z, r24

000028b0 <.Loc.98>:
    TCCR3A |= (1<<COM3B1);
    28b0:	8c 91       	ld	r24, X

000028b2 <.Loc.99>:
    28b2:	80 62       	ori	r24, 0x20	; 32
    28b4:	8c 93       	st	X, r24

000028b6 <.Loc.100>:
    TCCR3B |= (1<<CS30);
    28b6:	80 81       	ld	r24, Z

000028b8 <.Loc.101>:
    28b8:	81 60       	ori	r24, 0x01	; 1
    28ba:	80 83       	st	Z, r24

000028bc <.Loc.102>:
    OCR3A = OCR3val_min;
    28bc:	80 ea       	ldi	r24, 0xA0	; 160
    28be:	9f e0       	ldi	r25, 0x0F	; 15
    28c0:	90 93 99 00 	sts	0x0099, r25	; 0x800099 <__TEXT_REGION_LENGTH__+0x700099>
    28c4:	80 93 98 00 	sts	0x0098, r24	; 0x800098 <__TEXT_REGION_LENGTH__+0x700098>

000028c8 <.Loc.104>:
    OCR3B = 32;
    28c8:	80 e2       	ldi	r24, 0x20	; 32
    28ca:	90 e0       	ldi	r25, 0x00	; 0
    28cc:	90 93 9b 00 	sts	0x009B, r25	; 0x80009b <__TEXT_REGION_LENGTH__+0x70009b>
    28d0:	80 93 9a 00 	sts	0x009A, r24	; 0x80009a <__TEXT_REGION_LENGTH__+0x70009a>

000028d4 <.Loc.106>:
    motor2_dir_DDR |= motor2_dir_bit;
    28d4:	6d 9a       	sbi	0x0d, 5	; 13

000028d6 <.Loc.108>:
    stepperMotor2_setSpeed(0);
    28d6:	60 e0       	ldi	r22, 0x00	; 0
    28d8:	70 e0       	ldi	r23, 0x00	; 0
    28da:	cb 01       	movw	r24, r22
    28dc:	0e 94 aa 13 	call	0x2754	; 0x2754 <stepperMotor2_setSpeed>

000028e0 <.LVL43>:
}
    28e0:	08 95       	ret

000028e2 <stepperMotor_init>:
    stepperMotor1_init();
    28e2:	0e 94 83 13 	call	0x2706	; 0x2706 <stepperMotor1_init>

000028e6 <.LVL44>:
    stepperMotor2_init();
    28e6:	0e 94 4a 14 	call	0x2894	; 0x2894 <stepperMotor2_init>

000028ea <.LVL45>:
}
    28ea:	08 95       	ret

000028ec <__vector_46>:
volatile uint8_t nieuwe_meting_L = 0;
volatile uint8_t nieuwe_meting_R = 0;


// ISR voor linker sensor (echo ontvangen)
ISR(TIMER5_CAPT_vect) {
    28ec:	1f 92       	push	r1
    28ee:	1f b6       	in	r1, 0x3f	; 63
    28f0:	1f 92       	push	r1
    28f2:	11 24       	eor	r1, r1
    28f4:	8f 93       	push	r24

000028f6 <.Loc.1>:
    //start nieuwe meting
    TCNT5 = 0;
    28f6:	10 92 25 01 	sts	0x0125, r1	; 0x800125 <__TEXT_REGION_LENGTH__+0x700125>
    28fa:	10 92 24 01 	sts	0x0124, r1	; 0x800124 <__TEXT_REGION_LENGTH__+0x700124>

000028fe <.Loc.3>:

    nieuwe_meting_L = 1;
    28fe:	81 e0       	ldi	r24, 0x01	; 1
    2900:	80 93 9d 02 	sts	0x029D, r24	; 0x80029d <nieuwe_meting_L>

00002904 <.Loc.5>:
}
    2904:	8f 91       	pop	r24
    2906:	1f 90       	pop	r1
    2908:	1f be       	out	0x3f, r1	; 63
    290a:	1f 90       	pop	r1
    290c:	18 95       	reti

0000290e <__vector_41>:

// ISR voor rechter sensor (echo ontvangen)
ISR(TIMER4_CAPT_vect) {
    290e:	1f 92       	push	r1
    2910:	1f b6       	in	r1, 0x3f	; 63
    2912:	1f 92       	push	r1
    2914:	11 24       	eor	r1, r1
    2916:	8f 93       	push	r24

00002918 <.Loc.7>:
    //start nieuwe meting
    TCNT4 = 0;
    2918:	10 92 a5 00 	sts	0x00A5, r1	; 0x8000a5 <__TEXT_REGION_LENGTH__+0x7000a5>
    291c:	10 92 a4 00 	sts	0x00A4, r1	; 0x8000a4 <__TEXT_REGION_LENGTH__+0x7000a4>

00002920 <.Loc.10>:

    nieuwe_meting_R = 1;
    2920:	81 e0       	ldi	r24, 0x01	; 1
    2922:	80 93 9c 02 	sts	0x029C, r24	; 0x80029c <nieuwe_meting_R>

00002926 <.Loc.11>:
}
    2926:	8f 91       	pop	r24
    2928:	1f 90       	pop	r1
    292a:	1f be       	out	0x3f, r1	; 63
    292c:	1f 90       	pop	r1
    292e:	18 95       	reti

00002930 <ultrasoon_switchSensor>:
    TCCR4B &= ~(1 << ICES4);
    TIMSK4 |= (1 << ICIE4);
}


void ultrasoon_switchSensor(t_ultrasoon_sensorstype sensor){
    2930:	28 2f       	mov	r18, r24
    2932:	39 2f       	mov	r19, r25

00002934 <.Loc.14>:
    OCR4A = 0;
    2934:	10 92 a9 00 	sts	0x00A9, r1	; 0x8000a9 <__TEXT_REGION_LENGTH__+0x7000a9>
    2938:	10 92 a8 00 	sts	0x00A8, r1	; 0x8000a8 <__TEXT_REGION_LENGTH__+0x7000a8>

0000293c <.Loc.16>:
    OCR4B = 0;
    293c:	10 92 ab 00 	sts	0x00AB, r1	; 0x8000ab <__TEXT_REGION_LENGTH__+0x7000ab>
    2940:	10 92 aa 00 	sts	0x00AA, r1	; 0x8000aa <__TEXT_REGION_LENGTH__+0x7000aa>

00002944 <.Loc.18>:
    OCR4C = 0;
    2944:	10 92 ad 00 	sts	0x00AD, r1	; 0x8000ad <__TEXT_REGION_LENGTH__+0x7000ad>
    2948:	10 92 ac 00 	sts	0x00AC, r1	; 0x8000ac <__TEXT_REGION_LENGTH__+0x7000ac>

0000294c <.Loc.20>:

    OCR5A = 0;
    294c:	10 92 29 01 	sts	0x0129, r1	; 0x800129 <__TEXT_REGION_LENGTH__+0x700129>
    2950:	10 92 28 01 	sts	0x0128, r1	; 0x800128 <__TEXT_REGION_LENGTH__+0x700128>

00002954 <.Loc.22>:
    OCR5B = 0;
    2954:	10 92 2b 01 	sts	0x012B, r1	; 0x80012b <__TEXT_REGION_LENGTH__+0x70012b>
    2958:	10 92 2a 01 	sts	0x012A, r1	; 0x80012a <__TEXT_REGION_LENGTH__+0x70012a>

0000295c <.Loc.24>:
    OCR5C = 0;
    295c:	10 92 2d 01 	sts	0x012D, r1	; 0x80012d <__TEXT_REGION_LENGTH__+0x70012d>
    2960:	10 92 2c 01 	sts	0x012C, r1	; 0x80012c <__TEXT_REGION_LENGTH__+0x70012c>

00002964 <.Loc.26>:


    switch(sensor){ //12us pulse
    2964:	21 30       	cpi	r18, 0x01	; 1
    2966:	31 05       	cpc	r19, r1
    2968:	79 f0       	breq	.+30     	; 0x2988 <.L4>
    296a:	22 30       	cpi	r18, 0x02	; 2
    296c:	31 05       	cpc	r19, r1
    296e:	b1 f0       	breq	.+44     	; 0x299c <.L5>
    2970:	23 2b       	or	r18, r19
    2972:	f1 f4       	brne	.+60     	; 0x29b0 <.L3>

00002974 <.Loc.27>:
    case e_ultrasooonAchter:{
        OCR4A = 3;
    2974:	83 e0       	ldi	r24, 0x03	; 3
    2976:	90 e0       	ldi	r25, 0x00	; 0

00002978 <.Loc.29>:
    2978:	90 93 a9 00 	sts	0x00A9, r25	; 0x8000a9 <__TEXT_REGION_LENGTH__+0x7000a9>
    297c:	80 93 a8 00 	sts	0x00A8, r24	; 0x8000a8 <__TEXT_REGION_LENGTH__+0x7000a8>

00002980 <.Loc.30>:
        OCR5A = 3;
    2980:	90 93 29 01 	sts	0x0129, r25	; 0x800129 <__TEXT_REGION_LENGTH__+0x700129>
    2984:	80 93 28 01 	sts	0x0128, r24	; 0x800128 <__TEXT_REGION_LENGTH__+0x700128>

00002988 <.L4>:
    }
    case e_ultrasooonVoor:{
        OCR4B = 3;
    2988:	83 e0       	ldi	r24, 0x03	; 3
    298a:	90 e0       	ldi	r25, 0x00	; 0
    298c:	90 93 ab 00 	sts	0x00AB, r25	; 0x8000ab <__TEXT_REGION_LENGTH__+0x7000ab>
    2990:	80 93 aa 00 	sts	0x00AA, r24	; 0x8000aa <__TEXT_REGION_LENGTH__+0x7000aa>

00002994 <.Loc.34>:
        OCR5B = 3;
    2994:	90 93 2b 01 	sts	0x012B, r25	; 0x80012b <__TEXT_REGION_LENGTH__+0x70012b>
    2998:	80 93 2a 01 	sts	0x012A, r24	; 0x80012a <__TEXT_REGION_LENGTH__+0x70012a>

0000299c <.L5>:
    }
    case e_ultrasooonVolg:{
        OCR4C = 3;
    299c:	83 e0       	ldi	r24, 0x03	; 3
    299e:	90 e0       	ldi	r25, 0x00	; 0
    29a0:	90 93 ad 00 	sts	0x00AD, r25	; 0x8000ad <__TEXT_REGION_LENGTH__+0x7000ad>
    29a4:	80 93 ac 00 	sts	0x00AC, r24	; 0x8000ac <__TEXT_REGION_LENGTH__+0x7000ac>

000029a8 <.Loc.38>:
        OCR5C = 3;
    29a8:	90 93 2d 01 	sts	0x012D, r25	; 0x80012d <__TEXT_REGION_LENGTH__+0x70012d>
    29ac:	80 93 2c 01 	sts	0x012C, r24	; 0x80012c <__TEXT_REGION_LENGTH__+0x70012c>

000029b0 <.L3>:
    }
    }
}
    29b0:	08 95       	ret

000029b2 <ultrasoon_setup_L>:
void ultrasoon_setup_L() {
    29b2:	cf 93       	push	r28
    29b4:	df 93       	push	r29

000029b6 <.Loc.42>:
    TCCR5B &= ~((1 << CS50) | (1 << CS51));//stop clock
    29b6:	c1 e2       	ldi	r28, 0x21	; 33
    29b8:	d1 e0       	ldi	r29, 0x01	; 1
    29ba:	88 81       	ld	r24, Y
    29bc:	8c 7f       	andi	r24, 0xFC	; 252
    29be:	88 83       	st	Y, r24

000029c0 <.Loc.44>:
    ICR5 = 0;
    29c0:	10 92 27 01 	sts	0x0127, r1	; 0x800127 <__TEXT_REGION_LENGTH__+0x700127>
    29c4:	10 92 26 01 	sts	0x0126, r1	; 0x800126 <__TEXT_REGION_LENGTH__+0x700126>

000029c8 <.Loc.46>:
    nieuwe_meting_L = 0;
    29c8:	10 92 9d 02 	sts	0x029D, r1	; 0x80029d <nieuwe_meting_L>

000029cc <.Loc.48>:
    ULTRASOON_L_TRIG_DDR |= (1 << ULTRASOON_L_TRIG_BIT);  // Trigger als output
    29cc:	ea e0       	ldi	r30, 0x0A	; 10
    29ce:	f1 e0       	ldi	r31, 0x01	; 1
    29d0:	80 81       	ld	r24, Z

000029d2 <.Loc.49>:
    29d2:	80 61       	ori	r24, 0x10	; 16
    29d4:	80 83       	st	Z, r24

000029d6 <.Loc.50>:
    ULTRASOON_L_ECHO_DDR &= ~(1 << ULTRASOON_L_ECHO_BIT); // Echo als input
    29d6:	80 81       	ld	r24, Z
    29d8:	8d 7f       	andi	r24, 0xFD	; 253
    29da:	80 83       	st	Z, r24

000029dc <.Loc.52>:
    TCCR5A |= (1 << WGM50) | (1 << WGM51);
    29dc:	e0 e2       	ldi	r30, 0x20	; 32
    29de:	f1 e0       	ldi	r31, 0x01	; 1
    29e0:	80 81       	ld	r24, Z

000029e2 <.Loc.53>:
    29e2:	83 60       	ori	r24, 0x03	; 3
    29e4:	80 83       	st	Z, r24

000029e6 <.Loc.54>:
    TCCR5B |= (1 << WGM52) | (0 << WGM53);
    29e6:	88 81       	ld	r24, Y

000029e8 <.Loc.55>:
    29e8:	88 60       	ori	r24, 0x08	; 8
    29ea:	88 83       	st	Y, r24

000029ec <.Loc.56>:
    TCCR5A |= (1 << COM5B1);
    29ec:	80 81       	ld	r24, Z

000029ee <.Loc.57>:
    29ee:	80 62       	ori	r24, 0x20	; 32
    29f0:	80 83       	st	Z, r24

000029f2 <.Loc.58>:
    TCCR5B |= (1 << CS50) | (1 << CS51);
    29f2:	88 81       	ld	r24, Y

000029f4 <.Loc.59>:
    29f4:	83 60       	ori	r24, 0x03	; 3
    29f6:	88 83       	st	Y, r24

000029f8 <.Loc.60>:
    OCR5A = 0;      // 12us puls = 3
    29f8:	10 92 29 01 	sts	0x0129, r1	; 0x800129 <__TEXT_REGION_LENGTH__+0x700129>
    29fc:	10 92 28 01 	sts	0x0128, r1	; 0x800128 <__TEXT_REGION_LENGTH__+0x700128>

00002a00 <.Loc.62>:
    OCR5B = 0;      // 12us puls = 3
    2a00:	10 92 2b 01 	sts	0x012B, r1	; 0x80012b <__TEXT_REGION_LENGTH__+0x70012b>
    2a04:	10 92 2a 01 	sts	0x012A, r1	; 0x80012a <__TEXT_REGION_LENGTH__+0x70012a>

00002a08 <.Loc.64>:
    OCR5C = 0;      // 12us puls = 3
    2a08:	10 92 2d 01 	sts	0x012D, r1	; 0x80012d <__TEXT_REGION_LENGTH__+0x70012d>
    2a0c:	10 92 2c 01 	sts	0x012C, r1	; 0x80012c <__TEXT_REGION_LENGTH__+0x70012c>

00002a10 <.Loc.66>:
    ultrasoon_switchSensor(e_ultrasooonVoor);
    2a10:	81 e0       	ldi	r24, 0x01	; 1
    2a12:	90 e0       	ldi	r25, 0x00	; 0
    2a14:	0e 94 98 14 	call	0x2930	; 0x2930 <ultrasoon_switchSensor>

00002a18 <.LVL2>:
    TCCR5B &= ~(1 << ICES5); // Start op vallende flank
    2a18:	88 81       	ld	r24, Y
    2a1a:	8f 7b       	andi	r24, 0xBF	; 191
    2a1c:	88 83       	st	Y, r24

00002a1e <.Loc.69>:
    TIMSK5 |= (1 << ICIE5);  // Interrupt inschakelen
    2a1e:	e3 e7       	ldi	r30, 0x73	; 115
    2a20:	f0 e0       	ldi	r31, 0x00	; 0
    2a22:	80 81       	ld	r24, Z

00002a24 <.Loc.70>:
    2a24:	80 62       	ori	r24, 0x20	; 32
    2a26:	80 83       	st	Z, r24

00002a28 <.Loc.71>:
}
    2a28:	df 91       	pop	r29
    2a2a:	cf 91       	pop	r28
    2a2c:	08 95       	ret

00002a2e <ultrasoon_setup_R>:
void ultrasoon_setup_R() {
    2a2e:	cf 93       	push	r28
    2a30:	df 93       	push	r29

00002a32 <.Loc.73>:
    TCCR4B &= ~((1 << CS40) | (1 << CS41));//stop clock
    2a32:	c1 ea       	ldi	r28, 0xA1	; 161
    2a34:	d0 e0       	ldi	r29, 0x00	; 0
    2a36:	88 81       	ld	r24, Y
    2a38:	8c 7f       	andi	r24, 0xFC	; 252
    2a3a:	88 83       	st	Y, r24

00002a3c <.Loc.75>:
    ICR4 = 0;
    2a3c:	10 92 a7 00 	sts	0x00A7, r1	; 0x8000a7 <__TEXT_REGION_LENGTH__+0x7000a7>
    2a40:	10 92 a6 00 	sts	0x00A6, r1	; 0x8000a6 <__TEXT_REGION_LENGTH__+0x7000a6>

00002a44 <.Loc.77>:
    nieuwe_meting_R = 0;
    2a44:	10 92 9c 02 	sts	0x029C, r1	; 0x80029c <nieuwe_meting_R>

00002a48 <.Loc.79>:
    ULTRASOON_R_TRIG_DDR |= (1 << ULTRASOON_R_TRIG_BIT);
    2a48:	e1 e0       	ldi	r30, 0x01	; 1
    2a4a:	f1 e0       	ldi	r31, 0x01	; 1
    2a4c:	80 81       	ld	r24, Z

00002a4e <.Loc.80>:
    2a4e:	80 61       	ori	r24, 0x10	; 16
    2a50:	80 83       	st	Z, r24

00002a52 <.Loc.81>:
    ULTRASOON_R_ECHO_DDR &= ~(1 << ULTRASOON_R_ECHO_BIT);
    2a52:	ea e0       	ldi	r30, 0x0A	; 10
    2a54:	f1 e0       	ldi	r31, 0x01	; 1
    2a56:	80 81       	ld	r24, Z
    2a58:	8e 7f       	andi	r24, 0xFE	; 254
    2a5a:	80 83       	st	Z, r24

00002a5c <.Loc.83>:
    TCCR4A |= (1 << WGM40) | (1 << WGM41);
    2a5c:	e0 ea       	ldi	r30, 0xA0	; 160
    2a5e:	f0 e0       	ldi	r31, 0x00	; 0
    2a60:	80 81       	ld	r24, Z

00002a62 <.Loc.84>:
    2a62:	83 60       	ori	r24, 0x03	; 3
    2a64:	80 83       	st	Z, r24

00002a66 <.Loc.85>:
    TCCR4B |= (1 << WGM42) | (0 << WGM43);
    2a66:	88 81       	ld	r24, Y

00002a68 <.Loc.86>:
    2a68:	88 60       	ori	r24, 0x08	; 8
    2a6a:	88 83       	st	Y, r24

00002a6c <.Loc.87>:
    TCCR4A |= (1 << COM4B1);
    2a6c:	80 81       	ld	r24, Z

00002a6e <.Loc.88>:
    2a6e:	80 62       	ori	r24, 0x20	; 32
    2a70:	80 83       	st	Z, r24

00002a72 <.Loc.89>:
    TCCR4B |= (1 << CS40) | (1 << CS41);
    2a72:	88 81       	ld	r24, Y

00002a74 <.Loc.90>:
    2a74:	83 60       	ori	r24, 0x03	; 3
    2a76:	88 83       	st	Y, r24

00002a78 <.Loc.91>:
    OCR4A = 0;
    2a78:	10 92 a9 00 	sts	0x00A9, r1	; 0x8000a9 <__TEXT_REGION_LENGTH__+0x7000a9>
    2a7c:	10 92 a8 00 	sts	0x00A8, r1	; 0x8000a8 <__TEXT_REGION_LENGTH__+0x7000a8>

00002a80 <.Loc.93>:
    OCR4B = 0;
    2a80:	10 92 ab 00 	sts	0x00AB, r1	; 0x8000ab <__TEXT_REGION_LENGTH__+0x7000ab>
    2a84:	10 92 aa 00 	sts	0x00AA, r1	; 0x8000aa <__TEXT_REGION_LENGTH__+0x7000aa>

00002a88 <.Loc.95>:
    OCR4C = 0;
    2a88:	10 92 ad 00 	sts	0x00AD, r1	; 0x8000ad <__TEXT_REGION_LENGTH__+0x7000ad>
    2a8c:	10 92 ac 00 	sts	0x00AC, r1	; 0x8000ac <__TEXT_REGION_LENGTH__+0x7000ac>

00002a90 <.Loc.97>:
    ultrasoon_switchSensor(e_ultrasooonVoor);
    2a90:	81 e0       	ldi	r24, 0x01	; 1
    2a92:	90 e0       	ldi	r25, 0x00	; 0
    2a94:	0e 94 98 14 	call	0x2930	; 0x2930 <ultrasoon_switchSensor>

00002a98 <.LVL3>:
    TCCR4B &= ~(1 << ICES4);
    2a98:	88 81       	ld	r24, Y
    2a9a:	8f 7b       	andi	r24, 0xBF	; 191
    2a9c:	88 83       	st	Y, r24

00002a9e <.Loc.100>:
    TIMSK4 |= (1 << ICIE4);
    2a9e:	e2 e7       	ldi	r30, 0x72	; 114
    2aa0:	f0 e0       	ldi	r31, 0x00	; 0
    2aa2:	80 81       	ld	r24, Z

00002aa4 <.Loc.101>:
    2aa4:	80 62       	ori	r24, 0x20	; 32
    2aa6:	80 83       	st	Z, r24

00002aa8 <.Loc.102>:
}
    2aa8:	df 91       	pop	r29
    2aaa:	cf 91       	pop	r28
    2aac:	08 95       	ret

00002aae <ultrasoon_setup>:
    ultrasoon_setup_L();
    2aae:	0e 94 d9 14 	call	0x29b2	; 0x29b2 <ultrasoon_setup_L>

00002ab2 <.LVL4>:
    ultrasoon_setup_R();
    2ab2:	0e 94 17 15 	call	0x2a2e	; 0x2a2e <ultrasoon_setup_R>

00002ab6 <.LVL5>:
    sei();  // Schakel interrupts in
    2ab6:	78 94       	sei

00002ab8 <.Loc.107>:
}
    2ab8:	08 95       	ret

00002aba <ultrasoon_getDistance_L>:


float ultrasoon_getDistance_L() {
    2aba:	cf 93       	push	r28
    2abc:	df 93       	push	r29
    2abe:	00 d0       	rcall	.+0      	; 0x2ac0 <L0^A>

00002ac0 <L0^A>:
    2ac0:	0f 92       	push	r0
    2ac2:	cd b7       	in	r28, 0x3d	; 61
    2ac4:	de b7       	in	r29, 0x3e	; 62

00002ac6 <.Loc.109>:
    static float afstand_in_cm = 0;

    if(nieuwe_meting_L){//alleen berekenen als de meetwaarde veranderd is
    2ac6:	80 91 9d 02 	lds	r24, 0x029D	; 0x80029d <nieuwe_meting_L>

00002aca <.Loc.112>:
    2aca:	88 23       	and	r24, r24
    2acc:	09 f4       	brne	.+2      	; 0x2ad0 <.LBB2>

00002ace <L0^A>:
    2ace:	56 c0       	rjmp	.+172    	; 0x2b7c <.L11>

00002ad0 <.LBB2>:
        nieuwe_meting_L = 0;
    2ad0:	10 92 9d 02 	sts	0x029D, r1	; 0x80029d <nieuwe_meting_L>

00002ad4 <.Loc.115>:
        unsigned long icrVal = ICR5;  // Use long to prevent overflow
    2ad4:	20 91 26 01 	lds	r18, 0x0126	; 0x800126 <__TEXT_REGION_LENGTH__+0x700126>
    2ad8:	30 91 27 01 	lds	r19, 0x0127	; 0x800127 <__TEXT_REGION_LENGTH__+0x700127>

00002adc <.Loc.117>:
    2adc:	c9 01       	movw	r24, r18
    2ade:	a0 e0       	ldi	r26, 0x00	; 0
    2ae0:	b0 e0       	ldi	r27, 0x00	; 0

00002ae2 <.Loc.118>:
        if(icrVal>550){
    2ae2:	27 32       	cpi	r18, 0x27	; 39
    2ae4:	32 40       	sbci	r19, 0x02	; 2
    2ae6:	70 f1       	brcs	.+92     	; 0x2b44 <.L12>

00002ae8 <.LBB3>:
            unsigned long pulseTime_us = (((icrVal - 550) * PRESCALAR) / 16);
    2ae8:	86 52       	subi	r24, 0x26	; 38
    2aea:	92 40       	sbci	r25, 0x02	; 2
    2aec:	a1 09       	sbc	r26, r1
    2aee:	b1 09       	sbc	r27, r1

00002af0 <.Loc.123>:
    2af0:	88 0f       	add	r24, r24
    2af2:	99 1f       	adc	r25, r25
    2af4:	aa 1f       	adc	r26, r26
    2af6:	bb 1f       	adc	r27, r27
    2af8:	88 0f       	add	r24, r24
    2afa:	99 1f       	adc	r25, r25
    2afc:	aa 1f       	adc	r26, r26
    2afe:	bb 1f       	adc	r27, r27

00002b00 <.Loc.124>:
    2b00:	9c 01       	movw	r18, r24
    2b02:	ad 01       	movw	r20, r26
    2b04:	2c 7f       	andi	r18, 0xFC	; 252
    2b06:	5f 70       	andi	r21, 0x0F	; 15
    2b08:	29 83       	std	Y+1, r18	; 0x01
    2b0a:	3a 83       	std	Y+2, r19	; 0x02
    2b0c:	4b 83       	std	Y+3, r20	; 0x03
    2b0e:	5c 83       	std	Y+4, r21	; 0x04

00002b10 <.Loc.125>:
            afstand_in_cm = pulseTime_us / 58.0;
    2b10:	ca 01       	movw	r24, r20
    2b12:	b9 01       	movw	r22, r18
    2b14:	0e 94 7a 17 	call	0x2ef4	; 0x2ef4 <__floatunsisf>

00002b18 <.LVL10>:
    2b18:	20 e0       	ldi	r18, 0x00	; 0
    2b1a:	30 e0       	ldi	r19, 0x00	; 0
    2b1c:	48 e6       	ldi	r20, 0x68	; 104
    2b1e:	52 e4       	ldi	r21, 0x42	; 66
    2b20:	69 83       	std	Y+1, r22	; 0x01
    2b22:	7a 83       	std	Y+2, r23	; 0x02
    2b24:	8b 83       	std	Y+3, r24	; 0x03
    2b26:	9c 83       	std	Y+4, r25	; 0x04
    2b28:	69 81       	ldd	r22, Y+1	; 0x01
    2b2a:	7a 81       	ldd	r23, Y+2	; 0x02
    2b2c:	8b 81       	ldd	r24, Y+3	; 0x03
    2b2e:	9c 81       	ldd	r25, Y+4	; 0x04
    2b30:	0e 94 d2 16 	call	0x2da4	; 0x2da4 <__divsf3>

00002b34 <.LVL11>:
    2b34:	60 93 a2 02 	sts	0x02A2, r22	; 0x8002a2 <afstand_in_cm.1>
    2b38:	70 93 a3 02 	sts	0x02A3, r23	; 0x8002a3 <afstand_in_cm.1+0x1>
    2b3c:	80 93 a4 02 	sts	0x02A4, r24	; 0x8002a4 <afstand_in_cm.1+0x2>
    2b40:	90 93 a5 02 	sts	0x02A5, r25	; 0x8002a5 <afstand_in_cm.1+0x3>

00002b44 <.L12>:
        }

        if (afstand_in_cm > ULTRASOON_MAXDISTANCE) {  // Fix stability issue at long distances
    2b44:	20 e0       	ldi	r18, 0x00	; 0
    2b46:	30 e0       	ldi	r19, 0x00	; 0
    2b48:	40 ef       	ldi	r20, 0xF0	; 240
    2b4a:	51 e4       	ldi	r21, 0x41	; 65
    2b4c:	60 91 a2 02 	lds	r22, 0x02A2	; 0x8002a2 <afstand_in_cm.1>
    2b50:	70 91 a3 02 	lds	r23, 0x02A3	; 0x8002a3 <afstand_in_cm.1+0x1>
    2b54:	80 91 a4 02 	lds	r24, 0x02A4	; 0x8002a4 <afstand_in_cm.1+0x2>
    2b58:	90 91 a5 02 	lds	r25, 0x02A5	; 0x8002a5 <afstand_in_cm.1+0x3>
    2b5c:	0e 94 2c 18 	call	0x3058	; 0x3058 <__gesf2>

00002b60 <.LVL13>:
    2b60:	18 16       	cp	r1, r24
    2b62:	64 f4       	brge	.+24     	; 0x2b7c <.L11>

00002b64 <.Loc.129>:
            afstand_in_cm = ULTRASOON_MAXDISTANCE;
    2b64:	80 e0       	ldi	r24, 0x00	; 0
    2b66:	90 e0       	ldi	r25, 0x00	; 0
    2b68:	a0 ef       	ldi	r26, 0xF0	; 240
    2b6a:	b1 e4       	ldi	r27, 0x41	; 65
    2b6c:	80 93 a2 02 	sts	0x02A2, r24	; 0x8002a2 <afstand_in_cm.1>
    2b70:	90 93 a3 02 	sts	0x02A3, r25	; 0x8002a3 <afstand_in_cm.1+0x1>
    2b74:	a0 93 a4 02 	sts	0x02A4, r26	; 0x8002a4 <afstand_in_cm.1+0x2>
    2b78:	b0 93 a5 02 	sts	0x02A5, r27	; 0x8002a5 <afstand_in_cm.1+0x3>

00002b7c <.L11>:
        }
    }

    return afstand_in_cm;
    2b7c:	80 91 a2 02 	lds	r24, 0x02A2	; 0x8002a2 <afstand_in_cm.1>
    2b80:	90 91 a3 02 	lds	r25, 0x02A3	; 0x8002a3 <afstand_in_cm.1+0x1>
    2b84:	a0 91 a4 02 	lds	r26, 0x02A4	; 0x8002a4 <afstand_in_cm.1+0x2>
    2b88:	b0 91 a5 02 	lds	r27, 0x02A5	; 0x8002a5 <afstand_in_cm.1+0x3>
    2b8c:	89 83       	std	Y+1, r24	; 0x01
    2b8e:	9a 83       	std	Y+2, r25	; 0x02
    2b90:	ab 83       	std	Y+3, r26	; 0x03
    2b92:	bc 83       	std	Y+4, r27	; 0x04

00002b94 <.Loc.134>:
}
    2b94:	bc 01       	movw	r22, r24
    2b96:	cd 01       	movw	r24, r26
    2b98:	0f 90       	pop	r0
    2b9a:	0f 90       	pop	r0
    2b9c:	0f 90       	pop	r0
    2b9e:	0f 90       	pop	r0
    2ba0:	df 91       	pop	r29
    2ba2:	cf 91       	pop	r28
    2ba4:	08 95       	ret

00002ba6 <ultrasoon_getDistance_R>:




float ultrasoon_getDistance_R() {
    2ba6:	cf 93       	push	r28
    2ba8:	df 93       	push	r29
    2baa:	00 d0       	rcall	.+0      	; 0x2bac <L0^A>

00002bac <L0^A>:
    2bac:	0f 92       	push	r0
    2bae:	cd b7       	in	r28, 0x3d	; 61
    2bb0:	de b7       	in	r29, 0x3e	; 62

00002bb2 <.Loc.136>:
    static float afstand_in_cm = 0;

    if(nieuwe_meting_R){//alleen berekenen als de meetwaarde veranderd is
    2bb2:	80 91 9c 02 	lds	r24, 0x029C	; 0x80029c <nieuwe_meting_R>

00002bb6 <.Loc.139>:
    2bb6:	88 23       	and	r24, r24
    2bb8:	09 f4       	brne	.+2      	; 0x2bbc <.LBB4>

00002bba <L0^A>:
    2bba:	56 c0       	rjmp	.+172    	; 0x2c68 <.L16>

00002bbc <.LBB4>:
        nieuwe_meting_R = 0;
    2bbc:	10 92 9c 02 	sts	0x029C, r1	; 0x80029c <nieuwe_meting_R>

00002bc0 <.Loc.142>:
        unsigned long icrVal = ICR4;  // Use long to prevent overflow
    2bc0:	20 91 a6 00 	lds	r18, 0x00A6	; 0x8000a6 <__TEXT_REGION_LENGTH__+0x7000a6>
    2bc4:	30 91 a7 00 	lds	r19, 0x00A7	; 0x8000a7 <__TEXT_REGION_LENGTH__+0x7000a7>

00002bc8 <.Loc.144>:
    2bc8:	c9 01       	movw	r24, r18
    2bca:	a0 e0       	ldi	r26, 0x00	; 0
    2bcc:	b0 e0       	ldi	r27, 0x00	; 0

00002bce <.Loc.145>:
        if(icrVal>550){
    2bce:	27 32       	cpi	r18, 0x27	; 39
    2bd0:	32 40       	sbci	r19, 0x02	; 2
    2bd2:	70 f1       	brcs	.+92     	; 0x2c30 <.L17>

00002bd4 <.LBB5>:
            unsigned long pulseTime_us = (((icrVal - 550) * PRESCALAR) / 16);
    2bd4:	86 52       	subi	r24, 0x26	; 38
    2bd6:	92 40       	sbci	r25, 0x02	; 2
    2bd8:	a1 09       	sbc	r26, r1
    2bda:	b1 09       	sbc	r27, r1

00002bdc <.Loc.150>:
    2bdc:	88 0f       	add	r24, r24
    2bde:	99 1f       	adc	r25, r25
    2be0:	aa 1f       	adc	r26, r26
    2be2:	bb 1f       	adc	r27, r27
    2be4:	88 0f       	add	r24, r24
    2be6:	99 1f       	adc	r25, r25
    2be8:	aa 1f       	adc	r26, r26
    2bea:	bb 1f       	adc	r27, r27

00002bec <.Loc.151>:
    2bec:	9c 01       	movw	r18, r24
    2bee:	ad 01       	movw	r20, r26
    2bf0:	2c 7f       	andi	r18, 0xFC	; 252
    2bf2:	5f 70       	andi	r21, 0x0F	; 15
    2bf4:	29 83       	std	Y+1, r18	; 0x01
    2bf6:	3a 83       	std	Y+2, r19	; 0x02
    2bf8:	4b 83       	std	Y+3, r20	; 0x03
    2bfa:	5c 83       	std	Y+4, r21	; 0x04

00002bfc <.Loc.152>:
            afstand_in_cm = pulseTime_us / 58.0;
    2bfc:	ca 01       	movw	r24, r20
    2bfe:	b9 01       	movw	r22, r18
    2c00:	0e 94 7a 17 	call	0x2ef4	; 0x2ef4 <__floatunsisf>

00002c04 <.LVL19>:
    2c04:	20 e0       	ldi	r18, 0x00	; 0
    2c06:	30 e0       	ldi	r19, 0x00	; 0
    2c08:	48 e6       	ldi	r20, 0x68	; 104
    2c0a:	52 e4       	ldi	r21, 0x42	; 66
    2c0c:	69 83       	std	Y+1, r22	; 0x01
    2c0e:	7a 83       	std	Y+2, r23	; 0x02
    2c10:	8b 83       	std	Y+3, r24	; 0x03
    2c12:	9c 83       	std	Y+4, r25	; 0x04
    2c14:	69 81       	ldd	r22, Y+1	; 0x01
    2c16:	7a 81       	ldd	r23, Y+2	; 0x02
    2c18:	8b 81       	ldd	r24, Y+3	; 0x03
    2c1a:	9c 81       	ldd	r25, Y+4	; 0x04
    2c1c:	0e 94 d2 16 	call	0x2da4	; 0x2da4 <__divsf3>

00002c20 <.LVL20>:
    2c20:	60 93 9e 02 	sts	0x029E, r22	; 0x80029e <afstand_in_cm.0>
    2c24:	70 93 9f 02 	sts	0x029F, r23	; 0x80029f <afstand_in_cm.0+0x1>
    2c28:	80 93 a0 02 	sts	0x02A0, r24	; 0x8002a0 <afstand_in_cm.0+0x2>
    2c2c:	90 93 a1 02 	sts	0x02A1, r25	; 0x8002a1 <afstand_in_cm.0+0x3>

00002c30 <.L17>:
        }


        if (afstand_in_cm > ULTRASOON_MAXDISTANCE) {  // Fix stability issue at long distances
    2c30:	20 e0       	ldi	r18, 0x00	; 0
    2c32:	30 e0       	ldi	r19, 0x00	; 0
    2c34:	40 ef       	ldi	r20, 0xF0	; 240
    2c36:	51 e4       	ldi	r21, 0x41	; 65
    2c38:	60 91 9e 02 	lds	r22, 0x029E	; 0x80029e <afstand_in_cm.0>
    2c3c:	70 91 9f 02 	lds	r23, 0x029F	; 0x80029f <afstand_in_cm.0+0x1>
    2c40:	80 91 a0 02 	lds	r24, 0x02A0	; 0x8002a0 <afstand_in_cm.0+0x2>
    2c44:	90 91 a1 02 	lds	r25, 0x02A1	; 0x8002a1 <afstand_in_cm.0+0x3>
    2c48:	0e 94 2c 18 	call	0x3058	; 0x3058 <__gesf2>

00002c4c <.LVL22>:
    2c4c:	18 16       	cp	r1, r24
    2c4e:	64 f4       	brge	.+24     	; 0x2c68 <.L16>

00002c50 <.Loc.156>:
            afstand_in_cm = ULTRASOON_MAXDISTANCE;
    2c50:	80 e0       	ldi	r24, 0x00	; 0
    2c52:	90 e0       	ldi	r25, 0x00	; 0
    2c54:	a0 ef       	ldi	r26, 0xF0	; 240
    2c56:	b1 e4       	ldi	r27, 0x41	; 65
    2c58:	80 93 9e 02 	sts	0x029E, r24	; 0x80029e <afstand_in_cm.0>
    2c5c:	90 93 9f 02 	sts	0x029F, r25	; 0x80029f <afstand_in_cm.0+0x1>
    2c60:	a0 93 a0 02 	sts	0x02A0, r26	; 0x8002a0 <afstand_in_cm.0+0x2>
    2c64:	b0 93 a1 02 	sts	0x02A1, r27	; 0x8002a1 <afstand_in_cm.0+0x3>

00002c68 <.L16>:
        }
    }

    return afstand_in_cm ;
    2c68:	80 91 9e 02 	lds	r24, 0x029E	; 0x80029e <afstand_in_cm.0>
    2c6c:	90 91 9f 02 	lds	r25, 0x029F	; 0x80029f <afstand_in_cm.0+0x1>
    2c70:	a0 91 a0 02 	lds	r26, 0x02A0	; 0x8002a0 <afstand_in_cm.0+0x2>
    2c74:	b0 91 a1 02 	lds	r27, 0x02A1	; 0x8002a1 <afstand_in_cm.0+0x3>
    2c78:	89 83       	std	Y+1, r24	; 0x01
    2c7a:	9a 83       	std	Y+2, r25	; 0x02
    2c7c:	ab 83       	std	Y+3, r26	; 0x03
    2c7e:	bc 83       	std	Y+4, r27	; 0x04

00002c80 <.Loc.161>:
}
    2c80:	bc 01       	movw	r22, r24
    2c82:	cd 01       	movw	r24, r26
    2c84:	0f 90       	pop	r0
    2c86:	0f 90       	pop	r0
    2c88:	0f 90       	pop	r0
    2c8a:	0f 90       	pop	r0
    2c8c:	df 91       	pop	r29
    2c8e:	cf 91       	pop	r28
    2c90:	08 95       	ret

00002c92 <__tablejump2__>:
    2c92:	ee 0f       	add	r30, r30

00002c94 <.Loc.1>:
    2c94:	ff 1f       	adc	r31, r31

00002c96 <.Loc.2>:
    2c96:	88 1f       	adc	r24, r24

00002c98 <.Loc.3>:
    2c98:	8b bf       	out	0x3b, r24	; 59

00002c9a <.Loc.4>:
    2c9a:	07 90       	elpm	r0, Z+

00002c9c <.Loc.5>:
    2c9c:	f6 91       	elpm	r31, Z

00002c9e <.Loc.6>:
    2c9e:	e0 2d       	mov	r30, r0

00002ca0 <.Loc.7>:
    2ca0:	19 94       	eijmp

00002ca2 <__umulhisi3>:
    2ca2:	a2 9f       	mul	r26, r18

00002ca4 <.Loc.1>:
    2ca4:	b0 01       	movw	r22, r0

00002ca6 <.Loc.2>:
    2ca6:	b3 9f       	mul	r27, r19

00002ca8 <.Loc.3>:
    2ca8:	c0 01       	movw	r24, r0

00002caa <.Loc.4>:
    2caa:	a3 9f       	mul	r26, r19

00002cac <.Loc.5>:
    2cac:	70 0d       	add	r23, r0

00002cae <.Loc.6>:
    2cae:	81 1d       	adc	r24, r1

00002cb0 <.Loc.7>:
    2cb0:	11 24       	eor	r1, r1

00002cb2 <.Loc.8>:
    2cb2:	91 1d       	adc	r25, r1

00002cb4 <.Loc.9>:
    2cb4:	b2 9f       	mul	r27, r18

00002cb6 <.Loc.10>:
    2cb6:	70 0d       	add	r23, r0

00002cb8 <.Loc.11>:
    2cb8:	81 1d       	adc	r24, r1

00002cba <.Loc.12>:
    2cba:	11 24       	eor	r1, r1

00002cbc <.Loc.13>:
    2cbc:	91 1d       	adc	r25, r1

00002cbe <.Loc.14>:
    2cbe:	08 95       	ret

00002cc0 <__subsf3>:
    2cc0:	50 58       	subi	r21, 0x80	; 128

00002cc2 <__addsf3>:
    2cc2:	bb 27       	eor	r27, r27
    2cc4:	aa 27       	eor	r26, r26
    2cc6:	0e 94 78 16 	call	0x2cf0	; 0x2cf0 <__addsf3x>
    2cca:	0c 94 f2 17 	jmp	0x2fe4	; 0x2fe4 <__fp_round>

00002cce <.L^B1>:
    2cce:	0e 94 e4 17 	call	0x2fc8	; 0x2fc8 <__fp_pscA>
    2cd2:	38 f0       	brcs	.+14     	; 0x2ce2 <.L_nan>
    2cd4:	0e 94 eb 17 	call	0x2fd6	; 0x2fd6 <__fp_pscB>
    2cd8:	20 f0       	brcs	.+8      	; 0x2ce2 <.L_nan>
    2cda:	39 f4       	brne	.+14     	; 0x2cea <.L_inf>
    2cdc:	9f 3f       	cpi	r25, 0xFF	; 255
    2cde:	19 f4       	brne	.+6      	; 0x2ce6 <.L_infB>
    2ce0:	26 f4       	brtc	.+8      	; 0x2cea <.L_inf>

00002ce2 <.L_nan>:
    2ce2:	0c 94 e1 17 	jmp	0x2fc2	; 0x2fc2 <__fp_nan>

00002ce6 <.L_infB>:
    2ce6:	0e f4       	brtc	.+2      	; 0x2cea <.L_inf>
    2ce8:	e0 95       	com	r30

00002cea <.L_inf>:
    2cea:	e7 fb       	bst	r30, 7
    2cec:	0c 94 db 17 	jmp	0x2fb6	; 0x2fb6 <__fp_inf>

00002cf0 <__addsf3x>:
    2cf0:	e9 2f       	mov	r30, r25
    2cf2:	0e 94 03 18 	call	0x3006	; 0x3006 <__fp_split3>
    2cf6:	58 f3       	brcs	.-42     	; 0x2cce <.L^B1>
    2cf8:	ba 17       	cp	r27, r26
    2cfa:	62 07       	cpc	r22, r18
    2cfc:	73 07       	cpc	r23, r19
    2cfe:	84 07       	cpc	r24, r20
    2d00:	95 07       	cpc	r25, r21
    2d02:	20 f0       	brcs	.+8      	; 0x2d0c <.L2^B1>
    2d04:	79 f4       	brne	.+30     	; 0x2d24 <.L4^B1>
    2d06:	a6 f5       	brtc	.+104    	; 0x2d70 <.L_add>
    2d08:	0c 94 25 18 	jmp	0x304a	; 0x304a <__fp_zero>

00002d0c <.L2^B1>:
    2d0c:	0e f4       	brtc	.+2      	; 0x2d10 <.L3^B1>
    2d0e:	e0 95       	com	r30

00002d10 <.L3^B1>:
    2d10:	0b 2e       	mov	r0, r27
    2d12:	ba 2f       	mov	r27, r26
    2d14:	a0 2d       	mov	r26, r0
    2d16:	0b 01       	movw	r0, r22
    2d18:	b9 01       	movw	r22, r18
    2d1a:	90 01       	movw	r18, r0
    2d1c:	0c 01       	movw	r0, r24
    2d1e:	ca 01       	movw	r24, r20
    2d20:	a0 01       	movw	r20, r0
    2d22:	11 24       	eor	r1, r1

00002d24 <.L4^B1>:
    2d24:	ff 27       	eor	r31, r31
    2d26:	59 1b       	sub	r21, r25

00002d28 <.L5^B1>:
    2d28:	99 f0       	breq	.+38     	; 0x2d50 <.L7^B1>
    2d2a:	59 3f       	cpi	r21, 0xF9	; 249
    2d2c:	50 f4       	brcc	.+20     	; 0x2d42 <.L6^B1>
    2d2e:	50 3e       	cpi	r21, 0xE0	; 224
    2d30:	68 f1       	brcs	.+90     	; 0x2d8c <.L_ret>
    2d32:	1a 16       	cp	r1, r26
    2d34:	f0 40       	sbci	r31, 0x00	; 0
    2d36:	a2 2f       	mov	r26, r18
    2d38:	23 2f       	mov	r18, r19
    2d3a:	34 2f       	mov	r19, r20
    2d3c:	44 27       	eor	r20, r20
    2d3e:	58 5f       	subi	r21, 0xF8	; 248
    2d40:	f3 cf       	rjmp	.-26     	; 0x2d28 <.L5^B1>

00002d42 <.L6^B1>:
    2d42:	46 95       	lsr	r20
    2d44:	37 95       	ror	r19
    2d46:	27 95       	ror	r18
    2d48:	a7 95       	ror	r26
    2d4a:	f0 40       	sbci	r31, 0x00	; 0
    2d4c:	53 95       	inc	r21
    2d4e:	c9 f7       	brne	.-14     	; 0x2d42 <.L6^B1>

00002d50 <.L7^B1>:
    2d50:	7e f4       	brtc	.+30     	; 0x2d70 <.L_add>
    2d52:	1f 16       	cp	r1, r31
    2d54:	ba 0b       	sbc	r27, r26
    2d56:	62 0b       	sbc	r22, r18
    2d58:	73 0b       	sbc	r23, r19
    2d5a:	84 0b       	sbc	r24, r20
    2d5c:	ba f0       	brmi	.+46     	; 0x2d8c <.L_ret>

00002d5e <.L8^B1>:
    2d5e:	91 50       	subi	r25, 0x01	; 1
    2d60:	a1 f0       	breq	.+40     	; 0x2d8a <.L9^B1>
    2d62:	ff 0f       	add	r31, r31
    2d64:	bb 1f       	adc	r27, r27
    2d66:	66 1f       	adc	r22, r22
    2d68:	77 1f       	adc	r23, r23
    2d6a:	88 1f       	adc	r24, r24
    2d6c:	c2 f7       	brpl	.-16     	; 0x2d5e <.L8^B1>
    2d6e:	0e c0       	rjmp	.+28     	; 0x2d8c <.L_ret>

00002d70 <.L_add>:
    2d70:	ba 0f       	add	r27, r26
    2d72:	62 1f       	adc	r22, r18
    2d74:	73 1f       	adc	r23, r19
    2d76:	84 1f       	adc	r24, r20
    2d78:	48 f4       	brcc	.+18     	; 0x2d8c <.L_ret>
    2d7a:	87 95       	ror	r24
    2d7c:	77 95       	ror	r23
    2d7e:	67 95       	ror	r22
    2d80:	b7 95       	ror	r27
    2d82:	f7 95       	ror	r31
    2d84:	9e 3f       	cpi	r25, 0xFE	; 254
    2d86:	08 f0       	brcs	.+2      	; 0x2d8a <.L9^B1>
    2d88:	b0 cf       	rjmp	.-160    	; 0x2cea <.L_inf>

00002d8a <.L9^B1>:
    2d8a:	93 95       	inc	r25

00002d8c <.L_ret>:
    2d8c:	88 0f       	add	r24, r24
    2d8e:	08 f0       	brcs	.+2      	; 0x2d92 <.L1^B1>
    2d90:	99 27       	eor	r25, r25

00002d92 <.L1^B1>:
    2d92:	ee 0f       	add	r30, r30
    2d94:	97 95       	ror	r25
    2d96:	87 95       	ror	r24
    2d98:	08 95       	ret

00002d9a <__cmpsf2>:
    2d9a:	0e 94 b7 17 	call	0x2f6e	; 0x2f6e <__fp_cmp>
    2d9e:	08 f4       	brcc	.+2      	; 0x2da2 <.L1^B1>
    2da0:	81 e0       	ldi	r24, 0x01	; 1

00002da2 <.L1^B1>:
    2da2:	08 95       	ret

00002da4 <__divsf3>:
    2da4:	0e 94 e6 16 	call	0x2dcc	; 0x2dcc <__divsf3x>
    2da8:	0c 94 f2 17 	jmp	0x2fe4	; 0x2fe4 <__fp_round>

00002dac <.L^B1>:
    2dac:	0e 94 eb 17 	call	0x2fd6	; 0x2fd6 <__fp_pscB>
    2db0:	58 f0       	brcs	.+22     	; 0x2dc8 <.L_nan>
    2db2:	0e 94 e4 17 	call	0x2fc8	; 0x2fc8 <__fp_pscA>
    2db6:	40 f0       	brcs	.+16     	; 0x2dc8 <.L_nan>
    2db8:	29 f4       	brne	.+10     	; 0x2dc4 <.L_zr>
    2dba:	5f 3f       	cpi	r21, 0xFF	; 255
    2dbc:	29 f0       	breq	.+10     	; 0x2dc8 <.L_nan>

00002dbe <.L_inf>:
    2dbe:	0c 94 db 17 	jmp	0x2fb6	; 0x2fb6 <__fp_inf>

00002dc2 <.L1^B1>:
    2dc2:	51 11       	cpse	r21, r1

00002dc4 <.L_zr>:
    2dc4:	0c 94 26 18 	jmp	0x304c	; 0x304c <__fp_szero>

00002dc8 <.L_nan>:
    2dc8:	0c 94 e1 17 	jmp	0x2fc2	; 0x2fc2 <__fp_nan>

00002dcc <__divsf3x>:
    2dcc:	0e 94 03 18 	call	0x3006	; 0x3006 <__fp_split3>
    2dd0:	68 f3       	brcs	.-38     	; 0x2dac <.L^B1>

00002dd2 <__divsf3_pse>:
    2dd2:	99 23       	and	r25, r25
    2dd4:	b1 f3       	breq	.-20     	; 0x2dc2 <.L1^B1>
    2dd6:	55 23       	and	r21, r21
    2dd8:	91 f3       	breq	.-28     	; 0x2dbe <.L_inf>
    2dda:	95 1b       	sub	r25, r21
    2ddc:	55 0b       	sbc	r21, r21
    2dde:	bb 27       	eor	r27, r27
    2de0:	aa 27       	eor	r26, r26

00002de2 <.L2^B1>:
    2de2:	62 17       	cp	r22, r18
    2de4:	73 07       	cpc	r23, r19
    2de6:	84 07       	cpc	r24, r20
    2de8:	38 f0       	brcs	.+14     	; 0x2df8 <.L3^B1>
    2dea:	9f 5f       	subi	r25, 0xFF	; 255
    2dec:	5f 4f       	sbci	r21, 0xFF	; 255
    2dee:	22 0f       	add	r18, r18
    2df0:	33 1f       	adc	r19, r19
    2df2:	44 1f       	adc	r20, r20
    2df4:	aa 1f       	adc	r26, r26
    2df6:	a9 f3       	breq	.-22     	; 0x2de2 <.L2^B1>

00002df8 <.L3^B1>:
    2df8:	35 d0       	rcall	.+106    	; 0x2e64 <.L_div>
    2dfa:	0e 2e       	mov	r0, r30
    2dfc:	3a f0       	brmi	.+14     	; 0x2e0c <.L5^B1>

00002dfe <.L4^B1>:
    2dfe:	e0 e8       	ldi	r30, 0x80	; 128
    2e00:	32 d0       	rcall	.+100    	; 0x2e66 <.L_div1>
    2e02:	91 50       	subi	r25, 0x01	; 1
    2e04:	50 40       	sbci	r21, 0x00	; 0
    2e06:	e6 95       	lsr	r30
    2e08:	00 1c       	adc	r0, r0
    2e0a:	ca f7       	brpl	.-14     	; 0x2dfe <.L4^B1>

00002e0c <.L5^B1>:
    2e0c:	2b d0       	rcall	.+86     	; 0x2e64 <.L_div>
    2e0e:	fe 2f       	mov	r31, r30
    2e10:	29 d0       	rcall	.+82     	; 0x2e64 <.L_div>
    2e12:	66 0f       	add	r22, r22
    2e14:	77 1f       	adc	r23, r23
    2e16:	88 1f       	adc	r24, r24
    2e18:	bb 1f       	adc	r27, r27
    2e1a:	26 17       	cp	r18, r22
    2e1c:	37 07       	cpc	r19, r23
    2e1e:	48 07       	cpc	r20, r24
    2e20:	ab 07       	cpc	r26, r27
    2e22:	b0 e8       	ldi	r27, 0x80	; 128
    2e24:	09 f0       	breq	.+2      	; 0x2e28 <.L4^B2>
    2e26:	bb 0b       	sbc	r27, r27

00002e28 <.L4^B2>:
    2e28:	80 2d       	mov	r24, r0
    2e2a:	bf 01       	movw	r22, r30
    2e2c:	ff 27       	eor	r31, r31
    2e2e:	93 58       	subi	r25, 0x83	; 131
    2e30:	5f 4f       	sbci	r21, 0xFF	; 255
    2e32:	3a f0       	brmi	.+14     	; 0x2e42 <.L13^B1>
    2e34:	9e 3f       	cpi	r25, 0xFE	; 254
    2e36:	51 05       	cpc	r21, r1
    2e38:	78 f0       	brcs	.+30     	; 0x2e58 <.L15^B1>
    2e3a:	0c 94 db 17 	jmp	0x2fb6	; 0x2fb6 <__fp_inf>

00002e3e <.L12^B1>:
    2e3e:	0c 94 26 18 	jmp	0x304c	; 0x304c <__fp_szero>

00002e42 <.L13^B1>:
    2e42:	5f 3f       	cpi	r21, 0xFF	; 255
    2e44:	e4 f3       	brlt	.-8      	; 0x2e3e <.L12^B1>
    2e46:	98 3e       	cpi	r25, 0xE8	; 232
    2e48:	d4 f3       	brlt	.-12     	; 0x2e3e <.L12^B1>

00002e4a <.L14^B1>:
    2e4a:	86 95       	lsr	r24
    2e4c:	77 95       	ror	r23
    2e4e:	67 95       	ror	r22
    2e50:	b7 95       	ror	r27
    2e52:	f7 95       	ror	r31
    2e54:	9f 5f       	subi	r25, 0xFF	; 255
    2e56:	c9 f7       	brne	.-14     	; 0x2e4a <.L14^B1>

00002e58 <.L15^B1>:
    2e58:	88 0f       	add	r24, r24
    2e5a:	91 1d       	adc	r25, r1
    2e5c:	96 95       	lsr	r25
    2e5e:	87 95       	ror	r24
    2e60:	97 f9       	bld	r25, 7
    2e62:	08 95       	ret

00002e64 <.L_div>:
    2e64:	e1 e0       	ldi	r30, 0x01	; 1

00002e66 <.L_div1>:
    2e66:	66 0f       	add	r22, r22
    2e68:	77 1f       	adc	r23, r23
    2e6a:	88 1f       	adc	r24, r24
    2e6c:	bb 1f       	adc	r27, r27
    2e6e:	62 17       	cp	r22, r18
    2e70:	73 07       	cpc	r23, r19
    2e72:	84 07       	cpc	r24, r20
    2e74:	ba 07       	cpc	r27, r26
    2e76:	20 f0       	brcs	.+8      	; 0x2e80 <.L2^B2>
    2e78:	62 1b       	sub	r22, r18
    2e7a:	73 0b       	sbc	r23, r19
    2e7c:	84 0b       	sbc	r24, r20
    2e7e:	ba 0b       	sbc	r27, r26

00002e80 <.L2^B2>:
    2e80:	ee 1f       	adc	r30, r30
    2e82:	88 f7       	brcc	.-30     	; 0x2e66 <.L_div1>
    2e84:	e0 95       	com	r30
    2e86:	08 95       	ret

00002e88 <__fixsfsi>:
    2e88:	0e 94 4b 17 	call	0x2e96	; 0x2e96 <__fixunssfsi>
    2e8c:	68 94       	set
    2e8e:	b1 11       	cpse	r27, r1
    2e90:	0c 94 26 18 	jmp	0x304c	; 0x304c <__fp_szero>
    2e94:	08 95       	ret

00002e96 <__fixunssfsi>:
    2e96:	0e 94 0b 18 	call	0x3016	; 0x3016 <__fp_splitA>
    2e9a:	88 f0       	brcs	.+34     	; 0x2ebe <.L_err>
    2e9c:	9f 57       	subi	r25, 0x7F	; 127
    2e9e:	98 f0       	brcs	.+38     	; 0x2ec6 <.L_zr>
    2ea0:	b9 2f       	mov	r27, r25
    2ea2:	99 27       	eor	r25, r25
    2ea4:	b7 51       	subi	r27, 0x17	; 23
    2ea6:	b0 f0       	brcs	.+44     	; 0x2ed4 <.L4^B1>
    2ea8:	e1 f0       	breq	.+56     	; 0x2ee2 <.L_sign>

00002eaa <.L1^B1>:
    2eaa:	66 0f       	add	r22, r22
    2eac:	77 1f       	adc	r23, r23
    2eae:	88 1f       	adc	r24, r24
    2eb0:	99 1f       	adc	r25, r25
    2eb2:	1a f0       	brmi	.+6      	; 0x2eba <.L2^B1>
    2eb4:	ba 95       	dec	r27
    2eb6:	c9 f7       	brne	.-14     	; 0x2eaa <.L1^B1>
    2eb8:	14 c0       	rjmp	.+40     	; 0x2ee2 <.L_sign>

00002eba <.L2^B1>:
    2eba:	b1 30       	cpi	r27, 0x01	; 1
    2ebc:	91 f0       	breq	.+36     	; 0x2ee2 <.L_sign>

00002ebe <.L_err>:
    2ebe:	0e 94 25 18 	call	0x304a	; 0x304a <__fp_zero>
    2ec2:	b1 e0       	ldi	r27, 0x01	; 1
    2ec4:	08 95       	ret

00002ec6 <.L_zr>:
    2ec6:	0c 94 25 18 	jmp	0x304a	; 0x304a <__fp_zero>

00002eca <.L3^B1>:
    2eca:	67 2f       	mov	r22, r23
    2ecc:	78 2f       	mov	r23, r24
    2ece:	88 27       	eor	r24, r24
    2ed0:	b8 5f       	subi	r27, 0xF8	; 248
    2ed2:	39 f0       	breq	.+14     	; 0x2ee2 <.L_sign>

00002ed4 <.L4^B1>:
    2ed4:	b9 3f       	cpi	r27, 0xF9	; 249
    2ed6:	cc f3       	brlt	.-14     	; 0x2eca <.L3^B1>

00002ed8 <.L5^B1>:
    2ed8:	86 95       	lsr	r24
    2eda:	77 95       	ror	r23
    2edc:	67 95       	ror	r22
    2ede:	b3 95       	inc	r27
    2ee0:	d9 f7       	brne	.-10     	; 0x2ed8 <.L5^B1>

00002ee2 <.L_sign>:
    2ee2:	3e f4       	brtc	.+14     	; 0x2ef2 <.L6^B1>
    2ee4:	90 95       	com	r25
    2ee6:	80 95       	com	r24
    2ee8:	70 95       	com	r23
    2eea:	61 95       	neg	r22
    2eec:	7f 4f       	sbci	r23, 0xFF	; 255
    2eee:	8f 4f       	sbci	r24, 0xFF	; 255
    2ef0:	9f 4f       	sbci	r25, 0xFF	; 255

00002ef2 <.L6^B1>:
    2ef2:	08 95       	ret

00002ef4 <__floatunsisf>:
    2ef4:	e8 94       	clt
    2ef6:	09 c0       	rjmp	.+18     	; 0x2f0a <.L1^B1>

00002ef8 <__floatsisf>:
    2ef8:	97 fb       	bst	r25, 7
    2efa:	3e f4       	brtc	.+14     	; 0x2f0a <.L1^B1>
    2efc:	90 95       	com	r25
    2efe:	80 95       	com	r24
    2f00:	70 95       	com	r23
    2f02:	61 95       	neg	r22
    2f04:	7f 4f       	sbci	r23, 0xFF	; 255
    2f06:	8f 4f       	sbci	r24, 0xFF	; 255
    2f08:	9f 4f       	sbci	r25, 0xFF	; 255

00002f0a <.L1^B1>:
    2f0a:	99 23       	and	r25, r25
    2f0c:	a9 f0       	breq	.+42     	; 0x2f38 <.L4^B1>
    2f0e:	f9 2f       	mov	r31, r25
    2f10:	96 e9       	ldi	r25, 0x96	; 150
    2f12:	bb 27       	eor	r27, r27

00002f14 <.L2^B1>:
    2f14:	93 95       	inc	r25
    2f16:	f6 95       	lsr	r31
    2f18:	87 95       	ror	r24
    2f1a:	77 95       	ror	r23
    2f1c:	67 95       	ror	r22
    2f1e:	b7 95       	ror	r27
    2f20:	f1 11       	cpse	r31, r1
    2f22:	f8 cf       	rjmp	.-16     	; 0x2f14 <.L2^B1>
    2f24:	fa f4       	brpl	.+62     	; 0x2f64 <.L_pack>
    2f26:	bb 0f       	add	r27, r27
    2f28:	11 f4       	brne	.+4      	; 0x2f2e <.L3^B1>
    2f2a:	60 ff       	sbrs	r22, 0
    2f2c:	1b c0       	rjmp	.+54     	; 0x2f64 <.L_pack>

00002f2e <.L3^B1>:
    2f2e:	6f 5f       	subi	r22, 0xFF	; 255
    2f30:	7f 4f       	sbci	r23, 0xFF	; 255
    2f32:	8f 4f       	sbci	r24, 0xFF	; 255
    2f34:	9f 4f       	sbci	r25, 0xFF	; 255
    2f36:	16 c0       	rjmp	.+44     	; 0x2f64 <.L_pack>

00002f38 <.L4^B1>:
    2f38:	88 23       	and	r24, r24
    2f3a:	11 f0       	breq	.+4      	; 0x2f40 <.L5^B1>
    2f3c:	96 e9       	ldi	r25, 0x96	; 150
    2f3e:	11 c0       	rjmp	.+34     	; 0x2f62 <.L8^B1>

00002f40 <.L5^B1>:
    2f40:	77 23       	and	r23, r23
    2f42:	21 f0       	breq	.+8      	; 0x2f4c <.L6^B1>
    2f44:	9e e8       	ldi	r25, 0x8E	; 142
    2f46:	87 2f       	mov	r24, r23
    2f48:	76 2f       	mov	r23, r22
    2f4a:	05 c0       	rjmp	.+10     	; 0x2f56 <.L7^B1>

00002f4c <.L6^B1>:
    2f4c:	66 23       	and	r22, r22
    2f4e:	71 f0       	breq	.+28     	; 0x2f6c <.L9^B1>
    2f50:	96 e8       	ldi	r25, 0x86	; 134
    2f52:	86 2f       	mov	r24, r22
    2f54:	70 e0       	ldi	r23, 0x00	; 0

00002f56 <.L7^B1>:
    2f56:	60 e0       	ldi	r22, 0x00	; 0
    2f58:	2a f0       	brmi	.+10     	; 0x2f64 <.L_pack>

00002f5a <.L10^B1>:
    2f5a:	9a 95       	dec	r25
    2f5c:	66 0f       	add	r22, r22
    2f5e:	77 1f       	adc	r23, r23
    2f60:	88 1f       	adc	r24, r24

00002f62 <.L8^B1>:
    2f62:	da f7       	brpl	.-10     	; 0x2f5a <.L10^B1>

00002f64 <.L_pack>:
    2f64:	88 0f       	add	r24, r24
    2f66:	96 95       	lsr	r25
    2f68:	87 95       	ror	r24
    2f6a:	97 f9       	bld	r25, 7

00002f6c <.L9^B1>:
    2f6c:	08 95       	ret

00002f6e <__fp_cmp>:
    2f6e:	99 0f       	add	r25, r25
    2f70:	00 08       	sbc	r0, r0
    2f72:	55 0f       	add	r21, r21
    2f74:	aa 0b       	sbc	r26, r26
    2f76:	e0 e8       	ldi	r30, 0x80	; 128
    2f78:	fe ef       	ldi	r31, 0xFE	; 254
    2f7a:	16 16       	cp	r1, r22
    2f7c:	17 06       	cpc	r1, r23
    2f7e:	e8 07       	cpc	r30, r24
    2f80:	f9 07       	cpc	r31, r25
    2f82:	c0 f0       	brcs	.+48     	; 0x2fb4 <.L9^B1>
    2f84:	12 16       	cp	r1, r18
    2f86:	13 06       	cpc	r1, r19
    2f88:	e4 07       	cpc	r30, r20
    2f8a:	f5 07       	cpc	r31, r21
    2f8c:	98 f0       	brcs	.+38     	; 0x2fb4 <.L9^B1>
    2f8e:	62 1b       	sub	r22, r18
    2f90:	73 0b       	sbc	r23, r19
    2f92:	84 0b       	sbc	r24, r20
    2f94:	95 0b       	sbc	r25, r21
    2f96:	39 f4       	brne	.+14     	; 0x2fa6 <.L1^B1>
    2f98:	0a 26       	eor	r0, r26
    2f9a:	61 f0       	breq	.+24     	; 0x2fb4 <.L9^B1>
    2f9c:	23 2b       	or	r18, r19
    2f9e:	24 2b       	or	r18, r20
    2fa0:	25 2b       	or	r18, r21
    2fa2:	21 f4       	brne	.+8      	; 0x2fac <.L2^B1>
    2fa4:	08 95       	ret

00002fa6 <.L1^B1>:
    2fa6:	0a 26       	eor	r0, r26
    2fa8:	09 f4       	brne	.+2      	; 0x2fac <.L2^B1>
    2faa:	a1 40       	sbci	r26, 0x01	; 1

00002fac <.L2^B1>:
    2fac:	a6 95       	lsr	r26
    2fae:	8f ef       	ldi	r24, 0xFF	; 255
    2fb0:	81 1d       	adc	r24, r1
    2fb2:	81 1d       	adc	r24, r1

00002fb4 <.L9^B1>:
    2fb4:	08 95       	ret

00002fb6 <__fp_inf>:
    2fb6:	97 f9       	bld	r25, 7
    2fb8:	9f 67       	ori	r25, 0x7F	; 127
    2fba:	80 e8       	ldi	r24, 0x80	; 128
    2fbc:	70 e0       	ldi	r23, 0x00	; 0
    2fbe:	60 e0       	ldi	r22, 0x00	; 0
    2fc0:	08 95       	ret

00002fc2 <__fp_nan>:
    2fc2:	9f ef       	ldi	r25, 0xFF	; 255
    2fc4:	80 ec       	ldi	r24, 0xC0	; 192
    2fc6:	08 95       	ret

00002fc8 <__fp_pscA>:
    2fc8:	00 24       	eor	r0, r0
    2fca:	0a 94       	dec	r0
    2fcc:	16 16       	cp	r1, r22
    2fce:	17 06       	cpc	r1, r23
    2fd0:	18 06       	cpc	r1, r24
    2fd2:	09 06       	cpc	r0, r25
    2fd4:	08 95       	ret

00002fd6 <__fp_pscB>:
    2fd6:	00 24       	eor	r0, r0
    2fd8:	0a 94       	dec	r0
    2fda:	12 16       	cp	r1, r18
    2fdc:	13 06       	cpc	r1, r19
    2fde:	14 06       	cpc	r1, r20
    2fe0:	05 06       	cpc	r0, r21
    2fe2:	08 95       	ret

00002fe4 <__fp_round>:
    2fe4:	09 2e       	mov	r0, r25
    2fe6:	03 94       	inc	r0
    2fe8:	00 0c       	add	r0, r0
    2fea:	11 f4       	brne	.+4      	; 0x2ff0 <.L1^B1>
    2fec:	88 23       	and	r24, r24
    2fee:	52 f0       	brmi	.+20     	; 0x3004 <.L3^B1>

00002ff0 <.L1^B1>:
    2ff0:	bb 0f       	add	r27, r27
    2ff2:	40 f4       	brcc	.+16     	; 0x3004 <.L3^B1>
    2ff4:	bf 2b       	or	r27, r31
    2ff6:	11 f4       	brne	.+4      	; 0x2ffc <.L2^B1>
    2ff8:	60 ff       	sbrs	r22, 0
    2ffa:	04 c0       	rjmp	.+8      	; 0x3004 <.L3^B1>

00002ffc <.L2^B1>:
    2ffc:	6f 5f       	subi	r22, 0xFF	; 255
    2ffe:	7f 4f       	sbci	r23, 0xFF	; 255
    3000:	8f 4f       	sbci	r24, 0xFF	; 255
    3002:	9f 4f       	sbci	r25, 0xFF	; 255

00003004 <.L3^B1>:
    3004:	08 95       	ret

00003006 <__fp_split3>:
    3006:	57 fd       	sbrc	r21, 7
    3008:	90 58       	subi	r25, 0x80	; 128
    300a:	44 0f       	add	r20, r20
    300c:	55 1f       	adc	r21, r21
    300e:	59 f0       	breq	.+22     	; 0x3026 <.L4^B1>
    3010:	5f 3f       	cpi	r21, 0xFF	; 255
    3012:	71 f0       	breq	.+28     	; 0x3030 <.L5^B1>

00003014 <.L1^B1>:
    3014:	47 95       	ror	r20

00003016 <__fp_splitA>:
    3016:	88 0f       	add	r24, r24
    3018:	97 fb       	bst	r25, 7
    301a:	99 1f       	adc	r25, r25
    301c:	61 f0       	breq	.+24     	; 0x3036 <.L6^B1>
    301e:	9f 3f       	cpi	r25, 0xFF	; 255
    3020:	79 f0       	breq	.+30     	; 0x3040 <.L7^B1>

00003022 <.L3^B1>:
    3022:	87 95       	ror	r24
    3024:	08 95       	ret

00003026 <.L4^B1>:
    3026:	12 16       	cp	r1, r18
    3028:	13 06       	cpc	r1, r19
    302a:	14 06       	cpc	r1, r20
    302c:	55 1f       	adc	r21, r21
    302e:	f2 cf       	rjmp	.-28     	; 0x3014 <.L1^B1>

00003030 <.L5^B1>:
    3030:	46 95       	lsr	r20
    3032:	f1 df       	rcall	.-30     	; 0x3016 <__fp_splitA>
    3034:	08 c0       	rjmp	.+16     	; 0x3046 <.L8^B1>

00003036 <.L6^B1>:
    3036:	16 16       	cp	r1, r22
    3038:	17 06       	cpc	r1, r23
    303a:	18 06       	cpc	r1, r24
    303c:	99 1f       	adc	r25, r25
    303e:	f1 cf       	rjmp	.-30     	; 0x3022 <.L3^B1>

00003040 <.L7^B1>:
    3040:	86 95       	lsr	r24
    3042:	71 05       	cpc	r23, r1
    3044:	61 05       	cpc	r22, r1

00003046 <.L8^B1>:
    3046:	08 94       	sec
    3048:	08 95       	ret

0000304a <__fp_zero>:
    304a:	e8 94       	clt

0000304c <__fp_szero>:
    304c:	bb 27       	eor	r27, r27
    304e:	66 27       	eor	r22, r22
    3050:	77 27       	eor	r23, r23
    3052:	cb 01       	movw	r24, r22
    3054:	97 f9       	bld	r25, 7
    3056:	08 95       	ret

00003058 <__gesf2>:
    3058:	0e 94 b7 17 	call	0x2f6e	; 0x2f6e <__fp_cmp>
    305c:	08 f4       	brcc	.+2      	; 0x3060 <.L1^B1>
    305e:	8f ef       	ldi	r24, 0xFF	; 255

00003060 <.L1^B1>:
    3060:	08 95       	ret

00003062 <__mulsf3>:
    3062:	0e 94 44 18 	call	0x3088	; 0x3088 <__mulsf3x>
    3066:	0c 94 f2 17 	jmp	0x2fe4	; 0x2fe4 <__fp_round>

0000306a <.L^B1>:
    306a:	0e 94 e4 17 	call	0x2fc8	; 0x2fc8 <__fp_pscA>
    306e:	38 f0       	brcs	.+14     	; 0x307e <.L1^B1>
    3070:	0e 94 eb 17 	call	0x2fd6	; 0x2fd6 <__fp_pscB>
    3074:	20 f0       	brcs	.+8      	; 0x307e <.L1^B1>
    3076:	95 23       	and	r25, r21
    3078:	11 f0       	breq	.+4      	; 0x307e <.L1^B1>
    307a:	0c 94 db 17 	jmp	0x2fb6	; 0x2fb6 <__fp_inf>

0000307e <.L1^B1>:
    307e:	0c 94 e1 17 	jmp	0x2fc2	; 0x2fc2 <__fp_nan>

00003082 <.L2^B1>:
    3082:	11 24       	eor	r1, r1
    3084:	0c 94 26 18 	jmp	0x304c	; 0x304c <__fp_szero>

00003088 <__mulsf3x>:
    3088:	0e 94 03 18 	call	0x3006	; 0x3006 <__fp_split3>
    308c:	70 f3       	brcs	.-36     	; 0x306a <.L^B1>

0000308e <__mulsf3_pse>:
    308e:	95 9f       	mul	r25, r21
    3090:	c1 f3       	breq	.-16     	; 0x3082 <.L2^B1>
    3092:	95 0f       	add	r25, r21
    3094:	50 e0       	ldi	r21, 0x00	; 0
    3096:	55 1f       	adc	r21, r21
    3098:	62 9f       	mul	r22, r18
    309a:	f0 01       	movw	r30, r0
    309c:	72 9f       	mul	r23, r18
    309e:	bb 27       	eor	r27, r27
    30a0:	f0 0d       	add	r31, r0
    30a2:	b1 1d       	adc	r27, r1
    30a4:	63 9f       	mul	r22, r19
    30a6:	aa 27       	eor	r26, r26
    30a8:	f0 0d       	add	r31, r0
    30aa:	b1 1d       	adc	r27, r1
    30ac:	aa 1f       	adc	r26, r26
    30ae:	64 9f       	mul	r22, r20
    30b0:	66 27       	eor	r22, r22
    30b2:	b0 0d       	add	r27, r0
    30b4:	a1 1d       	adc	r26, r1
    30b6:	66 1f       	adc	r22, r22
    30b8:	82 9f       	mul	r24, r18
    30ba:	22 27       	eor	r18, r18
    30bc:	b0 0d       	add	r27, r0
    30be:	a1 1d       	adc	r26, r1
    30c0:	62 1f       	adc	r22, r18
    30c2:	73 9f       	mul	r23, r19
    30c4:	b0 0d       	add	r27, r0
    30c6:	a1 1d       	adc	r26, r1
    30c8:	62 1f       	adc	r22, r18
    30ca:	83 9f       	mul	r24, r19
    30cc:	a0 0d       	add	r26, r0
    30ce:	61 1d       	adc	r22, r1
    30d0:	22 1f       	adc	r18, r18
    30d2:	74 9f       	mul	r23, r20
    30d4:	33 27       	eor	r19, r19
    30d6:	a0 0d       	add	r26, r0
    30d8:	61 1d       	adc	r22, r1
    30da:	23 1f       	adc	r18, r19
    30dc:	84 9f       	mul	r24, r20
    30de:	60 0d       	add	r22, r0
    30e0:	21 1d       	adc	r18, r1
    30e2:	82 2f       	mov	r24, r18
    30e4:	76 2f       	mov	r23, r22
    30e6:	6a 2f       	mov	r22, r26
    30e8:	11 24       	eor	r1, r1
    30ea:	9f 57       	subi	r25, 0x7F	; 127
    30ec:	50 40       	sbci	r21, 0x00	; 0
    30ee:	9a f0       	brmi	.+38     	; 0x3116 <.L13^B1>
    30f0:	f1 f0       	breq	.+60     	; 0x312e <.L15^B1>

000030f2 <.L10^B1>:
    30f2:	88 23       	and	r24, r24
    30f4:	4a f0       	brmi	.+18     	; 0x3108 <.L11^B1>
    30f6:	ee 0f       	add	r30, r30
    30f8:	ff 1f       	adc	r31, r31
    30fa:	bb 1f       	adc	r27, r27
    30fc:	66 1f       	adc	r22, r22
    30fe:	77 1f       	adc	r23, r23
    3100:	88 1f       	adc	r24, r24
    3102:	91 50       	subi	r25, 0x01	; 1
    3104:	50 40       	sbci	r21, 0x00	; 0
    3106:	a9 f7       	brne	.-22     	; 0x30f2 <.L10^B1>

00003108 <.L11^B1>:
    3108:	9e 3f       	cpi	r25, 0xFE	; 254
    310a:	51 05       	cpc	r21, r1
    310c:	80 f0       	brcs	.+32     	; 0x312e <.L15^B1>
    310e:	0c 94 db 17 	jmp	0x2fb6	; 0x2fb6 <__fp_inf>

00003112 <.L12^B1>:
    3112:	0c 94 26 18 	jmp	0x304c	; 0x304c <__fp_szero>

00003116 <.L13^B1>:
    3116:	5f 3f       	cpi	r21, 0xFF	; 255
    3118:	e4 f3       	brlt	.-8      	; 0x3112 <.L12^B1>
    311a:	98 3e       	cpi	r25, 0xE8	; 232
    311c:	d4 f3       	brlt	.-12     	; 0x3112 <.L12^B1>

0000311e <.L14^B1>:
    311e:	86 95       	lsr	r24
    3120:	77 95       	ror	r23
    3122:	67 95       	ror	r22
    3124:	b7 95       	ror	r27
    3126:	f7 95       	ror	r31
    3128:	e7 95       	ror	r30
    312a:	9f 5f       	subi	r25, 0xFF	; 255
    312c:	c1 f7       	brne	.-16     	; 0x311e <.L14^B1>

0000312e <.L15^B1>:
    312e:	fe 2b       	or	r31, r30
    3130:	88 0f       	add	r24, r24
    3132:	91 1d       	adc	r25, r1
    3134:	96 95       	lsr	r25
    3136:	87 95       	ror	r24
    3138:	97 f9       	bld	r25, 7
    313a:	08 95       	ret

0000313c <_exit>:
    313c:	f8 94       	cli

0000313e <__stop_program>:
    313e:	ff cf       	rjmp	.-2      	; 0x313e <__stop_program>

00003140 <L0^A>:
    3140:	c7 07       	cpc	r28, r23
    3142:	e2 07       	cpc	r30, r18
    3144:	91 06       	cpc	r9, r17
    3146:	3c 08       	sbc	r3, r12
    3148:	e6 08       	sbc	r14, r6
    314a:	9a 06       	cpc	r9, r26
    314c:	4f 0a       	sbc	r4, r31
